codigo,piezas_por_caja,usado_en_portal
CO-ARR149-12192,12,SI
CO-ARR149-12193,12,SI
CO-ARR149-12466,24,SI
CO-ARR149-12467,20,SI
CO-ARR149-12469,24,SI
CO-ARR149-12470,24,SI
CO-ARR149-13092,24,SI
CO-ARR149-13387,24,SI
CO-ARR149-13388,24,SI
CO-ARR149-4126,20,NO
CO-ARR149-6201,24,SI
CO-ARR149-6202,24,SI
CO-ARR149-6203,12,SI
CO-ARR149-8558,12,SI
CO-ARR149-8559,16,NO
CO-ARR149-9343,24,NO
CO-ARR149-9579,24,NO
CO-ARR149-9580,24,NO
CO-CAR200-12622,72,SI
CO-CAR200-13339,6,SI
CO-CAR200-13340,6,SI
CO-CAR201-6301,72,SI
CO-CAR202-5325,10,NO
CO-CAR202-5326,20,NO
CO-CAR202-5327,6,NO
CO-CAR202-5328,6,NO
CO-CAR202-5331,18,NO
CO-CAR202-6304,60,NO
CO-DGB300-0059,10,SI
CO-DGB300-0837,100,NO
CO-DGB303-11488,16,NO
CO-DGB308-13168,15,NO
CO-DGB308-13169,15,SI
CO-DGB308-13170,15,SI
CO-DGB308-7181,8,NO
CO-DGB308-7231,16,NO
CO-DGB309-0178,100,NO
CO-DGB309-0266,100,NO
CO-DGB309-0539,30,NO
CO-DGB309-0540,30,NO
CO-DGB309-0544,30,NO
CO-DGB309-0926,12,NO
CO-DGB309-0927,8,NO
CO-DGB309-0928,12,NO
CO-DGB309-0929,8,NO
CO-DGB309-0930,12,NO
CO-DGB309-11092,6,NO
CO-DGB309-11162,100,NO
CO-DGB309-11485,16,NO
CO-DGB309-11487,16,NO
CO-DGB309-12589,16,NO
CO-DGB309-12680,18,SI
CO-DGB309-12748,18,SI
CO-DGB309-12749,18,NO
CO-DGB309-12750,18,SI
CO-DGB309-12751,12,NO
CO-DGB309-12752,12,NO
CO-DGB309-12753,12,NO
CO-DGB309-12754,20,SI
CO-DGB309-13492,4,SI
CO-DGB309-13834,7,SI
CO-DGB309-13835,7,SI
CO-DGB309-13836,7,SI
CO-DGB309-13837,7,SI
CO-DGB309-13838,7,SI
CO-DGB309-13839,7,SI
CO-DGB309-13840,7,SI
CO-DGB309-14147,96,SI
CO-DGB309-14148,96,SI
CO-DGB309-14149,96,SI
CO-DGB309-14150,96,SI
CO-DGB309-14151,96,SI
CO-DGB309-14392,100,NO
CO-DGB309-14635,24,NO
CO-DGB309-1503,12,NO
CO-DGB309-2131,120,SI
CO-DGB309-2132,120,SI
CO-DGB309-2133,120,SI
CO-DGB309-2153,16,SI
CO-DGB309-2157,120,SI
CO-DGB309-2159,120,SI
CO-DGB309-2160,120,SI
CO-DGB309-2161,120,SI
CO-DGB309-2817,80,NO
CO-DGB309-2936,12,NO
CO-DGB309-2937,30,NO
CO-DGB309-2938,30,NO
CO-DGB309-6204,24,SI
CO-DGB309-6205,24,SI
CO-DGB309-6652,6,NO
CO-DGB309-6654,6,NO
CO-DGB309-6657,4,NO
CO-DGB309-6658,4,NO
CO-DGB309-6813,60,SI
CO-DGB309-6896,60,SI
CO-DGB309-7623,24,SI
CO-DGB309-9030,6,NO
CO-DGB309-9039,8,SI
CO-DGB309-9236,6,NO
CO-DGB309-9237,6,NO
CO-DGB309-9240,6,NO
CO-DGB309-9309,9,NO
CO-DGB309-9310,9,NO
CO-DGB309-9532,12,NO
CO-DGB309-9533,12,NO
CO-DGB309-9534,12,NO
CO-DGB309-9817,6,NO
CO-DGB309-9818,6,NO
CO-DGB309-9819,6,NO
CO-DGB309-9820,6,NO
CO-DGB309-9821,6,NO
CO-DGB309-9822,4,NO
CO-DGB309-9823,6,NO
CO-DGB309-9828,12,NO
CO-DGB309-9855,6,NO
CO-DGB309-9868,4,NO
CO-FVL351-14146,20,SI
CO-FVL351-1565,20,NO
CO-FVL354-11462,12,SI
CO-FVL354-14394,12,NO
CO-FVL354-3030,12,SI
CO-FVL354-4025,12,SI
CO-FVL354-5562,36,SI
CO-FVL354-7190,12,NO
CO-FVL354-7191,12,SI
CO-FVL354-7627,12,SI
CO-FVL354-8388,12,SI
CO-FVL354-9232,30,NO
CO-FVL355-12878,12,SI
CO-FVL355-12879,12,NO
CO-FVL355-12880,12,NO
CO-FVL356-0522,24,SI
CO-FVL356-0674,20,NO
CO-FVL356-0687,20,NO
CO-FVL356-10011,40,SI
CO-FVL356-10129,80,SI
CO-FVL356-10899,60,SI
CO-FVL356-11358,50,SI
CO-FVL356-11711,20,SI
CO-FVL356-11712,50,SI
CO-FVL356-11718,40,SI
CO-FVL356-11719,32,SI
CO-FVL356-11720,32,SI
CO-FVL356-12587,24,NO
CO-FVL356-12588,24,NO
CO-FVL356-12590,24,NO
CO-FVL356-12591,24,NO
CO-FVL356-12887,24,SI
CO-FVL356-12992,60,SI
CO-FVL356-13555,12,SI
CO-FVL356-13556,12,SI
CO-FVL356-14349,20,NO
CO-FVL356-14350,20,NO
CO-FVL356-14351,20,NO
CO-FVL356-14352,20,NO
CO-FVL356-1512,20,SI
CO-FVL356-2155,20,SI
CO-FVL356-2173,24,NO
CO-FVL356-2826,20,SI
CO-FVL356-3720,24,NO
CO-FVL356-3723,20,NO
CO-FVL356-3724,20,NO
CO-FVL356-4122,10,NO
CO-FVL356-4125,28,NO
CO-FVL356-5152,20,SI
CO-FVL356-5153,20,SI
CO-FVL356-5154,20,SI
CO-FVL356-5157,20,SI
CO-FVL356-5265,20,SI
CO-FVL356-5560,50,SI
CO-FVL356-5561,20,SI
CO-FVL356-5563,50,NO
CO-FVL356-5952,24,NO
CO-FVL356-6031,25,SI
CO-FVL356-6680,80,NO
CO-FVL356-6682,20,SI
CO-FVL356-6684,12,SI
CO-FVL356-7103,40,SI
CO-FVL356-7104,50,NO
CO-FVL356-7105,20,SI
CO-FVL356-7106,20,SI
CO-FVL356-7225,24,SI
CO-FVL356-7628,20,SI
CO-FVL356-8064,24,NO
CO-FVL356-8126,48,NO
CO-FVL356-8127,40,NO
CO-FVL356-8128,20,NO
CO-FVL356-8665,25,SI
CO-FVL356-9581,20,SI
CO-FVL356-9951,20,NO
CO-FVL357-10365,40,SI
CO-FVL357-10366,40,SI
CO-FVL357-10367,40,SI
CO-FVL357-10368,60,SI
CO-FVL357-5141,20,SI
CO-FVL360-12886,24,SI
CO-FVL399-10010,6,NO
CO-FVL399-10133,12,NO
CO-FVL399-10679,10,SI
CO-FVL399-11269,12,NO
CO-FVL399-11282,24,SI
CO-FVL399-11283,24,SI
CO-FVL399-11721,40,SI
CO-FVL399-12690,4,NO
CO-FVL399-12691,8,NO
CO-FVL399-12692,10,NO
CO-FVL399-12693,20,NO
CO-FVL399-13386,12,NO
CO-FVL399-13551,24,SI
CO-FVL399-13552,24,SI
CO-FVL399-13868,12,NO
CO-FVL399-14393,10,NO
CO-FVL399-2818,12,NO
CO-FVL399-2819,12,NO
CO-FVL399-3721,24,SI
CO-FVL399-3722,24,SI
CO-FVL399-5312,48,NO
CO-FVL399-6921,4,NO
CO-FVL399-6929,6,NO
CO-FVL399-6930,12,NO
CO-FVL399-6932,12,SI
CO-FVL399-6934,12,SI
CO-FVL399-7099,12,NO
CO-FVL399-7107,20,NO
CO-FVL399-7108,12,NO
CO-FVL399-7109,20,NO
CO-FVL399-7554,10,NO
CO-FVL399-7629,6,NO
CO-FVL399-7630,6,NO
CO-FVL399-8114,6,NO
CO-FVL399-8115,12,NO
CO-FVL399-8315,10,SI
CO-FVL399-8387,6,NO
CO-FVL399-8669,6,NO
CO-FVL399-9692,6,NO
CO-FVL399-9798,6,NO
CO-FVL399-9816,12,NO
CO-HYE449-11710,32,NO
CO-HYE449-12214,24,SI
CO-HYE449-12215,24,SI
CO-HYE449-2855,10,NO
CO-HYE449-4124,10,SI
CO-HYE449-7718,10,SI
CO-HYE449-7719,8,SI
CO-HYE449-8129,24,NO
CO-HYE449-8130,24,NO
CO-HYE449-8561,24,NO
CO-PAN307-12882,24,SI
CO-PAN307-12883,24,SI
CO-PAN307-12884,24,SI
CO-PAN307-12885,24,SI
CO-PAN307-14017,18,SI
CO-PAN308-14041,12,SI
CO-PAN308-14042,15,SI
CO-PAN308-14043,20,SI
CO-PDM450-0176,4,SI
CO-PDM450-10128,48,NO
CO-PDM450-10620,8,SI
CO-PDM450-12217,48,SI
CO-PDM450-12218,48,SI
CO-PDM450-12219,60,SI
CO-PDM450-12443,24,SI
CO-PDM450-12444,24,SI
CO-PDM450-12461,8,NO
CO-PDM450-12804,48,SI
CO-PDM450-12805,48,SI
CO-PDM450-12806,48,SI
CO-PDM450-14014,48,SI
CO-PDM450-14015,48,SI
CO-PDM450-14016,48,SI
CO-PDM450-14092,48,SI
CO-PDM450-14093,48,SI
CO-PDM450-14094,48,SI
CO-PDM450-2422,32,NO
CO-PDM450-7101,48,SI
CO-PDM450-8628,12,NO
CO-PDM450-9130,48,SI
CO-PDM450-9773,4,SI
CO-PDM452-10967,20,NO
CO-PDM452-1278,20,SI
CO-PDM452-13639,20,SI
CO-PDM452-13738,20,NO
CO-PDM452-1516,20,NO
CO-PDM452-1517,20,SI
CO-PDM452-1518,20,SI
CO-PDM452-7721,20,SI
CO-PDM452-7974,20,NO
CO-PDM452-9155,12,SI
CO-PDM452-9671,20,NO
CO-PDM453-0949,4,SI
CO-PDM453-10042,10,SI
CO-PDM453-1029,48,NO
CO-PDM453-12453,6,NO
CO-PDM453-12454,10,SI
CO-PDM453-12456,12,NO
CO-PDM453-12459,8,SI
CO-PDM453-12460,8,SI
CO-PDM453-12462,8,SI
CO-PDM453-13027,12,SI
CO-PDM453-13726,10,SI
CO-PDM453-5320,20,NO
CO-PDM453-6235,40,NO
CO-PDM453-6236,48,NO
CO-PDM453-6238,48,NO
CO-PDM453-6239,100,NO
CO-PDM453-6240,100,NO
CO-PDM453-6243,24,NO
CO-PDM453-6384,6,NO
CO-PDM453-6385,4,NO
CO-PDM453-6386,8,NO
CO-PDM453-6387,10,NO
CO-PDM453-6820,24,NO
CO-PDM453-6821,24,NO
CO-PDM453-6822,48,NO
CO-PDM453-6823,100,NO
CO-PDM453-6824,40,NO
CO-PDM453-7048,48,NO
CO-PDM453-7049,48,NO
CO-PDM453-7050,48,NO
CO-PDM453-7051,80,NO
CO-PDM453-7095,60,NO
CO-PDM453-7171,48,NO
CO-PDM453-7172,48,NO
CO-PDM453-7173,48,NO
CO-PDM453-7174,48,NO
CO-PDM453-7175,48,NO
CO-PDM453-7176,48,NO
CO-PDM453-7695,48,NO
CO-PDM453-7696,50,NO
CO-PDM453-7697,50,NO
CO-PDM453-7698,48,NO
CO-PDM453-7699,120,NO
CO-PDM453-7702,100,NO
CO-PDM453-7703,100,NO
CO-PDM453-7704,96,NO
CO-PDM453-7705,96,NO
CO-PDM453-7810,20,NO
CO-PDM453-8076,36,NO
CO-PDM453-8077,24,NO
CO-PDM453-9274,50,NO
CO-PDM454-0612,12,NO
CO-PDM454-10684,4,SI
CO-PDM454-11486,12,NO
CO-PDM454-11590,12,SI
CO-PDM454-11612,24,SI
CO-PDM454-11613,24,SI
CO-PDM454-11614,6,NO
CO-PDM454-11615,5,NO
CO-PDM454-11616,64,NO
CO-PDM454-11617,64,NO
CO-PDM454-11661,30,SI
CO-PDM454-11662,30,SI
CO-PDM454-11663,30,SI
CO-PDM454-1521,24,NO
CO-PDM454-2339,12,SI
CO-PDM454-2340,12,SI
CO-PDM454-2341,12,SI
CO-PDM454-2853,50,NO
CO-PDM454-3597,8,NO
CO-PDM454-3985,12,SI
CO-PDM454-4042,8,NO
CO-PDM454-4899,4,NO
CO-PDM454-5224,12,NO
CO-PDM454-5742,24,NO
CO-PDM454-6248,32,NO
CO-PDM454-6376,24,NO
CO-PDM454-7808,20,NO
CO-PDM454-7809,200,NO
CO-PDM454-9727,24,NO
CO-PDM454-9728,8,SI
CO-PDM454-9745,4,NO
CO-PDM454-9772,8,NO
CO-PDM454-9902,12,SI
CO-PDM454-9903,12,SI
CO-PDM454-9922,10,NO
CO-PDM454-9939,12,SI
CO-PDM454-9940,12,SI
CO-PDM454-9941,12,NO
CO-PDM454-9942,12,SI
CO-PDM454-9943,12,SI
CO-PDM454-9953,12,NO
CO-PDM454-9954,12,SI
CO-PDM454-9955,12,NO
CO-PDM456-10321,20,NO
CO-PDM456-11156,30,NO
CO-PDM456-11157,24,NO
CO-PDM456-12455,13,SI
CO-PDM456-13869,40,SI
CO-PDM456-1388,80,SI
CO-PDM456-14095,40,SI
CO-PDM456-6233,120,NO
CO-PDM456-6234,120,NO
CO-PDM456-6241,100,NO
CO-PDM456-6242,12,NO
CO-PDM456-6245,48,NO
CO-PDM456-6246,60,NO
CO-PDM456-6250,48,NO
CO-PDM456-6825,36,NO
CO-PDM456-6826,72,NO
CO-PDM456-6827,72,NO
CO-PDM456-7047,36,NO
CO-PDM456-7053,12,NO
CO-PDM456-7071,15,NO
CO-PDM456-7087,100,NO
CO-PDM456-7088,12,NO
CO-PDM456-7089,48,NO
CO-PDM456-7090,48,NO
CO-PDM456-7091,48,NO
CO-PDM456-7092,48,NO
CO-PDM456-7094,75,NO
CO-PDM456-7182,12,NO
CO-PDM456-7700,30,NO
CO-PDM456-7706,96,NO
CO-PDM456-7707,60,NO
CO-PDM456-7805,10,NO
CO-PDM456-8065,24,NO
CO-PDM456-8078,125,NO
CO-PDM457-2852,20,NO
CO-PDM457-2861,30,NO
CO-PDM457-6247,100,NO
CO-PDM457-6249,120,NO
CO-PDM457-7806,80,NO
CO-PDM457-7807,80,NO
CO-PDM458-10299,40,NO
CO-PDM458-10300,40,NO
CO-PDM458-10931,10,SI
CO-PDM458-11118,12,NO
CO-PDM458-13870,40,SI
CO-PDM458-13871,40,SI
CO-PDM458-14636,12,NO
CO-PDM458-14637,12,NO
CO-PDM458-7166,60,NO
CO-PDM458-7168,60,NO
CO-PDM458-7169,20,NO
CO-PDM458-7170,20,NO
CO-PDM458-7244,20,NO
CO-PDM458-8066,40,NO
CO-PDM458-8067,40,NO
CO-PDM458-8068,40,NO
CO-PDM458-8069,40,NO
CO-PDM458-8070,40,NO
CO-PDM458-8071,40,NO
CO-PDM458-8072,40,NO
CO-PDM458-8073,40,NO
CO-PDM458-8074,40,NO
CO-PDM458-8075,40,NO
CO-PDM458-9766,12,SI
CO-PDM458-9767,12,SI
CO-PDM458-9804,12,SI
CO-PDM460-14315,2,NO
CO-PDM460-14316,10,NO
CO-PDM499-0655,30,SI
CO-PDM499-0656,60,SI
CO-PDM499-0669,30,SI
CO-PDM499-0671,30,SI
CO-PDM499-0675,30,SI
CO-PDM499-0768,48,SI
CO-PDM499-0769,60,SI
CO-PDM499-0770,60,SI
CO-PDM499-0772,50,NO
CO-PDM499-0774,16,SI
CO-PDM499-0776,50,SI
CO-PDM499-10462,24,NO
CO-PDM499-10736,25,SI
CO-PDM499-11153,120,NO
CO-PDM499-11154,16,NO
CO-PDM499-11271,36,NO
CO-PDM499-11272,36,NO
CO-PDM499-11391,16,NO
CO-PDM499-12458,14,SI
CO-PDM499-12586,10,SI
CO-PDM499-13025,8,SI
CO-PDM499-13641,10,SI
CO-PDM499-13642,14,SI
CO-PDM499-14286,10,NO
CO-PDM499-4152,20,NO
CO-PDM499-5315,10,NO
CO-PDM499-5316,4,NO
CO-PDM499-5317,10,NO
CO-PDM499-5318,4,NO
CO-PDM499-5319,8,NO
CO-PDM499-5321,12,NO
CO-PDM499-5323,24,NO
CO-PDM499-6120,50,SI
CO-PDM499-6861,10,NO
CO-PDM499-6862,8,NO
CO-PDM499-6863,8,NO
CO-PDM499-7070,18,NO
CO-PDM499-7072,15,NO
CO-PDM499-7177,36,NO
CO-PDM499-7178,36,NO
CO-PDM499-7179,48,NO
CO-PDM499-7180,36,NO
CO-PDM499-7701,48,NO
CO-SFP600-8376,8,SI
CO-SFP600-9797,6,NO
CO-SFP601-9805,5,NO
CO-SFP602-12571,10,SI
CO-SFP602-12572,10,SI
CO-SFP602-12573,10,SI
CO-SFP602-13513,10,SI
CO-SFP602-9035,8,SI
CO-SFP603-10059,8,NO
CO-SFP603-10316,8,NO
CO-SFP603-10453,8,NO
CO-SFP603-1094,8,NO
CO-SFP603-11223,6,NO
CO-SFP603-11489,8,SI
CO-SFP603-13476,48,SI
CO-SFP603-1534,8,SI
CO-SFP603-4127,8,SI
CO-SFP603-8117,8,SI
CO-SFP605-8377,8,SI
CO-SFP605-8378,8,SI
CO-SFP605-8379,8,SI
CO-SFP606-1141,12,NO
CO-SFP606-1143,12,SI
CO-SFP606-1144,12,SI
CO-SFP606-1145,12,NO
CO-SFP606-1146,12,NO
CO-SFP606-1147,12,SI
CO-SFP606-11784,24,SI
CO-SFP606-11785,24,NO
CO-SFP606-11786,24,SI
CO-SFP606-11787,24,SI
CO-SFP606-11788,24,NO
CO-SFP606-12465,24,SI
CO-SFP606-13091,28,SI
CO-SFP606-13124,6,SI
CO-SFP606-13125,6,SI
CO-SFP606-13126,6,SI
CO-SFP606-13127,8,SI
CO-SFP606-6017,12,NO
CO-SFP606-6018,12,NO
CO-SFP606-6019,12,NO
CO-SFP606-6020,12,SI
CO-SFP606-7121,8,SI
CO-SFP606-9789,12,SI
CO-SFP606-9790,12,SI
CO-SFP606-9827,12,SI
CO-SFP649-12875,12,NO
CO-SFP649-12877,12,NO
CO-SFP649-13461,12,SI
CO-SFP649-13882,12,SI
CO-SFP649-5780,12,SI
CO-SFP649-6116,20,SI
CO-SYE550-6450,60,SI
CO-SYE558-12575,2,SI
CO-SYE558-6000,12,SI
CO-SYE558-8327,80,SI
CO-TQO748-10022,4,NO
CO-TQO748-13230,12,NO
CO-TQO748-13231,12,NO
CO-TQO748-2002,4,NO
CO-TQO748-6843,4,NO
CO-TQO748-6844,5,NO
CO-TQO748-7252,20,NO
CO-TQO748-7253,20,NO
CO-TQO748-7254,20,NO
CO-TQO749-0562,24,NO
CO-TQO749-10317,20,SI
CO-TQO749-11284,30,SI
CO-TQO749-12556,30,SI
CO-TQO749-13389,20,SI
CO-TQO749-4365,20,NO
CO-TQO749-4366,12,SI
CO-TQO749-4367,12,SI
CO-TQO749-4403,30,NO
CO-TQO749-7712,40,SI
CO-TYE356-12888,24,SI
CO-TYE751-0208,12,SI
CO-TYE751-12664,12,NO
CO-TYE751-1324,12,SI
CO-TYE752-0207,12,SI
CO-TYE752-12663,6,NO
CO-TYE752-1323,20,SI
CO-TYE752-2021,40,SI
CO-TYE753-0213,12,SI
CO-TYE753-12662,12,NO
CO-TYE753-1325,30,SI
CO-TYE755-0016,20,NO
CO-TYE755-0025,20,NO
CO-TYE755-0026,20,NO
CO-TYE755-10454,16,SI
CO-TYE755-10455,16,SI
CO-TYE755-10456,16,SI
CO-TYE755-10457,16,SI
CO-TYE755-10458,16,SI
CO-TYE755-11481,12,NO
CO-TYE755-11482,12,NO
CO-TYE755-11483,12,NO
CO-TYE755-11484,16,NO
CO-TYE755-11585,8,SI
CO-TYE755-11586,8,SI
CO-TYE755-11655,18,NO
CO-TYE755-11656,18,NO
CO-TYE755-11657,18,NO
CO-TYE755-11658,18,NO
CO-TYE755-11682,20,SI
CO-TYE755-11917,10,SI
CO-TYE755-11918,10,SI
CO-TYE755-12873,12,SI
CO-TYE755-12874,12,SI
CO-TYE755-12876,12,SI
CO-TYE755-12889,24,SI
CO-TYE755-12890,24,SI
CO-TYE755-13024,8,SI
CO-TYE755-13171,24,SI
CO-TYE755-13172,24,SI
CO-TYE755-13173,24,SI
CO-TYE755-13282,8,SI
CO-TYE755-13283,8,SI
CO-TYE755-13332,10,SI
CO-TYE755-13333,10,SI
CO-TYE755-13334,10,SI
CO-TYE755-13335,10,SI
CO-TYE755-1768,20,SI
CO-TYE755-3733,10,NO
CO-TYE755-3735,6,NO
CO-TYE755-5391,20,SI
CO-TYE755-9904,8,SI
CO-TYE755-9905,8,SI
CO-TYE799-12881,24,SI
CO-TYE799-13460,12,SI
CO-TYE799-1984,24,SI
OT-ACC005-10645,12,NO
OT-ACC005-10646,12,NO
OT-ACC005-10647,12,NO
OT-ACC005-10648,12,NO
OT-ACC005-10649,12,NO
OT-ACC005-10651,12,SI
OT-ACC005-10652,12,SI
OT-ACC005-10653,12,NO
OT-ACC005-10654,12,SI
OT-ACC005-10655,12,NO
OT-ACC005-10658,12,SI
OT-ACC005-10659,12,SI
OT-ACC005-10660,12,NO
OT-ACC005-10661,12,SI
OT-ACC005-10662,12,NO
OT-ACC005-10663,12,SI
OT-ACC005-10664,12,SI
OT-ACC005-10665,12,NO
OT-ACC005-10666,12,NO
OT-ACC005-10667,12,NO
OT-ACC005-10668,12,NO
OT-ACC005-10669,12,SI
OT-ACC005-10670,12,SI
OT-ACC005-10671,12,SI
OT-ACC005-10672,12,SI
OT-ACC005-10673,6,NO
OT-ACC005-10674,12,SI
OT-ACC005-10675,6,SI
OT-ACC005-10676,12,SI
OT-ACC005-10677,12,NO
OT-ACC005-10678,6,NO
OT-ACC005-10681,12,SI
OT-ACC005-10694,12,SI
OT-ACC005-10695,12,SI
OT-ACC005-10696,12,SI
OT-ACC005-10697,12,SI
OT-ACC005-10698,12,SI
OT-ACC005-10699,12,SI
OT-ACC005-10700,12,SI
OT-ACC005-10701,12,SI
OT-ACC005-10704,12,SI
OT-ACC005-10705,12,SI
OT-ACC005-10706,12,SI
OT-ACC005-10707,12,SI
OT-ACC005-10708,12,SI
OT-ACC005-10720,12,SI
OT-ACC005-10721,12,SI
OT-ACC005-10722,12,SI
OT-ACC005-10723,12,SI
OT-ACC005-10724,12,SI
OT-ACC005-10725,12,SI
OT-ACC005-10729,12,SI
OT-ACC005-10751,12,SI
OT-ACC005-10752,12,SI
OT-ACC005-10753,12,SI
OT-ACC005-10754,12,SI
OT-ACC005-10755,12,SI
OT-ACC005-10756,12,SI
OT-ACC005-10757,12,SI
OT-ACC005-10762,12,SI
OT-ACC005-10763,12,SI
OT-ACC005-10764,12,SI
OT-ACC005-10765,12,SI
OT-ACC005-10766,12,SI
OT-ACC005-10767,12,SI
OT-ACC005-10768,12,SI
OT-ACC005-10769,12,SI
OT-ACC005-10770,12,SI
OT-ACC005-10771,12,SI
OT-ACC005-10772,12,SI
OT-ACC005-10783,12,SI
OT-ACC005-10784,12,SI
OT-ACC005-10785,12,SI
OT-ACC005-10786,12,SI
OT-ACC005-10787,12,SI
OT-ACC005-10788,12,SI
OT-ACC005-10789,12,SI
OT-ACC005-10790,12,SI
OT-ACC005-10791,12,SI
OT-ACC005-10792,12,SI
OT-ACC005-10793,12,SI
OT-ACC005-10794,12,SI
OT-ACC005-10795,12,SI
OT-ACC005-10796,12,SI
OT-ACC005-10797,12,SI
OT-ACC005-10798,10,SI
OT-ACC005-10799,10,SI
OT-ACC005-10817,12,SI
OT-ACC005-10818,12,SI
OT-ACC005-10819,12,SI
OT-ACC005-10820,12,SI
OT-ACC005-10821,12,SI
OT-ACC005-10822,12,SI
OT-ACC005-10823,10,SI
OT-ACC005-10824,10,SI
OT-ACC005-10825,10,SI
OT-ACC005-10826,10,SI
OT-ACC005-10827,10,SI
OT-ACC005-10828,10,SI
OT-ACC005-10829,12,SI
OT-ACC005-10830,12,SI
OT-ACC005-10831,12,SI
OT-ACC005-10832,12,SI
OT-ACC005-10833,12,SI
OT-ACC005-10834,12,SI
OT-ACC005-10835,12,SI
OT-ACC005-10836,12,SI
OT-ACC005-10837,12,SI
OT-ACC005-10838,12,SI
OT-ACC005-10839,12,SI
OT-ACC005-10840,12,SI
OT-ACC005-10841,12,SI
OT-ACC005-10842,12,SI
OT-ACC005-10843,12,SI
OT-ACC005-10844,12,SI
OT-ACC005-10845,12,SI
OT-ACC005-10846,12,SI
OT-ACC005-10847,12,SI
OT-ACC005-10848,12,SI
OT-ACC005-10849,12,SI
OT-ACC005-10850,12,SI
OT-ACC005-10851,12,SI
OT-ACC005-10852,12,SI
OT-ACC005-10853,12,SI
OT-ACC005-10854,12,SI
OT-ACC005-10855,12,SI
OT-ACC005-10856,12,SI
OT-ACC005-10857,12,SI
OT-ACC005-10858,12,SI
OT-ACC005-10859,12,SI
OT-ACC005-10860,12,SI
OT-ACC005-10861,12,SI
OT-ACC005-10862,12,SI
OT-ACC005-10863,12,SI
OT-ACC005-10866,12,SI
OT-ACC005-10867,12,SI
OT-ACC005-10868,12,SI
OT-ACC005-10869,12,SI
OT-ACC005-10871,12,SI
OT-ACC005-10872,12,SI
OT-ACC005-10873,12,SI
OT-ACC005-10874,12,SI
OT-ACC005-10875,12,SI
OT-ACC005-10876,12,SI
OT-ACC005-10877,12,SI
OT-ACC005-10878,12,SI
OT-ACC005-10879,12,SI
OT-ACC005-10880,12,SI
OT-ACC005-10881,12,SI
OT-ACC005-10885,12,SI
OT-ACC005-10886,12,SI
OT-ACC005-10887,12,SI
OT-ACC005-10888,12,SI
OT-ACC005-10889,12,SI
OT-ACC005-11570,12,NO
OT-ACC049-10969,40,NO
OT-ACC049-10970,100,SI
OT-INS952-4424,1000,NO
OT-INS954-4423,1000,NO
OT-INS956-4428,1000,NO
OT-INS956-4429,1000,NO
OT-INS956-4430,1000,NO
OT-INS956-4434,1000,NO
OT-INS956-4436,1000,NO
OT-INS956-4458,1000,NO
OT-INS956-4510,1000,NO
OT-PDB970-12542,200,SI
OT-PDB970-12547,160,SI
OT-PDB970-12548,160,SI
OT-PDB970-13654,192,SI
OT-PDB970-13655,160,SI
OT-PDB970-13656,160,SI
OT-PDB970-13657,160,SI
OT-PDB970-13658,160,SI
OT-PDB971-12549,30,SI
OT-PDB973-12543,20,SI
OT-PDB973-12544,30,SI
OT-PDB973-12545,20,SI
OT-PDB973-12546,20,SI
OT-PDB973-12550,36,SI
OT-PDB973-12551,20,SI
OT-PDB973-13659,30,SI
OT-PDB973-13660,30,SI
OT-PDB973-13661,30,SI
OT-PDM975-13457,16,SI
OT-PDM975-13458,6,NO
OT-UTE100-6059,10,NO
OT-UTE100-8651,2,SI
OT-UTE800-14348,2,NO
OT-UTE802-14120,50,NO
OT-UTE802-14121,50,NO
OT-UTE802-14122,50,NO
OT-UTE802-14123,50,NO
OT-UTE802-14124,50,NO
OT-UTE802-14125,50,NO
OT-UTE802-14126,50,NO
OT-UTE802-14127,50,NO
OT-UTE802-14128,50,NO
OT-UTE802-14129,50,NO
OT-UTE802-14130,50,NO
OT-UTE802-14131,50,NO
OT-UTE802-14132,50,NO
OT-UTE802-14133,50,SI
OT-UTE802-14134,50,NO
OT-UTE802-14135,50,NO
OT-UTE802-14136,50,NO
OT-UTE802-14137,40,NO
OT-UTE802-14139,40,NO
OT-UTE804-0052,20,SI
OT-UTE804-10461,20,SI
OT-UTE804-10683,20,NO
OT-UTE804-10932,20,NO
OT-UTE804-11119,20,NO
OT-UTE804-11365,20,SI
OT-UTE804-12472,20,NO
OT-UTE804-13012,20,NO
OT-UTE804-13013,20,NO
OT-UTE804-13021,20,SI
OT-UTE804-13601,20,SI
OT-UTE804-13652,20,NO
OT-UTE804-13653,20,SI
OT-UTE804-14165,20,SI
OT-UTE804-14346,20,NO
OT-UTE804-14541,20,NO
OT-UTE804-14542,20,NO
OT-UTE804-14543,20,NO
OT-UTE804-14544,20,NO
OT-UTE804-14545,20,NO
OT-UTE804-14546,20,NO
OT-UTE804-1554,20,NO
OT-UTE804-1577,20,SI
OT-UTE804-1839,20,SI
OT-UTE804-2904,20,NO
OT-UTE804-4509,20,NO
OT-UTE804-7785,20,NO
OT-UTE804-9712,20,NO
OT-UTE804-9966,20,SI
OT-UTE804-9972,20,NO
OT-UTE805-10748,20,SI
OT-UTE805-13731,40,SI
OT-UTE805-1555,40,NO
OT-UTE805-1556,40,NO
OT-UTE805-1925,40,SI
OT-UTE805-4879,40,NO
OT-UTE805-8693,40,SI
OT-UTE805-9293,40,SI
OT-UTE807-0200,200,NO
OT-UTE807-14215,200,NO
OT-UTE807-14216,200,NO
OT-UTE807-14217,200,NO
OT-UTE807-14218,200,NO
OT-UTE807-1945,200,NO
OT-UTE807-1946,100,SI
OT-UTE807-3017,100,SI
OT-UTE807-5310,200,SI
OT-UTE807-5311,200,SI
OT-UTE807-9691,200,SI
OT-UTE807-9800,200,SI
OT-UTE898-5674,3,SI
OT-UTE899-0111,6,NO
OT-UTE899-0156,100,SI
OT-UTE899-0525,20,NO
OT-UTE899-0638,12,NO
OT-UTE899-0650,20,SI
OT-UTE899-0651,10,NO
OT-UTE899-0964,60,SI
OT-UTE899-10025,12,SI
OT-UTE899-10285,16,SI
OT-UTE899-10286,30,SI
OT-UTE899-10439,35,NO
OT-UTE899-1060,10,SI
OT-UTE899-1061,10,SI
OT-UTE899-10749,100,SI
OT-UTE899-10750,100,SI
OT-UTE899-11254,2,NO
OT-UTE899-11928,20,SI
OT-UTE899-11929,12,SI
OT-UTE899-11930,15,SI
OT-UTE899-11931,10,SI
OT-UTE899-11932,14,NO
OT-UTE899-12634,6,SI
OT-UTE899-12635,120,NO
OT-UTE899-12637,12,SI
OT-UTE899-12710,12,SI
OT-UTE899-12711,12,SI
OT-UTE899-12712,12,SI
OT-UTE899-1305,35,NO
OT-UTE899-1306,10,NO
OT-UTE899-13167,12,SI
OT-UTE899-13237,16,SI
OT-UTE899-13238,8,SI
OT-UTE899-13239,8,SI
OT-UTE899-13240,100,SI
OT-UTE899-1347,100,NO
OT-UTE899-13487,8,SI
OT-UTE899-1553,12,NO
OT-UTE899-1698,25,SI
OT-UTE899-1999,10,NO
OT-UTE899-2000,10,NO
OT-UTE899-2001,10,NO
OT-UTE899-2110,8,NO
OT-UTE899-3039,100,NO
OT-UTE899-3040,50,NO
OT-UTE899-3041,10,NO
OT-UTE899-3042,100,NO
OT-UTE899-3043,50,NO
OT-UTE899-3044,50,NO
OT-UTE899-3436,50,NO
OT-UTE899-3501,12,SI
OT-UTE899-3920,1000,NO
OT-UTE899-4060,5,NO
OT-UTE899-4061,12,NO
OT-UTE899-4079,40,NO
OT-UTE899-4130,40,NO
OT-UTE899-4131,40,NO
OT-UTE899-4132,40,NO
OT-UTE899-4133,40,NO
OT-UTE899-4150,10,SI
OT-UTE899-4151,10,SI
OT-UTE899-4232,20,SI
OT-UTE899-4446,10,NO
OT-UTE899-4492,25,NO
OT-UTE899-4494,10,SI
OT-UTE899-4499,18,NO
OT-UTE899-4500,18,NO
OT-UTE899-4501,24,NO
OT-UTE899-4502,24,NO
OT-UTE899-4617,24,NO
OT-UTE899-4618,24,NO
OT-UTE899-4619,16,NO
OT-UTE899-4620,16,NO
OT-UTE899-4705,20,SI
OT-UTE899-5280,100,SI
OT-UTE899-5281,100,SI
OT-UTE899-5282,100,SI
OT-UTE899-5308,100,SI
OT-UTE899-5954,6,NO
OT-UTE899-5987,20,SI
OT-UTE899-5999,20,SI
OT-UTE899-6044,40,SI
OT-UTE899-6162,30,NO
OT-UTE899-6164,30,NO
OT-UTE899-6421,40,SI
OT-UTE899-8563,40,NO
OT-UTE899-9147,10,SI
OT-UTE899-9327,16,SI
OT-UTE899-9328,100,SI
OT-UTE899-9329,100,NO
OT-UTE899-9330,100,SI
OT-UTE899-9331,16,SI
OT-UTE899-9332,40,NO
OT-UTE899-9333,20,NO
OT-UTE899-9806,36,SI
OT-UTE899-9926,10,NO
RE-ARR149-0186,20,NO
RE-ARR149-2092,12,SI
RE-ARR149-7767,20,SI
RE-BEB151-8550,24,SI
RE-FVL357-0524,10,SI
RE-FVL357-10898,10,SI
RE-FVL357-1238,6,NO
RE-FVL357-1239,24,SI
RE-FVL357-1241,12,SI
RE-FVL357-1243,6,NO
RE-FVL357-1244,6,NO
RE-FVL357-1245,24,SI
RE-FVL357-13336,24,SI
RE-FVL357-13337,60,SI
RE-FVL357-1350,24,SI
RE-FVL357-1361,24,NO
RE-FVL357-14438,10,NO
RE-FVL357-2939,20,NO
RE-FVL357-5712,20,NO
RE-FVL357-6382,12,NO
RE-FVL357-6383,10,NO
RE-FVL357-8322,20,SI
RE-FVL357-8323,20,SI
RE-FVL357-8325,10,SI
RE-FVL357-9606,20,NO
RE-FVL357-9607,20,NO
RE-FVL398-0570,30,NO
RE-FVL398-1180,24,NO
RE-FVL398-1181,24,NO
RE-FVL398-1182,24,NO
RE-FVL398-1514,18,NO
RE-FVL398-1541,18,NO
RE-FVL399-0625,50,NO
RE-FVL399-0626,50,NO
RE-FVL399-12442,15,NO
RE-FVL399-1493,40,NO
RE-PDM450-0568,10,NO
RE-PDM450-0852,80,NO
RE-PDM450-0853,80,NO
RE-PDM450-0854,80,NO
RE-PDM450-1107,48,SI
RE-PDM453-7811,50,NO
RE-PDM499-0104,12,SI
RE-PDM499-10302,10,NO
RE-PDM499-10303,10,NO
RE-PDM499-2857,24,NO
RE-PDM499-7903,45,NO
RE-PDM499-7904,30,NO
RE-SAL501-12984,15,SI
RE-SAL501-13178,20,SI
RE-SAL501-2091,20,NO
RE-SAL501-4676,20,NO
RE-SAL501-4677,20,NO
RE-SAL503-0813,40,SI
RE-SAL503-14140,12,NO
RE-SAL549-12986,3,SI
RE-SAL549-12988,3,SI
RE-SAL549-12989,2,NO
RE-SAL549-12990,3,SI
RE-SAL549-13478,4,SI
RE-SAL549-13479,4,SI
RE-SAL549-13480,4,SI
RE-SAL549-13481,12,SI
RE-SAL549-13482,4,SI
RE-SAL549-13484,4,SI
RE-SAL549-13486,4,SI
RE-SFP601-9826,5,NO
RE-SYE551-0975,6,SI
RE-SYE551-0988,12,SI
RE-SYE551-10012,10,SI
RE-SYE551-10013,10,SI
RE-SYE551-10014,10,SI
RE-SYE551-10015,12,SI
RE-SYE551-1002,12,SI
RE-SYE551-10432,10,SI
RE-SYE551-11472,6,SI
RE-SYE551-11989,12,NO
RE-SYE551-12991,6,SI
RE-SYE551-13093,8,SI
RE-SYE551-13094,8,SI
RE-SYE551-13095,8,SI
RE-SYE551-13549,6,SI
RE-SYE551-13550,6,SI
RE-SYE551-14013,10,SI
RE-SYE551-1522,10,SI
RE-SYE551-2879,6,SI
RE-SYE551-2880,6,SI
RE-SYE551-3537,6,SI
RE-SYE551-3715,6,NO
RE-SYE551-3976,6,NO
RE-SYE551-6118,12,NO
RE-SYE551-6149,8,NO
RE-SYE551-6151,6,NO
RE-SYE551-7892,10,SI
RE-SYE551-9116,6,SI
RE-SYE551-9117,6,SI
RE-SYE551-9119,6,SI
RE-SYE554-12987,3,SI
RE-SYE554-13477,4,SI
RE-SYE556-1836,12,NO
RE-SYE556-4678,8,SI
RE-SYE556-4679,12,SI
RE-SYE556-7659,20,SI
RE-SYE599-0829,15,SI
RE-SYE599-13483,4,SI
RE-SYE599-13493,4,SI
RE-TE654-13122,10,SI
RE-TE654-13179,50,SI
RE-TE654-13180,50,NO
RE-TE654-13181,50,NO
RE-TE654-13733,5,SI
RE-TE654-13734,5,SI
RE-TE654-14415,10,NO
RE-TQO700-0563,24,NO
RE-TQO700-0564,24,NO
RE-TQO700-11374,30,SI
RE-TQO700-12118,30,SI
RE-TQO700-13055,24,SI
RE-TQO700-13056,30,SI
RE-TQO700-13057,30,SI
RE-TQO700-13058,32,SI
RE-TQO700-13352,45,SI
RE-TQO700-8166,24,NO
RE-TQO700-8167,24,NO
RE-TQO700-8709,45,SI
RE-TQO700-8710,45,SI
RE-TQO700-8711,30,SI
RE-TQO700-8712,30,SI
RE-TQO702-0581,12,SI
RE-TQO702-0582,12,SI
RE-TQO702-0583,12,NO
RE-TQO702-0584,12,SI
RE-TQO702-0585,12,SI
RE-TQO702-0586,24,SI
RE-TQO702-0587,24,SI
RE-TQO702-0601,12,NO
RE-TQO702-0602,12,NO
RE-TQO702-4369,24,SI
RE-TQO702-9923,12,NO
RE-TQO749-1033,20,NO
SE-ACC049-6323,50,NO
SE-ACC049-6324,50,NO
SE-ACE050-0701,10,SI
SE-ACE050-0702,24,SI
SE-ACE050-0703,12,SI
SE-ACE050-0971,24,NO
SE-ACE050-0972,12,NO
SE-ACE050-10084,6,SI
SE-ACE050-10085,6,SI
SE-ACE050-10124,24,NO
SE-ACE050-1101,4,SI
SE-ACE050-7079,12,SI
SE-ACE050-8260,12,NO
SE-ACE050-8279,12,NO
SE-ACE050-9983,24,SI
SE-ACE050-9984,12,SI
SE-ACE050-9985,24,SI
SE-ACE050-9986,10,SI
SE-ACE051-12651,12,SI
SE-ACE051-12652,12,SI
SE-ACE052-1882,16,SI
SE-ACE052-3562,12,NO
SE-ACE053-6359,12,NO
SE-ACE053-6362,12,NO
SE-ACE099-0206,24,NO
SE-ACE099-0596,80,SI
SE-ACE099-10396,80,NO
SE-ACE099-10941,6,SI
SE-ACE099-14190,12,SI
SE-ACE099-6325,20,NO
SE-ACE099-6326,20,NO
SE-ACE099-7080,24,SI
SE-ACE099-7081,6,NO
SE-ACE099-8368,6,SI
SE-ACE099-9924,2,SI
SE-ARR101-0066,8,SI
SE-ARR101-1203,12,NO
SE-ARR101-1206,8,SI
SE-ARR101-1889,4,SI
SE-ARR101-3159,8,NO
SE-ARR102-11546,10,NO
SE-ARR102-11547,10,NO
SE-ARR102-11548,10,NO
SE-ARR102-12558,8,NO
SE-ARR102-1815,8,NO
SE-ARR102-1816,4,NO
SE-ARR102-2099,4,NO
SE-ARR102-4622,6,SI
SE-ARR102-5227,8,SI
SE-ARR102-7073,8,NO
SE-ARR103-2884,8,NO
SE-ARR103-3449,32,NO
SE-ARR103-3526,8,SI
SE-ARR103-7738,8,NO
SE-ARR104-2115,12,NO
SE-ARR104-2891,4,NO
SE-ARR149-0528,8,NO
SE-ARR149-0951,20,NO
SE-ARR149-10968,20,SI
SE-ARR149-11326,12,SI
SE-ARR149-11327,12,SI
SE-ARR149-12838,36,SI
SE-ARR149-12839,36,NO
SE-ARR149-12840,36,NO
SE-ARR149-12863,18,NO
SE-ARR149-12864,18,NO
SE-ARR149-12865,18,NO
SE-ARR149-12866,18,NO
SE-ARR149-12867,18,NO
SE-ARR149-12997,8,NO
SE-ARR149-13005,8,SI
SE-ARR149-13380,12,SI
SE-ARR149-13709,12,SI
SE-ARR149-14005,24,SI
SE-ARR149-14006,24,SI
SE-ARR149-14007,24,SI
SE-ARR149-14008,24,SI
SE-ARR149-14009,30,SI
SE-ARR149-14011,20,SI
SE-ARR149-14405,4,NO
SE-ARR149-1442,20,SI
SE-ARR149-1499,10,NO
SE-ARR149-3246,20,NO
SE-ARR149-3450,8,SI
SE-ARR149-3462,24,NO
SE-ARR149-3463,24,NO
SE-ARR149-3464,24,NO
SE-ARR149-3465,24,NO
SE-ARR149-4530,10,NO
SE-ARR149-4531,10,NO
SE-ARR149-4532,10,NO
SE-ARR149-4897,20,NO
SE-ARR149-4898,20,SI
SE-ARR149-5228,12,NO
SE-ARR149-7798,20,SI
SE-ARR149-7871,24,SI
SE-ARR149-7876,24,SI
SE-ARR149-7877,24,SI
SE-ARR149-7990,8,NO
SE-ARR149-9680,20,SI
SE-ARR149-9681,20,SI
SE-BEB150-10041,12,NO
SE-BEB150-10397,30,SI
SE-BEB150-10690,12,SI
SE-BEB150-10691,12,SI
SE-BEB150-10917,20,SI
SE-BEB150-10918,20,SI
SE-BEB150-10934,12,SI
SE-BEB150-11071,12,NO
SE-BEB150-11911,12,SI
SE-BEB150-12592,50,SI
SE-BEB150-12593,50,SI
SE-BEB150-12594,50,SI
SE-BEB150-13233,12,SI
SE-BEB150-13474,50,SI
SE-BEB150-1404,30,NO
SE-BEB150-2735,12,NO
SE-BEB150-2736,12,NO
SE-BEB150-4534,24,NO
SE-BEB150-4535,24,NO
SE-BEB150-4536,24,NO
SE-BEB150-6197,12,NO
SE-BEB150-6327,20,NO
SE-BEB150-6328,20,NO
SE-BEB150-6329,20,NO
SE-BEB150-6418,24,NO
SE-BEB150-7726,12,SI
SE-BEB150-7862,12,SI
SE-BEB150-8452,12,SI
SE-BEB150-8453,12,NO
SE-BEB150-9320,30,NO
SE-BEB151-0032,12,NO
SE-BEB151-0033,24,NO
SE-BEB151-0845,15,NO
SE-BEB151-0920,24,SI
SE-BEB151-10955,24,NO
SE-BEB151-10956,24,SI
SE-BEB151-10957,24,NO
SE-BEB151-11268,24,SI
SE-BEB151-11728,24,NO
SE-BEB151-11729,24,NO
SE-BEB151-13038,24,SI
SE-BEB151-13039,24,SI
SE-BEB151-13040,24,SI
SE-BEB151-13885,24,SI
SE-BEB151-13886,24,SI
SE-BEB151-13887,24,SI
SE-BEB151-13888,24,SI
SE-BEB151-13889,24,SI
SE-BEB151-1429,24,SI
SE-BEB151-1430,24,SI
SE-BEB151-1431,24,SI
SE-BEB151-1432,12,NO
SE-BEB151-5775,24,NO
SE-BEB151-8335,24,NO
SE-BEB151-8336,24,NO
SE-BEB151-8337,24,NO
SE-BEB151-8338,24,NO
SE-BEB151-8339,24,NO
SE-BEB151-8538,24,SI
SE-BEB151-8539,12,NO
SE-BEB151-9946,24,SI
SE-BEB152-0097,12,SI
SE-BEB152-0112,6,NO
SE-BEB152-0113,6,SI
SE-BEB152-0114,6,SI
SE-BEB152-0115,6,SI
SE-BEB152-0116,6,NO
SE-BEB152-0117,6,NO
SE-BEB152-0118,6,SI
SE-BEB152-11976,6,SI
SE-BEB152-11977,6,NO
SE-BEB152-11978,6,SI
SE-BEB152-11979,6,SI
SE-BEB152-11980,6,SI
SE-BEB152-11981,6,SI
SE-BEB152-11982,6,NO
SE-BEB152-11983,6,SI
SE-BEB152-12665,12,NO
SE-BEB152-12666,12,NO
SE-BEB152-12667,12,NO
SE-BEB152-13260,6,SI
SE-BEB152-13261,6,SI
SE-BEB152-13262,6,SI
SE-BEB152-13563,8,SI
SE-BEB152-13566,8,SI
SE-BEB152-14049,20,SI
SE-BEB152-2142,6,NO
SE-BEB152-4155,8,NO
SE-BEB152-4158,8,NO
SE-BEB153-0119,12,SI
SE-BEB153-0121,25,SI
SE-BEB153-0876,20,SI
SE-BEB153-10006,54,SI
SE-BEB153-10007,54,SI
SE-BEB153-10008,54,SI
SE-BEB153-10296,24,NO
SE-BEB153-10297,24,SI
SE-BEB153-10298,24,NO
SE-BEB153-10379,60,NO
SE-BEB153-11094,54,SI
SE-BEB153-11183,36,SI
SE-BEB153-11184,36,SI
SE-BEB153-11185,36,SI
SE-BEB153-11285,24,SI
SE-BEB153-11286,24,SI
SE-BEB153-11287,10,NO
SE-BEB153-11288,10,NO
SE-BEB153-11289,10,NO
SE-BEB153-11290,18,SI
SE-BEB153-11291,18,SI
SE-BEB153-11292,18,SI
SE-BEB153-11293,18,SI
SE-BEB153-11294,18,SI
SE-BEB153-11296,10,NO
SE-BEB153-11748,15,SI
SE-BEB153-11749,15,NO
SE-BEB153-11750,15,NO
SE-BEB153-11751,24,SI
SE-BEB153-4409,60,NO
SE-BEB153-7673,30,SI
SE-BEB154-0543,30,SI
SE-BEB154-10016,30,SI
SE-BEB154-1022,30,NO
SE-BEB154-1023,30,SI
SE-BEB154-10304,24,SI
SE-BEB154-10305,24,SI
SE-BEB154-10306,24,SI
SE-BEB154-10902,24,SI
SE-BEB154-10903,24,SI
SE-BEB154-10904,24,SI
SE-BEB154-10905,24,SI
SE-BEB154-10914,20,SI
SE-BEB154-10915,20,SI
SE-BEB154-10950,24,SI
SE-BEB154-10951,24,SI
SE-BEB154-10952,24,SI
SE-BEB154-10953,24,SI
SE-BEB154-11179,24,NO
SE-BEB154-11180,24,SI
SE-BEB154-11438,20,NO
SE-BEB154-11439,20,NO
SE-BEB154-11440,20,NO
SE-BEB154-11893,24,SI
SE-BEB154-12126,24,SI
SE-BEB154-12127,24,SI
SE-BEB154-12128,24,SI
SE-BEB154-12129,24,SI
SE-BEB154-12130,24,SI
SE-BEB154-12131,24,SI
SE-BEB154-12132,24,SI
SE-BEB154-12133,24,SI
SE-BEB154-12184,24,SI
SE-BEB154-12185,24,SI
SE-BEB154-12186,24,SI
SE-BEB154-12242,24,SI
SE-BEB154-12243,24,SI
SE-BEB154-12244,24,SI
SE-BEB154-12245,24,SI
SE-BEB154-12246,24,SI
SE-BEB154-12681,24,SI
SE-BEB154-12701,30,SI
SE-BEB154-12755,24,SI
SE-BEB154-12756,20,SI
SE-BEB154-13715,24,SI
SE-BEB154-13716,24,SI
SE-BEB154-13852,24,SI
SE-BEB154-13853,24,SI
SE-BEB154-13854,24,SI
SE-BEB154-13855,24,SI
SE-BEB154-13856,24,SI
SE-BEB154-13880,24,SI
SE-BEB154-13960,20,SI
SE-BEB154-13961,20,SI
SE-BEB154-13962,20,SI
SE-BEB154-13963,24,SI
SE-BEB154-13964,24,SI
SE-BEB154-13965,24,SI
SE-BEB154-13966,24,SI
SE-BEB154-13967,20,SI
SE-BEB154-13968,20,SI
SE-BEB154-14664,24,NO
SE-BEB154-14665,20,NO
SE-BEB154-1526,30,NO
SE-BEB154-1527,30,NO
SE-BEB154-1528,30,SI
SE-BEB154-2283,30,NO
SE-BEB154-2343,30,SI
SE-BEB154-2344,30,SI
SE-BEB154-2345,30,SI
SE-BEB154-2346,30,SI
SE-BEB154-2848,30,SI
SE-BEB154-3783,30,NO
SE-BEB154-4182,30,NO
SE-BEB154-4183,30,NO
SE-BEB154-4184,24,NO
SE-BEB154-4185,24,NO
SE-BEB154-4186,24,NO
SE-BEB154-4187,24,NO
SE-BEB154-4252,24,NO
SE-BEB154-4773,24,NO
SE-BEB154-9847,24,NO
SE-BEB154-9848,24,SI
SE-BEB154-9849,24,SI
SE-BEB154-9850,24,SI
SE-BEB154-9851,24,SI
SE-BEB154-9852,24,SI
SE-BEB154-9916,30,SI
SE-BEB154-9917,30,SI
SE-BEB154-9918,30,SI
SE-BEB155-12180,24,SI
SE-BEB155-12181,24,SI
SE-BEB155-12182,24,SI
SE-BEB155-12183,24,SI
SE-BEB155-12738,24,SI
SE-BEB155-12739,24,SI
SE-BEB155-12740,24,SI
SE-BEB155-12741,24,SI
SE-BEB155-13147,20,NO
SE-BEB155-13148,20,NO
SE-BEB155-13149,20,NO
SE-BEB155-13150,20,NO
SE-BEB155-13453,24,SI
SE-BEB155-13454,24,SI
SE-BEB155-13455,24,SI
SE-BEB155-13456,24,SI
SE-BEB155-13872,24,SI
SE-BEB155-13873,24,SI
SE-BEB155-13874,24,SI
SE-BEB155-13875,24,SI
SE-BEB155-13876,24,SI
SE-BEB155-13877,24,SI
SE-BEB155-13878,24,SI
SE-BEB155-13879,24,SI
SE-BEB155-14343,12,NO
SE-BEB155-5569,24,NO
SE-BEB155-7600,24,SI
SE-BEB155-7602,30,SI
SE-BEB156-0533,12,NO
SE-BEB156-0534,12,NO
SE-BEB156-0535,12,NO
SE-BEB156-0784,12,NO
SE-BEB156-11204,10,SI
SE-BEB156-11205,6,SI
SE-BEB156-11492,6,NO
SE-BEB156-11493,6,NO
SE-BEB156-11549,6,NO
SE-BEB156-11667,6,SI
SE-BEB156-12054,12,NO
SE-BEB156-13229,12,SI
SE-BEB156-1783,12,NO
SE-BEB156-1802,12,NO
SE-BEB156-4435,12,NO
SE-BEB156-4439,12,NO
SE-BEB156-4444,12,NO
SE-BEB156-4961,12,SI
SE-BEB156-5271,6,NO
SE-BEB156-5564,12,SI
SE-BEB156-5565,24,NO
SE-BEB156-5566,30,SI
SE-BEB156-5567,12,SI
SE-BEB156-5568,6,SI
SE-BEB156-5570,6,NO
SE-BEB156-5571,6,NO
SE-BEB156-5572,6,NO
SE-BEB156-5655,6,SI
SE-BEB156-6349,6,NO
SE-BEB156-6789,12,NO
SE-BEB156-7818,6,SI
SE-BEB156-7819,6,SI
SE-BEB156-7821,6,SI
SE-BEB156-7822,6,SI
SE-BEB156-7823,6,NO
SE-BEB156-7824,6,SI
SE-BEB156-8331,6,SI
SE-BEB156-8781,12,SI
SE-BEB156-9351,12,NO
SE-BEB156-9815,24,NO
SE-BEB157-11037,20,SI
SE-BEB157-11173,6,SI
SE-BEB157-11190,6,SI
SE-BEB157-11191,10,SI
SE-BEB157-11192,6,SI
SE-BEB157-11193,10,SI
SE-BEB157-11194,6,SI
SE-BEB157-11195,10,SI
SE-BEB157-11196,6,SI
SE-BEB157-11197,10,SI
SE-BEB157-11198,6,SI
SE-BEB157-11201,6,SI
SE-BEB157-11202,6,SI
SE-BEB157-11203,6,SI
SE-BEB157-11668,30,SI
SE-BEB157-11669,20,SI
SE-BEB157-11670,6,SI
SE-BEB157-11671,12,SI
SE-BEB157-11672,6,SI
SE-BEB157-11674,12,SI
SE-BEB157-11675,6,SI
SE-BEB157-11676,12,SI
SE-BEB157-11677,12,SI
SE-BEB157-11678,12,SI
SE-BEB157-11679,6,SI
SE-BEB157-11680,12,SI
SE-BEB157-11681,12,SI
SE-BEB157-11912,6,SI
SE-BEB157-11913,20,SI
SE-BEB157-11914,12,SI
SE-BEB157-11915,12,SI
SE-BEB157-11916,20,SI
SE-BEB157-1283,12,NO
SE-BEB157-1285,12,NO
SE-BEB157-1287,12,NO
SE-BEB157-1290,12,NO
SE-BEB157-1291,24,NO
SE-BEB157-1292,12,NO
SE-BEB157-1293,12,NO
SE-BEB157-1294,12,NO
SE-BEB157-1295,12,NO
SE-BEB157-1296,6,NO
SE-BEB157-1298,12,NO
SE-BEB157-13019,20,SI
SE-BEB157-13020,20,SI
SE-BEB157-13226,6,SI
SE-BEB157-13227,12,SI
SE-BEB157-13228,12,SI
SE-BEB157-13267,12,SI
SE-BEB157-13268,12,SI
SE-BEB157-13269,12,SI
SE-BEB157-13270,12,SI
SE-BEB157-13271,12,SI
SE-BEB157-13272,12,SI
SE-BEB157-13564,30,SI
SE-BEB157-13565,20,SI
SE-BEB157-13732,6,SI
SE-BEB157-13733,12,SI
SE-BEB157-13734,15,SI
SE-BEB157-13735,6,SI
SE-BEB157-13736,12,SI
SE-BEB157-13737,12,NO
SE-BEB157-13984,4,NO
SE-BEB157-13985,12,NO
SE-BEB157-14158,6,NO
SE-BEB157-14159,6,NO
SE-BEB157-14160,6,NO
SE-BEB157-14161,12,NO
SE-BEB157-14162,6,NO
SE-BEB157-1464,12,NO
SE-BEB157-1465,12,NO
SE-BEB157-1466,24,NO
SE-BEB157-1467,12,NO
SE-BEB157-1469,12,NO
SE-BEB157-1470,6,NO
SE-BEB157-1471,12,NO
SE-BEB157-1472,12,NO
SE-BEB157-1473,24,NO
SE-BEB157-1494,12,NO
SE-BEB157-2328,12,NO
SE-BEB157-2329,6,NO
SE-BEB157-2333,12,SI
SE-BEB157-2334,12,SI
SE-BEB157-2335,12,SI
SE-BEB157-2336,6,SI
SE-BEB157-2338,24,SI
SE-BEB157-2955,6,SI
SE-BEB157-3982,6,SI
SE-BEB157-4456,12,NO
SE-BEB157-5162,12,NO
SE-BEB157-5163,6,NO
SE-BEB157-5164,6,NO
SE-BEB157-5168,30,NO
SE-BEB157-5173,12,NO
SE-BEB157-5176,12,NO
SE-BEB157-5270,6,SI
SE-BEB157-5273,6,NO
SE-BEB157-5411,6,SI
SE-BEB157-5412,12,SI
SE-BEB157-5425,6,NO
SE-BEB157-5608,12,SI
SE-BEB157-5609,12,SI
SE-BEB157-5611,12,SI
SE-BEB157-5612,6,SI
SE-BEB157-5956,12,SI
SE-BEB157-5993,6,NO
SE-BEB157-5994,6,SI
SE-BEB157-5995,12,SI
SE-BEB157-5996,6,NO
SE-BEB157-5997,12,SI
SE-BEB157-6028,6,SI
SE-BEB157-6066,12,SI
SE-BEB157-6067,12,SI
SE-BEB157-6068,12,SI
SE-BEB157-6788,12,NO
SE-BEB157-6790,6,NO
SE-BEB157-7770,12,NO
SE-BEB157-7771,12,NO
SE-BEB157-7815,30,SI
SE-BEB157-7816,12,SI
SE-BEB157-7817,6,SI
SE-BEB157-7820,6,SI
SE-BEB157-7891,12,SI
SE-BEB157-7980,12,SI
SE-BEB157-7981,6,SI
SE-BEB157-7982,6,SI
SE-BEB157-8110,12,SI
SE-BEB157-8111,30,SI
SE-BEB157-8112,12,NO
SE-BEB157-8334,20,NO
SE-BEB157-8779,12,SI
SE-BEB157-8780,6,NO
SE-BEB157-9258,12,NO
SE-BEB157-9344,6,SI
SE-BEB157-9599,6,SI
SE-BEB157-9600,12,SI
SE-BEB157-9601,6,SI
SE-BEB157-9602,12,SI
SE-BEB157-9603,12,NO
SE-BEB157-9604,12,NO
SE-BEB157-9958,6,SI
SE-BEB157-9997,12,SI
SE-BEB158-0715,20,SI
SE-BEB158-10629,6,SI
SE-BEB158-10883,20,SI
SE-BEB158-10884,20,SI
SE-BEB158-10901,20,NO
SE-BEB158-11120,6,SI
SE-BEB158-11121,6,SI
SE-BEB158-11122,6,SI
SE-BEB158-11691,20,SI
SE-BEB158-11867,20,SI
SE-BEB158-11868,20,NO
SE-BEB158-11869,20,NO
SE-BEB158-11870,20,SI
SE-BEB158-11871,20,SI
SE-BEB158-12051,20,NO
SE-BEB158-12052,20,NO
SE-BEB158-12053,20,NO
SE-BEB158-12204,20,SI
SE-BEB158-12205,20,SI
SE-BEB158-12206,20,SI
SE-BEB158-12208,20,SI
SE-BEB158-12209,20,SI
SE-BEB158-12210,20,SI
SE-BEB158-12211,20,SI
SE-BEB158-12212,20,SI
SE-BEB158-12213,20,SI
SE-BEB158-12994,20,SI
SE-BEB158-12995,20,SI
SE-BEB158-13016,24,SI
SE-BEB158-13017,24,SI
SE-BEB158-13018,24,NO
SE-BEB158-13036,6,SI
SE-BEB158-13037,6,SI
SE-BEB158-13225,6,SI
SE-BEB158-13330,6,SI
SE-BEB158-13495,6,SI
SE-BEB158-13969,20,SI
SE-BEB158-13970,20,SI
SE-BEB158-13971,20,SI
SE-BEB158-1428,12,NO
SE-BEB158-1549,6,NO
SE-BEB158-1784,12,NO
SE-BEB158-1785,12,NO
SE-BEB158-4960,6,SI
SE-BEB158-4962,6,SI
SE-BEB158-5324,12,SI
SE-BEB158-5776,20,SI
SE-BEB158-5777,20,NO
SE-BEB158-5778,12,SI
SE-BEB158-6069,6,NO
SE-BEB158-6070,6,NO
SE-BEB158-7248,6,SI
SE-BEB158-7826,6,SI
SE-BEB158-7827,12,SI
SE-BEB158-7899,20,SI
SE-BEB158-8059,20,SI
SE-BEB158-8332,6,SI
SE-BEB158-8333,6,SI
SE-BEB158-8372,12,SI
SE-BEB158-8373,12,SI
SE-BEB158-8505,20,SI
SE-BEB158-9836,24,NO
SE-BEB158-9837,24,NO
SE-BEB159-10096,24,SI
SE-BEB159-10909,20,SI
SE-BEB159-10910,20,SI
SE-BEB159-10911,20,SI
SE-BEB159-10912,20,SI
SE-BEB159-10913,20,NO
SE-BEB159-11169,20,SI
SE-BEB159-11722,24,SI
SE-BEB159-11723,24,SI
SE-BEB159-11724,24,SI
SE-BEB159-11725,24,SI
SE-BEB159-11726,24,SI
SE-BEB159-11727,24,SI
SE-BEB159-12488,20,SI
SE-BEB159-12489,20,SI
SE-BEB159-12510,24,NO
SE-BEB159-12595,50,SI
SE-BEB159-12596,50,SI
SE-BEB159-12598,50,SI
SE-BEB159-12599,50,SI
SE-BEB159-12600,50,SI
SE-BEB159-12601,50,SI
SE-BEB159-12808,72,SI
SE-BEB159-12809,72,SI
SE-BEB159-12810,72,SI
SE-BEB159-12811,24,SI
SE-BEB159-12812,24,SI
SE-BEB159-12824,50,SI
SE-BEB159-12825,50,SI
SE-BEB159-12826,50,SI
SE-BEB159-1334,24,NO
SE-BEB159-1337,24,NO
SE-BEB159-13468,50,SI
SE-BEB159-13475,50,SI
SE-BEB159-13959,50,SI
SE-BEB159-1406,24,SI
SE-BEB159-14666,30,NO
SE-BEB159-1508,30,SI
SE-BEB159-1509,30,SI
SE-BEB159-1510,30,SI
SE-BEB159-1511,30,SI
SE-BEB159-1998,24,NO
SE-BEB159-2089,24,NO
SE-BEB159-4611,48,NO
SE-BEB159-4612,48,SI
SE-BEB159-4613,48,NO
SE-BEB159-4614,48,SI
SE-BEB159-4615,48,SI
SE-BEB159-4831,24,NO
SE-BEB159-4832,24,NO
SE-BEB159-7923,24,NO
SE-BEB159-7924,24,SI
SE-BEB159-9323,24,NO
SE-BEB159-9357,24,NO
SE-BEB159-9358,24,NO
SE-BEB159-9359,24,NO
SE-BEB159-9361,24,NO
SE-BEB159-9362,20,NO
SE-BEB160-10685,24,NO
SE-BEB160-10687,12,SI
SE-BEB160-10688,12,SI
SE-BEB160-10689,12,SI
SE-BEB160-10989,24,SI
SE-BEB160-11341,24,SI
SE-BEB160-12496,12,NO
SE-BEB160-12497,15,NO
SE-BEB160-12498,15,NO
SE-BEB160-12500,15,SI
SE-BEB160-12501,15,SI
SE-BEB160-12507,15,SI
SE-BEB160-13163,15,SI
SE-BEB160-13164,15,SI
SE-BEB160-13165,15,SI
SE-BEB160-1335,24,SI
SE-BEB160-1336,24,SI
SE-BEB160-1338,24,SI
SE-BEB160-1400,30,SI
SE-BEB160-14010,24,SI
SE-BEB160-4907,24,NO
SE-BEB160-4909,24,NO
SE-BEB160-4910,24,SI
SE-BEB160-4911,24,SI
SE-BEB160-4912,24,SI
SE-BEB160-5533,24,SI
SE-BEB160-6013,12,NO
SE-BEB160-6014,12,NO
SE-BEB160-6157,6,SI
SE-BEB160-6158,6,SI
SE-BEB160-7920,24,SI
SE-BEB160-7933,6,SI
SE-BEB160-8451,12,NO
SE-BEB160-8787,24,NO
SE-BEB160-9123,6,SI
SE-BEB160-9248,24,NO
SE-BEB160-9321,24,NO
SE-BEB160-9322,24,NO
SE-BEB160-9672,6,NO
SE-BEB160-9674,24,SI
SE-BEB163-12606,24,SI
SE-BEB163-12607,12,SI
SE-BEB163-12608,24,SI
SE-BEB163-13006,12,SI
SE-BEB163-4039,6,NO
SE-BEB164-14202,6,NO
SE-BEB164-14203,6,NO
SE-BEB164-14204,6,NO
SE-BEB199-10103,24,NO
SE-BEB199-10104,24,NO
SE-BEB199-10609,20,SI
SE-BEB199-10611,10,SI
SE-BEB199-11576,6,SI
SE-BEB199-11577,6,SI
SE-BEB199-11578,6,SI
SE-BEB199-11579,6,SI
SE-BEB199-11580,6,SI
SE-BEB199-11581,6,SI
SE-BEB199-11582,6,SI
SE-BEB199-11583,6,SI
SE-BEB199-11779,8,SI
SE-BEB199-11780,8,SI
SE-BEB199-11781,8,SI
SE-BEB199-12430,12,NO
SE-BEB199-12431,12,NO
SE-BEB199-12511,15,SI
SE-BEB199-12512,15,SI
SE-BEB199-13606,6,SI
SE-BEB199-13607,6,SI
SE-BEB199-13608,6,SI
SE-BEB199-13609,6,SI
SE-BEB199-13610,6,SI
SE-BEB199-13663,24,SI
SE-BEB199-13890,24,SI
SE-BEB199-13891,24,SI
SE-BEB199-13892,24,SI
SE-BEB199-14287,15,SI
SE-BEB199-2330,12,NO
SE-BEB199-2332,12,NO
SE-BEB199-4063,6,SI
SE-BEB199-4065,24,NO
SE-BEB199-4511,6,SI
SE-BEB199-4905,24,NO
SE-BEB199-5525,24,NO
SE-BEB199-5598,60,SI
SE-BEB199-8467,24,SI
SE-BEB199-9160,6,SI
SE-BEB199-9161,6,SI
SE-BEB199-9541,12,NO
SE-BEB199-9542,12,NO
SE-BEB199-9543,12,NO
SE-BEB199-9544,12,NO
SE-BEB199-9545,12,NO
SE-BEB312-12420,12,SI
SE-CAR200-1199,10,NO
SE-CAR202-0718,32,SI
SE-CAR249-13662,24,SI
SE-DBG305-10399,12,NO
SE-DBG305-10400,12,SI
SE-DBG305-10401,12,SI
SE-DBG305-10402,12,SI
SE-DBG305-10403,12,NO
SE-DBG305-10404,12,SI
SE-DCB302-13627,12,SI
SE-DCB303-13515,20,SI
SE-DCB303-13516,20,SI
SE-DGB155-11965,4,SI
SE-DGB156-11966,4,SI
SE-DGB157-11967,4,SI
SE-DGB158-11968,4,SI
SE-DGB159-11969,4,SI
SE-DGB300-0747,24,NO
SE-DGB300-0831,12,NO
SE-DGB300-0832,12,NO
SE-DGB300-10935,48,SI
SE-DGB300-10936,24,SI
SE-DGB300-10937,24,NO
SE-DGB300-10938,24,SI
SE-DGB300-10943,24,NO
SE-DGB300-10991,24,NO
SE-DGB300-10992,24,NO
SE-DGB300-11069,24,NO
SE-DGB300-11070,24,NO
SE-DGB300-11080,40,SI
SE-DGB300-11129,80,NO
SE-DGB300-11322,12,SI
SE-DGB300-11323,12,SI
SE-DGB300-11324,12,SI
SE-DGB300-11325,12,SI
SE-DGB300-11335,80,NO
SE-DGB300-11339,80,NO
SE-DGB300-11343,80,NO
SE-DGB300-11350,24,NO
SE-DGB300-11441,16,NO
SE-DGB300-11442,16,NO
SE-DGB300-11443,20,NO
SE-DGB300-11632,24,SI
SE-DGB300-11633,15,SI
SE-DGB300-11634,24,SI
SE-DGB300-11635,24,SI
SE-DGB300-11636,24,NO
SE-DGB300-11639,12,NO
SE-DGB300-11640,12,SI
SE-DGB300-11641,12,SI
SE-DGB300-11642,12,SI
SE-DGB300-11643,12,SI
SE-DGB300-11762,24,NO
SE-DGB300-11763,24,NO
SE-DGB300-11775,40,SI
SE-DGB300-1184,80,NO
SE-DGB300-1185,120,NO
SE-DGB300-11860,16,SI
SE-DGB300-11863,20,NO
SE-DGB300-11864,20,NO
SE-DGB300-11865,20,NO
SE-DGB300-11902,64,NO
SE-DGB300-11903,64,NO
SE-DGB300-12044,12,NO
SE-DGB300-12046,12,NO
SE-DGB300-12047,12,NO
SE-DGB300-12048,12,NO
SE-DGB300-12104,24,NO
SE-DGB300-12392,80,SI
SE-DGB300-12393,80,SI
SE-DGB300-12394,80,SI
SE-DGB300-12518,48,SI
SE-DGB300-12629,12,NO
SE-DGB300-12871,20,NO
SE-DGB300-13067,16,SI
SE-DGB300-13068,16,SI
SE-DGB300-13069,16,SI
SE-DGB300-13070,18,SI
SE-DGB300-13071,18,SI
SE-DGB300-13072,16,SI
SE-DGB300-13073,16,SI
SE-DGB300-13074,12,SI
SE-DGB300-13075,12,SI
SE-DGB300-13076,12,SI
SE-DGB300-13077,12,SI
SE-DGB300-13078,14,SI
SE-DGB300-13079,12,SI
SE-DGB300-13080,20,SI
SE-DGB300-13081,20,SI
SE-DGB300-13082,12,SI
SE-DGB300-13083,12,SI
SE-DGB300-13084,24,SI
SE-DGB300-13085,12,SI
SE-DGB300-13100,24,SI
SE-DGB300-13101,24,SI
SE-DGB300-13102,24,SI
SE-DGB300-13103,24,SI
SE-DGB300-13263,80,SI
SE-DGB300-13496,80,SI
SE-DGB300-13497,80,SI
SE-DGB300-13672,80,SI
SE-DGB300-13675,80,SI
SE-DGB300-13676,80,SI
SE-DGB300-13683,16,SI
SE-DGB300-13684,16,SI
SE-DGB300-13685,16,SI
SE-DGB300-13903,12,SI
SE-DGB300-13904,12,SI
SE-DGB300-13954,12,SI
SE-DGB300-14306,40,SI
SE-DGB300-14344,20,NO
SE-DGB300-2144,24,SI
SE-DGB300-2145,24,SI
SE-DGB300-3148,80,NO
SE-DGB300-3329,60,SI
SE-DGB300-3983,24,NO
SE-DGB300-4177,24,NO
SE-DGB300-4178,24,NO
SE-DGB300-4179,24,NO
SE-DGB300-5099,80,NO
SE-DGB300-5193,24,NO
SE-DGB300-5204,30,NO
SE-DGB300-5222,128,NO
SE-DGB300-6153,24,SI
SE-DGB300-6167,24,NO
SE-DGB300-6513,60,SI
SE-DGB300-6514,60,SI
SE-DGB300-6692,48,NO
SE-DGB300-6694,40,NO
SE-DGB300-6695,40,NO
SE-DGB300-7066,24,NO
SE-DGB300-7150,20,SI
SE-DGB300-8060,20,SI
SE-DGB300-8061,20,SI
SE-DGB300-8100,24,NO
SE-DGB300-8263,12,NO
SE-DGB300-8264,12,NO
SE-DGB300-8265,12,NO
SE-DGB300-8268,10,NO
SE-DGB300-8269,10,NO
SE-DGB300-8270,12,NO
SE-DGB300-8271,12,NO
SE-DGB300-8273,6,NO
SE-DGB300-8280,24,NO
SE-DGB300-8281,24,NO
SE-DGB300-8284,6,NO
SE-DGB300-8289,40,NO
SE-DGB300-8291,12,NO
SE-DGB300-8292,12,NO
SE-DGB300-8293,12,NO
SE-DGB300-8294,12,NO
SE-DGB300-8295,6,NO
SE-DGB300-8297,12,NO
SE-DGB300-9245,40,NO
SE-DGB300-9246,40,NO
SE-DGB300-9347,24,NO
SE-DGB300-9469,48,SI
SE-DGB300-9470,60,SI
SE-DGB300-9472,48,SI
SE-DGB300-9523,20,NO
SE-DGB300-9546,20,NO
SE-DGB300-9547,20,NO
SE-DGB300-9548,20,NO
SE-DGB300-9549,20,NO
SE-DGB300-9550,128,NO
SE-DGB300-9551,128,NO
SE-DGB300-9552,12,NO
SE-DGB300-9553,12,NO
SE-DGB300-9554,24,SI
SE-DGB300-9555,24,SI
SE-DGB300-9556,24,SI
SE-DGB300-9557,12,NO
SE-DGB300-9558,12,NO
SE-DGB300-9559,12,NO
SE-DGB300-9560,12,SI
SE-DGB300-9561,12,NO
SE-DGB300-9562,12,NO
SE-DGB300-9564,12,NO
SE-DGB300-9565,12,SI
SE-DGB300-9722,24,NO
SE-DGB300-9998,24,SI
SE-DGB301-0973,288,NO
SE-DGB301-10288,24,SI
SE-DGB301-10289,24,NO
SE-DGB301-10290,24,SI
SE-DGB301-10318,200,NO
SE-DGB301-10813,120,NO
SE-DGB301-10814,36,NO
SE-DGB301-10816,36,NO
SE-DGB301-11181,120,SI
SE-DGB301-11182,120,SI
SE-DGB301-13354,28,SI
SE-DGB301-13355,28,SI
SE-DGB301-13356,28,SI
SE-DGB301-6517,240,SI
SE-DGB301-6519,240,SI
SE-DGB301-6520,240,SI
SE-DGB301-7908,80,NO
SE-DGB302-0514,144,NO
SE-DGB302-0515,144,NO
SE-DGB302-0749,24,NO
SE-DGB302-0751,24,SI
SE-DGB302-0752,24,SI
SE-DGB302-0753,24,SI
SE-DGB302-0755,24,SI
SE-DGB302-0756,24,NO
SE-DGB302-0757,24,SI
SE-DGB302-0758,24,SI
SE-DGB302-0762,24,NO
SE-DGB302-0763,24,SI
SE-DGB302-10000,24,NO
SE-DGB302-10005,6,SI
SE-DGB302-10064,60,NO
SE-DGB302-10065,60,NO
SE-DGB302-10066,60,NO
SE-DGB302-10067,60,NO
SE-DGB302-10068,60,NO
SE-DGB302-10069,72,NO
SE-DGB302-10070,72,NO
SE-DGB302-10071,72,NO
SE-DGB302-10120,12,SI
SE-DGB302-10121,60,SI
SE-DGB302-10287,48,SI
SE-DGB302-10314,120,SI
SE-DGB302-10358,24,NO
SE-DGB302-10398,80,NO
SE-DGB302-10470,40,NO
SE-DGB302-10471,20,NO
SE-DGB302-10472,20,NO
SE-DGB302-1056,20,NO
SE-DGB302-10686,72,SI
SE-DGB302-10759,72,SI
SE-DGB302-11065,60,SI
SE-DGB302-11066,30,NO
SE-DGB302-1112,72,NO
SE-DGB302-1114,180,SI
SE-DGB302-1115,180,SI
SE-DGB302-1116,180,SI
SE-DGB302-1117,180,SI
SE-DGB302-1118,6,SI
SE-DGB302-1119,48,NO
SE-DGB302-1121,240,SI
SE-DGB302-11241,24,NO
SE-DGB302-11276,60,NO
SE-DGB302-11277,60,NO
SE-DGB302-11348,6,NO
SE-DGB302-11373,48,SI
SE-DGB302-11463,480,SI
SE-DGB302-11464,480,SI
SE-DGB302-11465,480,SI
SE-DGB302-11466,240,SI
SE-DGB302-11607,20,NO
SE-DGB302-11618,20,NO
SE-DGB302-11619,20,NO
SE-DGB302-11626,20,SI
SE-DGB302-11702,20,SI
SE-DGB302-11703,20,SI
SE-DGB302-11704,40,SI
SE-DGB302-11705,32,SI
SE-DGB302-11706,48,SI
SE-DGB302-11707,48,SI
SE-DGB302-11708,48,SI
SE-DGB302-11831,12,SI
SE-DGB302-11832,12,SI
SE-DGB302-11833,12,SI
SE-DGB302-11858,120,SI
SE-DGB302-12603,80,SI
SE-DGB302-12673,24,SI
SE-DGB302-12674,24,SI
SE-DGB302-12675,24,SI
SE-DGB302-12676,24,SI
SE-DGB302-12678,24,SI
SE-DGB302-12687,24,SI
SE-DGB302-12828,48,SI
SE-DGB302-12829,48,SI
SE-DGB302-12830,48,SI
SE-DGB302-12832,48,SI
SE-DGB302-12833,48,SI
SE-DGB302-12834,48,SI
SE-DGB302-13086,40,SI
SE-DGB302-13088,40,SI
SE-DGB302-13106,20,SI
SE-DGB302-13182,24,SI
SE-DGB302-13183,24,SI
SE-DGB302-13184,24,SI
SE-DGB302-13185,24,SI
SE-DGB302-13186,24,SI
SE-DGB302-13385,120,SI
SE-DGB302-13404,80,SI
SE-DGB302-13405,80,SI
SE-DGB302-13406,80,SI
SE-DGB302-13407,80,SI
SE-DGB302-13408,80,SI
SE-DGB302-13409,80,SI
SE-DGB302-13410,80,SI
SE-DGB302-13411,80,SI
SE-DGB302-13412,80,SI
SE-DGB302-13413,80,SI
SE-DGB302-13414,80,SI
SE-DGB302-13500,40,SI
SE-DGB302-13512,24,SI
SE-DGB302-13525,240,SI
SE-DGB302-13558,24,SI
SE-DGB302-13559,24,SI
SE-DGB302-13560,24,SI
SE-DGB302-13613,24,SI
SE-DGB302-13614,24,SI
SE-DGB302-13615,288,SI
SE-DGB302-13689,72,SI
SE-DGB302-1369,20,NO
SE-DGB302-13690,72,SI
SE-DGB302-13691,72,SI
SE-DGB302-13692,96,SI
SE-DGB302-13693,96,SI
SE-DGB302-13695,80,SI
SE-DGB302-13696,80,SI
SE-DGB302-13697,120,SI
SE-DGB302-13698,120,SI
SE-DGB302-1370,20,NO
SE-DGB302-13708,60,SI
SE-DGB302-13731,120,SI
SE-DGB302-13850,72,SI
SE-DGB302-13851,48,SI
SE-DGB302-1390,20,NO
SE-DGB302-13955,24,SI
SE-DGB302-13956,24,SI
SE-DGB302-13957,24,SI
SE-DGB302-13958,24,SI
SE-DGB302-14012,24,SI
SE-DGB302-14050,48,SI
SE-DGB302-14166,24,SI
SE-DGB302-14167,24,SI
SE-DGB302-14168,24,SI
SE-DGB302-14169,24,SI
SE-DGB302-14278,120,SI
SE-DGB302-14279,120,SI
SE-DGB302-14280,120,SI
SE-DGB302-14281,40,SI
SE-DGB302-14282,40,SI
SE-DGB302-14547,24,NO
SE-DGB302-14548,24,NO
SE-DGB302-14549,24,NO
SE-DGB302-14550,24,NO
SE-DGB302-14551,24,NO
SE-DGB302-14552,24,NO
SE-DGB302-14553,24,NO
SE-DGB302-14554,6,NO
SE-DGB302-14555,72,NO
SE-DGB302-14556,80,NO
SE-DGB302-14557,72,NO
SE-DGB302-14558,72,NO
SE-DGB302-14699,48,NO
SE-DGB302-1478,12,NO
SE-DGB302-1710,20,NO
SE-DGB302-1977,24,SI
SE-DGB302-1986,6,NO
SE-DGB302-1987,12,NO
SE-DGB302-1988,6,NO
SE-DGB302-1989,50,NO
SE-DGB302-1990,12,NO
SE-DGB302-2843,12,SI
SE-DGB302-2844,12,NO
SE-DGB302-2845,12,SI
SE-DGB302-2870,24,SI
SE-DGB302-2932,12,NO
SE-DGB302-3330,240,NO
SE-DGB302-3372,16,SI
SE-DGB302-3569,6,SI
SE-DGB302-3570,48,NO
SE-DGB302-3960,6,NO
SE-DGB302-3961,6,NO
SE-DGB302-3962,6,NO
SE-DGB302-3963,6,NO
SE-DGB302-3964,6,NO
SE-DGB302-3965,6,NO
SE-DGB302-4027,6,NO
SE-DGB302-4256,60,NO
SE-DGB302-4257,60,NO
SE-DGB302-4313,12,NO
SE-DGB302-4496,6,NO
SE-DGB302-4497,6,SI
SE-DGB302-4838,120,NO
SE-DGB302-4846,120,NO
SE-DGB302-5233,240,SI
SE-DGB302-5234,240,SI
SE-DGB302-5531,72,NO
SE-DGB302-5787,240,NO
SE-DGB302-5788,240,NO
SE-DGB302-6034,60,NO
SE-DGB302-6035,6,NO
SE-DGB302-6036,6,NO
SE-DGB302-6037,60,NO
SE-DGB302-6043,180,SI
SE-DGB302-6098,24,SI
SE-DGB302-6099,24,NO
SE-DGB302-6179,72,NO
SE-DGB302-6180,72,NO
SE-DGB302-6267,60,NO
SE-DGB302-6269,48,NO
SE-DGB302-6449,180,SI
SE-DGB302-6511,20,NO
SE-DGB302-6516,600,NO
SE-DGB302-6522,480,NO
SE-DGB302-6523,480,NO
SE-DGB302-6524,480,NO
SE-DGB302-6690,40,NO
SE-DGB302-6880,24,NO
SE-DGB302-7573,48,NO
SE-DGB302-7861,72,NO
SE-DGB302-7887,30,NO
SE-DGB302-7890,72,SI
SE-DGB302-7928,20,NO
SE-DGB302-7929,72,NO
SE-DGB302-8030,80,SI
SE-DGB302-8095,72,SI
SE-DGB302-8107,80,NO
SE-DGB302-8108,80,NO
SE-DGB302-8109,80,NO
SE-DGB302-8606,80,NO
SE-DGB302-8608,24,SI
SE-DGB302-8611,24,NO
SE-DGB302-8612,72,SI
SE-DGB302-8613,30,NO
SE-DGB302-8626,24,NO
SE-DGB302-8686,24,SI
SE-DGB302-8791,48,NO
SE-DGB302-8792,48,NO
SE-DGB302-8952,72,NO
SE-DGB302-8956,160,SI
SE-DGB302-9113,6,SI
SE-DGB302-9167,80,NO
SE-DGB302-9272,120,NO
SE-DGB302-9273,120,NO
SE-DGB302-9277,240,NO
SE-DGB302-9278,480,NO
SE-DGB302-9279,240,NO
SE-DGB302-9481,20,NO
SE-DGB302-9485,20,NO
SE-DGB302-9487,20,NO
SE-DGB302-9489,480,NO
SE-DGB302-9491,480,NO
SE-DGB302-9494,20,NO
SE-DGB302-9495,20,NO
SE-DGB302-9496,20,NO
SE-DGB302-9497,72,NO
SE-DGB302-9501,48,NO
SE-DGB302-9502,64,NO
SE-DGB302-9503,48,NO
SE-DGB302-9507,48,NO
SE-DGB302-9508,72,NO
SE-DGB302-9748,30,NO
SE-DGB302-9761,80,NO
SE-DGB302-9776,24,NO
SE-DGB302-9793,24,SI
SE-DGB302-9906,48,SI
SE-DGB302-9907,48,SI
SE-DGB302-9977,180,SI
SE-DGB302-9978,6,SI
SE-DGB302-9980,6,SI
SE-DGB302-9981,6,SI
SE-DGB302-9982,6,NO
SE-DGB302-9999,24,SI
SE-DGB303-0069,80,NO
SE-DGB303-0159,12,NO
SE-DGB303-0480,120,NO
SE-DGB303-0481,120,NO
SE-DGB303-0482,120,NO
SE-DGB303-0485,120,SI
SE-DGB303-0486,120,NO
SE-DGB303-0487,40,NO
SE-DGB303-0505,24,SI
SE-DGB303-10110,120,NO
SE-DGB303-10111,80,NO
SE-DGB303-10112,80,NO
SE-DGB303-10113,36,NO
SE-DGB303-10114,48,NO
SE-DGB303-10115,48,SI
SE-DGB303-10117,90,NO
SE-DGB303-10118,20,NO
SE-DGB303-10307,24,NO
SE-DGB303-10308,24,NO
SE-DGB303-10309,24,NO
SE-DGB303-10310,24,NO
SE-DGB303-10311,40,SI
SE-DGB303-10312,40,SI
SE-DGB303-10313,40,SI
SE-DGB303-10320,24,SI
SE-DGB303-10361,24,SI
SE-DGB303-10362,24,SI
SE-DGB303-10363,24,SI
SE-DGB303-1038,80,NO
SE-DGB303-1040,8,NO
SE-DGB303-10449,24,NO
SE-DGB303-1050,80,NO
SE-DGB303-1051,80,SI
SE-DGB303-1052,80,NO
SE-DGB303-1054,80,NO
SE-DGB303-10589,24,NO
SE-DGB303-10710,24,NO
SE-DGB303-10711,24,NO
SE-DGB303-10712,24,NO
SE-DGB303-10713,24,NO
SE-DGB303-10714,24,NO
SE-DGB303-10715,24,NO
SE-DGB303-10986,32,NO
SE-DGB303-11078,120,NO
SE-DGB303-11079,48,NO
SE-DGB303-11126,80,NO
SE-DGB303-11136,24,NO
SE-DGB303-11140,48,NO
SE-DGB303-11142,30,SI
SE-DGB303-11255,24,NO
SE-DGB303-11256,24,SI
SE-DGB303-11257,24,NO
SE-DGB303-11258,24,NO
SE-DGB303-11259,24,NO
SE-DGB303-11330,80,NO
SE-DGB303-11331,80,NO
SE-DGB303-11332,80,NO
SE-DGB303-11338,80,NO
SE-DGB303-11340,80,NO
SE-DGB303-11344,40,SI
SE-DGB303-11346,40,SI
SE-DGB303-11347,40,SI
SE-DGB303-11367,48,SI
SE-DGB303-11375,32,NO
SE-DGB303-11389,24,SI
SE-DGB303-11456,24,NO
SE-DGB303-11673,120,NO
SE-DGB303-11771,48,SI
SE-DGB303-11772,48,SI
SE-DGB303-11774,80,SI
SE-DGB303-11821,16,NO
SE-DGB303-11822,12,NO
SE-DGB303-11859,24,SI
SE-DGB303-11892,10,NO
SE-DGB303-11904,120,SI
SE-DGB303-11905,120,SI
SE-DGB303-11908,48,SI
SE-DGB303-11909,48,SI
SE-DGB303-12043,20,NO
SE-DGB303-12194,120,SI
SE-DGB303-12389,80,SI
SE-DGB303-12390,80,SI
SE-DGB303-12391,80,SI
SE-DGB303-12395,80,SI
SE-DGB303-12396,120,SI
SE-DGB303-12445,120,SI
SE-DGB303-12584,20,NO
SE-DGB303-12782,9,NO
SE-DGB303-12783,9,SI
SE-DGB303-12785,9,NO
SE-DGB303-12846,120,SI
SE-DGB303-12847,12,SI
SE-DGB303-13062,18,NO
SE-DGB303-13266,80,SI
SE-DGB303-13298,20,SI
SE-DGB303-13353,24,SI
SE-DGB303-13383,30,SI
SE-DGB303-13499,48,SI
SE-DGB303-13501,48,SI
SE-DGB303-13616,24,SI
SE-DGB303-13664,24,SI
SE-DGB303-13665,24,SI
SE-DGB303-13666,24,SI
SE-DGB303-13677,120,SI
SE-DGB303-13707,48,SI
SE-DGB303-13710,320,SI
SE-DGB303-1375,72,NO
SE-DGB303-13858,120,SI
SE-DGB303-13859,120,SI
SE-DGB303-14062,48,SI
SE-DGB303-14063,24,SI
SE-DGB303-14065,24,SI
SE-DGB303-14066,120,SI
SE-DGB303-14141,10,SI
SE-DGB303-14183,24,SI
SE-DGB303-14700,40,NO
SE-DGB303-2015,15,NO
SE-DGB303-2122,120,NO
SE-DGB303-2128,200,SI
SE-DGB303-2129,200,NO
SE-DGB303-2701,24,NO
SE-DGB303-2702,24,NO
SE-DGB303-2862,40,SI
SE-DGB303-2900,48,NO
SE-DGB303-3104,40,SI
SE-DGB303-3149,80,NO
SE-DGB303-3152,48,NO
SE-DGB303-3155,80,NO
SE-DGB303-3156,80,NO
SE-DGB303-3331,240,NO
SE-DGB303-3364,24,SI
SE-DGB303-3454,120,SI
SE-DGB303-3455,120,SI
SE-DGB303-3456,120,SI
SE-DGB303-3658,40,SI
SE-DGB303-3830,120,NO
SE-DGB303-4007,120,SI
SE-DGB303-4008,120,SI
SE-DGB303-4082,120,SI
SE-DGB303-4134,120,NO
SE-DGB303-4135,120,NO
SE-DGB303-4248,80,NO
SE-DGB303-4719,20,SI
SE-DGB303-4720,20,SI
SE-DGB303-4721,20,SI
SE-DGB303-4780,200,SI
SE-DGB303-5102,120,SI
SE-DGB303-5544,120,NO
SE-DGB303-5783,48,NO
SE-DGB303-6686,120,SI
SE-DGB303-6687,120,NO
SE-DGB303-6689,48,NO
SE-DGB303-6691,12,NO
SE-DGB303-6696,80,NO
SE-DGB303-7255,320,SI
SE-DGB303-7256,240,NO
SE-DGB303-7591,36,NO
SE-DGB303-7690,30,NO
SE-DGB303-8001,120,NO
SE-DGB303-8036,20,NO
SE-DGB303-8285,15,SI
SE-DGB303-8286,15,SI
SE-DGB303-8290,15,SI
SE-DGB303-8426,40,NO
SE-DGB303-8494,120,SI
SE-DGB303-8541,20,NO
SE-DGB303-8542,20,NO
SE-DGB303-8953,24,NO
SE-DGB303-9247,25,NO
SE-DGB303-9538,48,NO
SE-DGB303-9582,120,SI
SE-DGB303-9749,24,NO
SE-DGB303-9750,24,NO
SE-DGB303-9751,24,NO
SE-DGB303-9753,24,NO
SE-DGB303-9775,12,NO
SE-DGB303-9808,36,NO
SE-DGB303-9809,120,NO
SE-DGB303-9908,24,NO
SE-DGB304-0070,80,NO
SE-DGB304-0160,12,NO
SE-DGB304-0161,8,NO
SE-DGB304-0490,80,NO
SE-DGB304-0492,120,NO
SE-DGB304-0495,120,NO
SE-DGB304-0497,120,NO
SE-DGB304-0498,120,NO
SE-DGB304-0500,120,NO
SE-DGB304-10105,120,NO
SE-DGB304-10410,20,SI
SE-DGB304-10411,20,SI
SE-DGB304-10412,20,SI
SE-DGB304-10413,20,SI
SE-DGB304-1042,8,NO
SE-DGB304-1044,80,NO
SE-DGB304-1053,80,SI
SE-DGB304-1055,80,SI
SE-DGB304-10944,24,NO
SE-DGB304-11074,120,SI
SE-DGB304-11125,80,NO
SE-DGB304-11127,80,NO
SE-DGB304-11130,80,NO
SE-DGB304-11141,48,NO
SE-DGB304-11333,80,SI
SE-DGB304-11336,80,SI
SE-DGB304-11337,80,NO
SE-DGB304-11368,48,SI
SE-DGB304-11551,40,SI
SE-DGB304-11571,90,NO
SE-DGB304-11572,18,NO
SE-DGB304-11573,18,NO
SE-DGB304-11574,18,NO
SE-DGB304-11575,18,NO
SE-DGB304-11773,80,SI
SE-DGB304-11998,36,SI
SE-DGB304-12040,12,NO
SE-DGB304-12041,12,NO
SE-DGB304-12042,20,NO
SE-DGB304-12083,20,NO
SE-DGB304-12099,20,NO
SE-DGB304-12105,24,SI
SE-DGB304-1248,20,SI
SE-DGB304-1249,20,SI
SE-DGB304-12538,120,NO
SE-DGB304-12539,120,NO
SE-DGB304-12540,12,SI
SE-DGB304-1256,20,NO
SE-DGB304-12582,20,NO
SE-DGB304-12583,20,NO
SE-DGB304-12585,120,SI
SE-DGB304-12727,12,SI
SE-DGB304-12807,20,NO
SE-DGB304-12813,80,SI
SE-DGB304-12868,32,SI
SE-DGB304-12869,15,SI
SE-DGB304-13059,8,SI
SE-DGB304-13060,10,NO
SE-DGB304-13061,18,NO
SE-DGB304-13063,21,SI
SE-DGB304-13064,10,SI
SE-DGB304-13065,24,NO
SE-DGB304-13066,12,SI
SE-DGB304-13107,20,SI
SE-DGB304-13138,16,SI
SE-DGB304-13264,80,SI
SE-DGB304-13265,80,SI
SE-DGB304-13498,48,SI
SE-DGB304-13617,24,NO
SE-DGB304-13670,80,SI
SE-DGB304-13671,80,SI
SE-DGB304-13673,80,SI
SE-DGB304-13674,80,SI
SE-DGB304-13844,6,SI
SE-DGB304-13845,8,SI
SE-DGB304-13846,8,SI
SE-DGB304-13847,20,SI
SE-DGB304-13848,8,SI
SE-DGB304-13849,32,SI
SE-DGB304-1398,30,NO
SE-DGB304-14067,12,SI
SE-DGB304-14068,24,SI
SE-DGB304-14069,80,SI
SE-DGB304-14152,80,SI
SE-DGB304-14307,12,SI
SE-DGB304-14692,15,NO
SE-DGB304-14693,15,NO
SE-DGB304-14701,16,NO
SE-DGB304-14702,36,NO
SE-DGB304-14703,120,NO
SE-DGB304-14704,120,NO
SE-DGB304-1874,24,NO
SE-DGB304-2126,200,SI
SE-DGB304-2127,200,SI
SE-DGB304-2350,12,SI
SE-DGB304-2698,60,NO
SE-DGB304-2699,30,NO
SE-DGB304-2700,24,NO
SE-DGB304-2731,120,SI
SE-DGB304-2732,20,NO
SE-DGB304-2918,50,SI
SE-DGB304-2920,48,NO
SE-DGB304-3145,48,NO
SE-DGB304-3151,48,SI
SE-DGB304-3154,48,SI
SE-DGB304-3559,24,SI
SE-DGB304-3595,80,SI
SE-DGB304-3596,80,NO
SE-DGB304-5259,40,SI
SE-DGB304-5513,24,NO
SE-DGB304-5951,40,NO
SE-DGB304-7141,24,NO
SE-DGB304-7142,24,NO
SE-DGB304-7143,24,NO
SE-DGB304-7593,36,NO
SE-DGB304-7669,36,NO
SE-DGB304-7686,36,NO
SE-DGB304-7687,36,NO
SE-DGB304-7689,48,NO
SE-DGB304-7691,8,NO
SE-DGB304-8168,80,NO
SE-DGB304-8329,36,NO
SE-DGB304-8369,48,NO
SE-DGB304-8370,120,NO
SE-DGB304-8428,72,NO
SE-DGB304-9463,64,NO
SE-DGB304-9468,36,NO
SE-DGB304-9516,40,NO
SE-DGB304-9945,12,SI
SE-DGB304-9946,12,SI
SE-DGB304-9947,24,SI
SE-DGB305-0031,8,NO
SE-DGB305-0061,20,NO
SE-DGB305-0068,24,NO
SE-DGB305-0092,12,NO
SE-DGB305-0094,12,NO
SE-DGB305-0203,12,NO
SE-DGB305-0501,80,NO
SE-DGB305-0719,20,NO
SE-DGB305-0723,20,SI
SE-DGB305-0809,10,NO
SE-DGB305-0810,10,NO
SE-DGB305-0811,10,NO
SE-DGB305-0812,10,NO
SE-DGB305-10021,12,SI
SE-DGB305-10028,6,NO
SE-DGB305-10061,20,NO
SE-DGB305-10062,20,NO
SE-DGB305-10063,20,NO
SE-DGB305-1032,20,NO
SE-DGB305-1046,30,NO
SE-DGB305-1047,30,NO
SE-DGB305-1048,30,NO
SE-DGB305-1065,12,NO
SE-DGB305-1066,12,NO
SE-DGB305-11128,80,NO
SE-DGB305-11279,20,SI
SE-DGB305-11280,20,SI
SE-DGB305-11281,20,SI
SE-DGB305-11334,80,SI
SE-DGB305-11376,12,SI
SE-DGB305-11377,12,SI
SE-DGB305-11378,12,NO
SE-DGB305-11379,12,SI
SE-DGB305-11383,12,SI
SE-DGB305-11384,12,SI
SE-DGB305-11385,20,SI
SE-DGB305-11386,20,SI
SE-DGB305-11387,12,SI
SE-DGB305-11388,20,SI
SE-DGB305-11552,12,NO
SE-DGB305-11553,12,SI
SE-DGB305-12000,12,SI
SE-DGB305-12145,48,SI
SE-DGB305-12146,48,SI
SE-DGB305-12147,160,NO
SE-DGB305-12197,20,SI
SE-DGB305-12198,20,SI
SE-DGB305-12199,20,SI
SE-DGB305-1252,20,NO
SE-DGB305-1254,20,SI
SE-DGB305-1255,20,SI
SE-DGB305-12800,24,SI
SE-DGB305-13384,20,SI
SE-DGB305-13650,144,SI
SE-DGB305-13651,144,SI
SE-DGB305-13678,120,SI
SE-DGB305-13679,120,SI
SE-DGB305-13680,160,SI
SE-DGB305-13727,12,SI
SE-DGB305-13728,12,SI
SE-DGB305-13729,12,SI
SE-DGB305-13730,12,SI
SE-DGB305-1376,48,NO
SE-DGB305-1377,48,NO
SE-DGB305-13974,12,SI
SE-DGB305-13975,12,SI
SE-DGB305-13976,12,SI
SE-DGB305-13977,20,SI
SE-DGB305-13978,20,SI
SE-DGB305-13979,20,SI
SE-DGB305-13980,60,SI
SE-DGB305-13981,60,SI
SE-DGB305-13982,60,SI
SE-DGB305-13983,24,SI
SE-DGB305-1409,12,NO
SE-DGB305-1411,12,NO
SE-DGB305-1416,20,NO
SE-DGB305-1417,20,NO
SE-DGB305-1418,20,NO
SE-DGB305-14667,12,NO
SE-DGB305-14668,12,NO
SE-DGB305-14669,12,NO
SE-DGB305-14670,12,NO
SE-DGB305-14671,12,NO
SE-DGB305-1515,36,NO
SE-DGB305-1523,36,SI
SE-DGB305-1524,36,SI
SE-DGB305-1530,36,NO
SE-DGB305-1567,12,NO
SE-DGB305-1568,12,NO
SE-DGB305-1569,12,NO
SE-DGB305-1570,36,NO
SE-DGB305-1575,6,SI
SE-DGB305-1576,10,SI
SE-DGB305-2014,15,NO
SE-DGB305-2016,15,NO
SE-DGB305-2017,15,NO
SE-DGB305-2018,15,NO
SE-DGB305-2019,15,NO
SE-DGB305-2924,12,SI
SE-DGB305-3188,12,NO
SE-DGB305-3857,60,SI
SE-DGB305-4056,144,SI
SE-DGB305-4113,12,NO
SE-DGB305-4114,20,NO
SE-DGB305-4115,12,NO
SE-DGB305-4163,12,NO
SE-DGB305-4165,12,NO
SE-DGB305-4169,10,NO
SE-DGB305-4810,24,NO
SE-DGB305-5505,12,NO
SE-DGB305-5656,90,NO
SE-DGB305-5657,90,NO
SE-DGB305-6280,16,SI
SE-DGB305-6281,12,SI
SE-DGB305-6447,20,NO
SE-DGB305-6761,12,NO
SE-DGB305-7226,12,SI
SE-DGB305-7249,12,NO
SE-DGB305-7594,12,NO
SE-DGB305-7872,24,SI
SE-DGB305-7873,24,SI
SE-DGB305-7878,24,NO
SE-DGB305-7879,12,SI
SE-DGB305-7999,12,NO
SE-DGB305-8255,12,NO
SE-DGB305-8256,12,NO
SE-DGB305-8257,12,NO
SE-DGB305-8258,12,NO
SE-DGB305-8266,12,SI
SE-DGB305-8267,12,NO
SE-DGB305-8287,12,NO
SE-DGB305-8288,12,NO
SE-DGB305-8296,12,NO
SE-DGB305-8429,60,NO
SE-DGB305-9699,12,NO
SE-DGB305-9945,12,NO
SE-DGB305-9987,12,NO
SE-DGB305-9988,12,NO
SE-DGB305-9989,10,NO
SE-DGB306-10001,12,SI
SE-DGB306-10002,12,SI
SE-DGB306-10003,24,SI
SE-DGB306-10004,24,SI
SE-DGB306-10634,12,SI
SE-DGB306-10635,12,SI
SE-DGB306-10636,12,SI
SE-DGB306-10637,12,SI
SE-DGB306-10638,12,SI
SE-DGB306-11206,25,SI
SE-DGB306-11207,18,SI
SE-DGB306-11620,47,NO
SE-DGB306-11621,47,NO
SE-DGB306-11622,47,NO
SE-DGB306-11623,42,NO
SE-DGB306-11624,42,NO
SE-DGB306-11625,42,NO
SE-DGB306-11970,4,NO
SE-DGB306-11971,4,NO
SE-DGB306-11972,4,SI
SE-DGB306-11973,4,SI
SE-DGB306-11974,4,SI
SE-DGB306-11975,4,SI
SE-DGB306-1207,40,NO
SE-DGB306-13686,72,SI
SE-DGB306-13687,72,SI
SE-DGB306-13688,72,SI
SE-DGB306-13860,24,SI
SE-DGB306-13861,24,SI
SE-DGB306-13862,24,SI
SE-DGB306-13973,12,SI
SE-DGB306-14081,12,SI
SE-DGB306-14082,12,SI
SE-DGB306-14083,12,SI
SE-DGB306-14084,12,SI
SE-DGB306-14085,12,SI
SE-DGB306-1495,300,NO
SE-DGB306-1558,12,SI
SE-DGB306-1559,12,SI
SE-DGB306-1560,12,SI
SE-DGB306-1561,12,SI
SE-DGB306-1562,12,SI
SE-DGB306-2697,15,NO
SE-DGB306-3535,240,NO
SE-DGB306-4408,20,SI
SE-DGB306-4512,12,NO
SE-DGB306-4513,12,NO
SE-DGB306-4514,12,NO
SE-DGB306-4515,12,NO
SE-DGB306-4516,12,NO
SE-DGB306-4606,12,SI
SE-DGB306-4608,24,SI
SE-DGB306-8964,6,NO
SE-DGB307-14342,15,NO
SE-DGB307-2940,60,NO
SE-DGB307-4894,40,NO
SE-DGB307-4895,30,NO
SE-DGB307-6156,60,NO
SE-DGB307-6159,40,NO
SE-DGB308-12447,40,SI
SE-DGB308-12448,40,SI
SE-DGB308-12449,40,SI
SE-DGB308-12450,40,SI
SE-DGB308-12451,40,SI
SE-DGB308-12452,10,SI
SE-DGB309-10264,24,SI
SE-DGB309-10265,24,SI
SE-DGB309-10266,24,NO
SE-DGB309-10267,24,SI
SE-DGB309-10268,24,SI
SE-DGB309-10272,24,SI
SE-DGB309-10273,24,SI
SE-DGB309-10274,24,SI
SE-DGB309-10275,24,SI
SE-DGB309-10276,12,SI
SE-DGB309-10277,12,SI
SE-DGB309-10278,12,SI
SE-DGB309-10279,12,NO
SE-DGB309-10280,12,SI
SE-DGB309-10341,24,SI
SE-DGB309-10342,24,SI
SE-DGB309-10343,24,SI
SE-DGB309-10344,24,NO
SE-DGB309-10349,24,SI
SE-DGB309-10350,24,NO
SE-DGB309-10351,12,SI
SE-DGB309-10352,24,SI
SE-DGB309-10355,24,SI
SE-DGB309-11544,12,SI
SE-DGB309-11545,12,SI
SE-DGB309-11560,12,SI
SE-DGB309-11561,24,SI
SE-DGB309-11562,24,SI
SE-DGB309-11644,90,SI
SE-DGB309-11645,90,SI
SE-DGB309-11646,90,SI
SE-DGB309-11647,90,SI
SE-DGB309-11752,22,NO
SE-DGB309-11823,24,SI
SE-DGB309-11824,24,SI
SE-DGB309-11825,24,SI
SE-DGB309-11826,24,SI
SE-DGB309-11827,24,SI
SE-DGB309-11828,24,NO
SE-DGB309-11829,24,SI
SE-DGB309-11830,24,SI
SE-DGB309-12071,15,NO
SE-DGB309-12072,12,NO
SE-DGB309-12073,12,NO
SE-DGB309-12074,12,NO
SE-DGB309-12075,12,NO
SE-DGB309-12076,12,NO
SE-DGB309-12077,12,NO
SE-DGB309-12078,12,NO
SE-DGB309-12079,12,NO
SE-DGB309-12080,12,NO
SE-DGB309-12081,20,NO
SE-DGB309-12082,12,NO
SE-DGB309-12121,12,SI
SE-DGB309-12122,12,SI
SE-DGB309-12123,12,SI
SE-DGB309-12124,12,SI
SE-DGB309-12125,12,SI
SE-DGB309-12235,24,SI
SE-DGB309-12236,24,SI
SE-DGB309-12237,24,SI
SE-DGB309-12238,24,SI
SE-DGB309-12722,12,SI
SE-DGB309-12723,12,SI
SE-DGB309-12725,12,SI
SE-DGB309-12726,12,SI
SE-DGB309-12742,24,NO
SE-DGB309-12743,24,NO
SE-DGB309-12744,24,NO
SE-DGB309-12745,24,NO
SE-DGB309-12746,24,NO
SE-DGB309-12747,24,NO
SE-DGB309-12786,8,SI
SE-DGB309-12787,8,SI
SE-DGB309-12788,12,SI
SE-DGB309-12789,12,SI
SE-DGB309-12790,12,SI
SE-DGB309-12791,12,SI
SE-DGB309-12792,12,SI
SE-DGB309-12793,12,SI
SE-DGB309-12794,12,SI
SE-DGB309-12795,12,SI
SE-DGB309-12796,12,SI
SE-DGB309-12797,12,SI
SE-DGB309-13089,8,SI
SE-DGB309-13109,8,SI
SE-DGB309-13110,16,SI
SE-DGB309-13905,8,SI
SE-DGB309-13906,8,SI
SE-DGB309-13907,24,SI
SE-DGB309-14539,12,NO
SE-DGB309-14540,12,NO
SE-DGB309-6096,24,SI
SE-DGB309-7556,90,SI
SE-DGB309-7557,90,SI
SE-DGB309-7558,90,SI
SE-DGB309-7559,90,SI
SE-DGB309-9605,24,NO
SE-DGB310-6351,6,NO
SE-DGB310-6358,75,NO
SE-DGB310-6360,75,NO
SE-DGB310-6361,30,NO
SE-DGB311-6357,12,NO
SE-DGB313-12715,12,NO
SE-DGB313-12716,12,NO
SE-DGB313-12717,12,NO
SE-DGB313-12718,12,SI
SE-DGB313-12719,12,SI
SE-DGB313-12720,12,SI
SE-DGB313-12721,12,SI
SE-DGB313-14335,24,NO
SE-DGB313-6352,12,NO
SE-DGB313-6353,12,NO
SE-DGB313-6354,12,NO
SE-DGB349-0546,20,NO
SE-DGB349-0547,20,NO
SE-DGB349-0815,180,NO
SE-DGB349-11601,20,SI
SE-DGB349-11602,20,NO
SE-DGB349-11603,20,SI
SE-DGB349-11604,20,SI
SE-DGB349-11605,12,SI
SE-DGB349-11606,12,SI
SE-DGB349-11699,40,SI
SE-DGB349-11700,40,SI
SE-DGB349-11709,8,SI
SE-DGB349-12969,48,NO
SE-DGB349-13287,20,NO
SE-DGB349-13289,20,SI
SE-DGB349-13292,20,SI
SE-DGB349-13293,20,SI
SE-DGB349-13294,20,SI
SE-DGB349-1529,30,NO
SE-DGB349-2840,20,NO
SE-DGB349-2841,80,NO
SE-DGB349-3365,10,SI
SE-DGB349-3855,30,SI
SE-DGB349-3856,30,SI
SE-DGB349-4474,40,SI
SE-DGB349-4814,60,SI
SE-DGB349-7086,12,SI
SE-DGB349-7123,10,NO
SE-DGB349-7760,20,NO
SE-DGB349-7761,20,SI
SE-DGB349-7762,20,NO
SE-DGB349-7765,8,SI
SE-DGB349-7766,8,SI
SE-DGB352-13286,20,SI
SE-DGB352-13288,20,SI
SE-DGB352-13290,20,SI
SE-DGB352-13291,20,SI
SE-FLV359-10592,6,NO
SE-FLV359-11659,6,NO
SE-FVL352-6350,108,NO
SE-FVL353-0648,24,SI
SE-FVL353-0820,24,NO
SE-FVL353-0835,24,NO
SE-FVL353-5553,6,NO
SE-FVL353-8706,24,NO
SE-FVL354-7555,10,SI
SE-FVL357-13547,10,SI
SE-FVL357-13548,48,SI
SE-FVL357-3006,12,NO
SE-FVL357-5277,48,SI
SE-FVL357-5279,48,SI
SE-FVL357-5297,9,NO
SE-FVL357-5938,20,SI
SE-FVL357-5950,40,SI
SE-FVL357-5991,9,NO
SE-FVL357-5992,9,NO
SE-FVL357-7147,12,NO
SE-FVL358-0211,24,NO
SE-FVL358-0212,24,NO
SE-FVL358-0805,6,SI
SE-FVL358-0856,50,NO
SE-FVL358-10122,6,SI
SE-FVL358-12070,50,SI
SE-FVL358-14181,6,SI
SE-FVL358-14293,10,SI
SE-FVL358-14345,20,SI
SE-FVL358-1546,6,NO
SE-FVL358-1547,130,SI
SE-FVL358-1548,5,SI
SE-FVL358-2097,80,NO
SE-FVL358-2098,6,SI
SE-FVL358-7737,50,SI
SE-FVL359-0053,6,SI
SE-FVL359-0102,6,SI
SE-FVL359-0103,24,SI
SE-FVL359-0569,48,NO
SE-FVL359-0647,6,SI
SE-FVL359-12732,24,SI
SE-FVL359-12733,24,SI
SE-FVL359-12734,24,SI
SE-FVL359-12735,24,SI
SE-FVL359-12736,6,SI
SE-FVL359-12737,6,SI
SE-FVL359-2136,6,SI
SE-FVL359-3071,6,NO
SE-FVL359-5255,24,NO
SE-FVL359-5256,12,NO
SE-FVL359-5257,12,NO
SE-FVL359-6121,48,NO
SE-FVL359-6138,12,SI
SE-FVL359-8461,6,NO
SE-FVL359-8627,6,NO
SE-FVL359-9759,6,SI
SE-FVL359-9873,6,NO
SE-FVL397-6348,30,NO
SE-FVL398-12609,36,SI
SE-FVL398-12610,36,SI
SE-FVL398-12611,36,SI
SE-FVL398-12612,12,SI
SE-FVL398-12613,12,SI
SE-FVL398-12614,12,SI
SE-FVL398-3514,12,NO
SE-FVL398-4412,10,SI
SE-FVL398-4442,72,SI
SE-FVL398-4445,72,SI
SE-FVL398-5295,10,NO
SE-FVL398-5573,12,NO
SE-FVL398-8131,60,NO
SE-FVL398-8132,60,NO
SE-FVL399-0151,40,SI
SE-FVL399-13022,24,NO
SE-FVL399-5313,12,NO
SE-FVL399-6124,30,NO
SE-FVL399-9340,20,NO
SE-HYE400-0240,24,SI
SE-HYE400-0241,24,SI
SE-HYE400-0830,36,SI
SE-HYE400-11101,50,NO
SE-HYE400-11102,50,SI
SE-HYE400-12086,20,SI
SE-HYE400-12088,20,SI
SE-HYE400-1535,10,NO
SE-HYE400-2933,15,NO
SE-HYE400-2934,15,NO
SE-HYE400-4503,30,NO
SE-HYE400-4505,30,NO
SE-HYE400-4771,12,SI
SE-HYE400-8328,40,NO
SE-HYE400-8344,40,NO
SE-HYE401-1217,15,SI
SE-HYE401-1220,30,NO
SE-HYE401-1225,15,SI
SE-HYE401-1228,15,SI
SE-HYE401-1229,40,NO
SE-HYE401-13991,12,SI
SE-HYE401-13992,12,SI
SE-HYE401-1550,15,NO
SE-HYE401-2558,12,SI
SE-HYE401-2597,12,SI
SE-HYE401-3785,50,NO
SE-HYE401-4684,6,NO
SE-HYE401-4768,10,SI
SE-HYE401-6433,10,NO
SE-HYE402-1218,40,SI
SE-HYE402-1219,20,NO
SE-HYE402-1536,12,NO
SE-HYE402-1970,15,SI
SE-HYE402-4675,10,SI
SE-HYE402-4683,6,NO
SE-HYE402-6733,10,SI
SE-HYE402-9566,12,NO
SE-HYE403-1525,36,SI
SE-HYE403-9567,12,NO
SE-HYE403-9568,12,NO
SE-HYE449-0107,6,SI
SE-HYE449-0242,24,SI
SE-HYE449-0508,40,NO
SE-HYE449-0509,40,NO
SE-HYE449-10281,42,SI
SE-HYE449-10282,18,SI
SE-HYE449-10380,10,NO
SE-HYE449-10600,80,SI
SE-HYE449-10601,80,SI
SE-HYE449-10602,80,SI
SE-HYE449-10990,12,SI
SE-HYE449-10997,50,NO
SE-HYE449-11100,50,SI
SE-HYE449-11109,50,SI
SE-HYE449-11110,50,SI
SE-HYE449-11111,50,SI
SE-HYE449-11984,6,NO
SE-HYE449-12001,6,SI
SE-HYE449-12087,20,SI
SE-HYE449-12098,24,SI
SE-HYE449-12110,20,SI
SE-HYE449-12519,40,SI
SE-HYE449-12604,14,SI
SE-HYE449-12605,30,SI
SE-HYE449-12679,50,SI
SE-HYE449-12849,10,NO
SE-HYE449-12850,10,NO
SE-HYE449-12896,30,NO
SE-HYE449-12897,30,NO
SE-HYE449-12898,30,NO
SE-HYE449-12899,30,NO
SE-HYE449-12900,30,NO
SE-HYE449-13972,25,SI
SE-HYE449-14336,10,NO
SE-HYE449-14337,10,NO
SE-HYE449-14420,10,SI
SE-HYE449-14430,10,NO
SE-HYE449-14431,10,NO
SE-HYE449-14432,10,NO
SE-HYE449-1519,20,NO
SE-HYE449-2022,6,NO
SE-HYE449-2836,6,NO
SE-HYE449-2837,120,NO
SE-HYE449-4504,60,NO
SE-HYE449-4506,10,NO
SE-HYE449-4665,40,NO
SE-HYE449-4674,10,SI
SE-HYE449-4701,24,SI
SE-HYE449-4762,10,SI
SE-HYE449-5497,10,SI
SE-HYE449-5555,50,NO
SE-HYE449-5556,50,NO
SE-HYE449-5557,50,NO
SE-HYE449-5581,40,SI
SE-HYE449-5666,24,NO
SE-HYE449-6729,10,NO
SE-HYE449-6877,10,SI
SE-HYE449-7635,24,SI
SE-HYE449-7736,40,SI
SE-HYE449-7799,20,NO
SE-HYE449-8425,24,SI
SE-HYE449-9659,60,NO
SE-HYE449-9721,20,SI
SE-HYE556-14433,10,NO
SE-MTP949-8965,3,NO
SE-MTP949-8966,4,NO
SE-PDM450-0175,40,NO
SE-PDM450-0469,80,NO
SE-PDM450-0844,24,NO
SE-PDM450-1030,20,NO
SE-PDM450-10464,80,NO
SE-PDM450-10465,120,NO
SE-PDM450-10466,120,NO
SE-PDM450-10467,60,SI
SE-PDM450-10468,80,NO
SE-PDM450-10894,5,NO
SE-PDM450-1093,48,NO
SE-PDM450-11349,8,NO
SE-PDM450-11380,80,NO
SE-PDM450-11467,120,NO
SE-PDM450-11468,120,NO
SE-PDM450-1155,20,NO
SE-PDM450-1190,12,NO
SE-PDM450-11906,10,NO
SE-PDM450-11907,10,NO
SE-PDM450-1191,20,NO
SE-PDM450-1192,48,NO
SE-PDM450-12012,48,NO
SE-PDM450-12013,48,NO
SE-PDM450-12014,48,NO
SE-PDM450-12015,48,NO
SE-PDM450-12016,108,NO
SE-PDM450-12017,108,NO
SE-PDM450-12018,108,SI
SE-PDM450-12019,108,NO
SE-PDM450-12020,48,NO
SE-PDM450-12021,48,NO
SE-PDM450-12022,48,NO
SE-PDM450-12102,10,SI
SE-PDM450-12103,20,NO
SE-PDM450-12140,15,SI
SE-PDM450-12509,80,SI
SE-PDM450-12560,80,SI
SE-PDM450-12561,80,SI
SE-PDM450-12602,24,SI
SE-PDM450-12820,72,SI
SE-PDM450-12852,9,NO
SE-PDM450-12853,12,NO
SE-PDM450-12854,12,NO
SE-PDM450-12855,12,NO
SE-PDM450-12856,12,NO
SE-PDM450-12967,12,SI
SE-PDM450-13015,20,SI
SE-PDM450-13035,40,SI
SE-PDM450-13259,5,SI
SE-PDM450-13331,10,SI
SE-PDM450-13357,120,SI
SE-PDM450-13358,120,SI
SE-PDM450-13562,5,NO
SE-PDM450-13668,10,SI
SE-PDM450-14434,24,NO
SE-PDM450-14435,24,NO
SE-PDM450-14436,24,NO
SE-PDM450-14560,10,SI
SE-PDM450-1501,48,NO
SE-PDM450-1505,5,NO
SE-PDM450-1542,8,NO
SE-PDM450-1798,40,SI
SE-PDM450-1910,40,SI
SE-PDM450-1912,24,SI
SE-PDM450-1913,40,SI
SE-PDM450-1914,10,SI
SE-PDM450-1915,10,SI
SE-PDM450-1916,40,SI
SE-PDM450-2034,24,SI
SE-PDM450-2035,10,SI
SE-PDM450-2036,36,SI
SE-PDM450-2037,12,SI
SE-PDM450-2038,36,SI
SE-PDM450-2039,12,NO
SE-PDM450-2040,36,SI
SE-PDM450-2050,12,NO
SE-PDM450-2051,8,NO
SE-PDM450-2055,10,NO
SE-PDM450-2056,10,NO
SE-PDM450-2063,60,NO
SE-PDM450-2095,8,NO
SE-PDM450-2811,10,SI
SE-PDM450-2812,10,SI
SE-PDM450-2867,24,NO
SE-PDM450-3140,80,NO
SE-PDM450-3517,6,NO
SE-PDM450-3524,6,SI
SE-PDM450-4086,12,SI
SE-PDM450-5350,5,SI
SE-PDM450-5475,12,SI
SE-PDM450-5526,40,SI
SE-PDM450-5528,80,SI
SE-PDM450-5529,40,NO
SE-PDM450-6051,20,NO
SE-PDM450-6053,80,NO
SE-PDM450-6054,60,NO
SE-PDM450-6261,80,SI
SE-PDM450-6859,10,NO
SE-PDM450-7183,60,NO
SE-PDM450-7184,120,NO
SE-PDM450-7185,120,NO
SE-PDM450-7186,120,NO
SE-PDM450-8143,10,NO
SE-PDM450-8454,24,SI
SE-PDM450-8636,40,SI
SE-PDM450-8637,60,NO
SE-PDM450-8638,24,NO
SE-PDM450-8639,80,SI
SE-PDM450-8648,12,SI
SE-PDM450-8649,4,SI
SE-PDM453-10345,20,SI
SE-PDM453-10346,10,SI
SE-PDM453-5750,48,NO
SE-PDM453-7133,120,NO
SE-PDM455-0716,24,NO
SE-PDM455-0717,48,NO
SE-PDM455-0965,48,NO
SE-PDM455-0966,60,NO
SE-PDM455-0967,60,NO
SE-PDM455-1233,48,NO
SE-PDM455-1234,60,NO
SE-PDM455-1237,48,NO
SE-PDM455-12976,48,SI
SE-PDM455-14070,48,SI
SE-PDM455-14071,48,SI
SE-PDM455-14072,60,SI
SE-PDM455-14073,48,SI
SE-PDM455-14074,60,SI
SE-PDM455-14075,60,SI
SE-PDM455-14076,60,SI
SE-PDM455-14077,48,SI
SE-PDM455-2041,50,NO
SE-PDM455-2858,48,NO
SE-PDM455-2859,48,NO
SE-PDM455-3531,48,NO
SE-PDM455-5748,48,NO
SE-PDM455-5749,24,NO
SE-PDM455-5751,24,NO
SE-PDM455-5752,24,NO
SE-PDM455-5753,24,NO
SE-PDM455-5754,24,NO
SE-PDM455-5759,48,NO
SE-PDM456-2058,50,NO
SE-PDM456-2059,7,NO
SE-PDM457-0566,6,NO
SE-PDM457-10612,36,NO
SE-PDM457-11392,6,SI
SE-PDM457-11393,12,SI
SE-PDM457-12207,12,SI
SE-PDM457-13010,10,SI
SE-PDM457-13011,30,SI
SE-PDM457-1506,100,NO
SE-PDM457-1507,100,NO
SE-PDM457-1571,100,NO
SE-PDM457-2186,40,NO
SE-PDM457-2860,24,NO
SE-PDM457-3141,30,NO
SE-PDM457-3328,20,NO
SE-PDM457-4671,6,SI
SE-PDM457-7812,30,NO
SE-PDM457-7813,12,NO
SE-PDM457-7814,24,NO
SE-PDM499-1232,24,NO
SE-PDM499-12977,48,SI
SE-PDM499-14078,48,SI
SE-PDM499-5278,48,SI
SE-PDM499-5289,48,NO
SE-PDM499-6029,96,NO
SE-PDM499-6030,96,NO
SE-PDM499-6040,36,SI
SE-PPA920-13595,64,SI
SE-PPA920-13596,64,SI
SE-PPA920-13597,64,SI
SE-PPA920-13598,64,SI
SE-PPA920-13599,64,SI
SE-PPA920-13600,64,SI
SE-PPA920-14694,16,NO
SE-PPA920-14695,16,NO
SE-PPA920-14696,16,NO
SE-PPA920-14697,16,NO
SE-SAL500-0074,12,SI
SE-SAL500-0842,6,SI
SE-SAL500-0843,6,NO
SE-SAL500-0858,16,SI
SE-SAL500-0859,6,SI
SE-SAL500-0863,12,SI
SE-SAL500-0864,6,SI
SE-SAL500-0879,12,SI
SE-SAL500-0882,12,SI
SE-SAL500-0883,6,SI
SE-SAL500-0885,12,SI
SE-SAL500-0886,6,NO
SE-SAL500-0887,6,SI
SE-SAL500-0888,12,SI
SE-SAL500-0891,6,SI
SE-SAL500-0892,6,SI
SE-SAL500-0893,6,NO
SE-SAL500-0894,6,SI
SE-SAL500-0895,24,NO
SE-SAL500-0896,12,SI
SE-SAL500-0897,12,SI
SE-SAL500-0898,6,NO
SE-SAL500-0899,6,SI
SE-SAL500-0900,12,SI
SE-SAL500-0901,12,SI
SE-SAL500-0907,6,NO
SE-SAL500-0912,24,NO
SE-SAL500-0913,12,SI
SE-SAL500-0914,12,SI
SE-SAL500-0915,12,NO
SE-SAL500-10119,6,SI
SE-SAL500-10328,6,SI
SE-SAL500-10692,6,NO
SE-SAL500-11584,12,NO
SE-SAL500-11999,12,SI
SE-SAL500-12516,12,NO
SE-SAL500-13618,24,SI
SE-SAL500-13624,12,SI
SE-SAL500-3033,24,SI
SE-SAL500-3489,12,NO
SE-SAL500-3490,12,NO
SE-SAL500-4231,3,SI
SE-SAL500-4748,4,SI
SE-SAL500-6122,12,NO
SE-SAL500-8371,6,NO
SE-SAL500-9963,6,SI
SE-SAL501-0218,8,SI
SE-SAL501-10882,24,SI
SE-SAL501-11840,12,NO
SE-SAL501-11841,12,NO
SE-SAL501-11842,20,SI
SE-SAL501-11843,20,SI
SE-SAL501-12427,24,SI
SE-SAL501-12440,20,SI
SE-SAL501-12851,15,SI
SE-SAL501-12860,12,NO
SE-SAL501-12861,12,SI
SE-SAL501-12862,12,NO
SE-SAL501-12985,16,SI
SE-SAL501-14416,6,SI
SE-SAL501-4680,15,SI
SE-SAL501-7084,12,SI
SE-SAL501-8723,24,SI
SE-SAL501-8724,24,SI
SE-SAL501-9157,12,NO
SE-SAL502-0158,12,NO
SE-SAL502-0780,12,SI
SE-SAL502-0786,6,NO
SE-SAL502-0787,6,SI
SE-SAL502-0792,12,NO
SE-SAL502-0793,12,SI
SE-SAL502-0794,6,SI
SE-SAL502-0795,6,SI
SE-SAL502-0796,4,SI
SE-SAL502-0797,6,SI
SE-SAL502-0801,6,SI
SE-SAL502-0865,12,SI
SE-SAL502-0903,6,SI
SE-SAL502-0905,6,SI
SE-SAL502-0906,12,SI
SE-SAL502-0910,12,SI
SE-SAL502-0911,12,SI
SE-SAL502-10074,12,SI
SE-SAL502-10075,12,SI
SE-SAL502-10076,12,NO
SE-SAL502-10098,12,SI
SE-SAL502-11086,6,SI
SE-SAL502-11217,6,NO
SE-SAL502-1195,12,NO
SE-SAL502-12514,12,NO
SE-SAL502-12515,12,NO
SE-SAL502-12537,12,NO
SE-SAL502-12821,24,SI
SE-SAL502-12822,24,SI
SE-SAL502-12823,24,SI
SE-SAL502-12835,24,SI
SE-SAL502-13053,6,SI
SE-SAL502-13054,12,SI
SE-SAL502-13452,30,SI
SE-SAL502-1351,12,SI
SE-SAL502-1352,12,SI
SE-SAL502-1353,24,SI
SE-SAL502-1354,24,SI
SE-SAL502-13568,12,SI
SE-SAL502-14283,20,SI
SE-SAL502-14284,30,SI
SE-SAL502-14285,90,SI
SE-SAL502-14308,6,NO
SE-SAL502-14404,12,NO
SE-SAL502-14721,6,NO
SE-SAL502-1938,16,SI
SE-SAL502-1939,12,SI
SE-SAL502-1940,19,SI
SE-SAL502-1941,24,SI
SE-SAL502-2065,6,SI
SE-SAL502-2066,4,NO
SE-SAL502-2067,6,SI
SE-SAL502-2068,6,SI
SE-SAL502-2069,15,NO
SE-SAL502-2070,6,SI
SE-SAL502-2071,6,SI
SE-SAL502-2072,6,SI
SE-SAL502-2075,15,SI
SE-SAL502-2076,6,SI
SE-SAL502-2080,12,SI
SE-SAL502-2081,6,SI
SE-SAL502-2082,4,NO
SE-SAL502-2278,6,SI
SE-SAL502-2917,12,SI
SE-SAL502-2957,16,NO
SE-SAL502-3448,6,NO
SE-SAL502-3712,6,SI
SE-SAL502-4203,6,NO
SE-SAL502-4847,12,NO
SE-SAL502-5165,12,NO
SE-SAL502-5166,16,NO
SE-SAL502-5728,12,NO
SE-SAL502-5955,6,SI
SE-SAL502-6347,6,SI
SE-SAL502-7156,12,NO
SE-SAL502-7157,12,SI
SE-SAL502-7158,12,SI
SE-SAL502-7159,12,SI
SE-SAL502-7243,6,SI
SE-SAL502-7664,12,NO
SE-SAL502-7784,12,NO
SE-SAL502-8456,12,NO
SE-SAL502-9334,24,NO
SE-SAL502-9540,15,SI
SE-SAL502-9865,4,SI
SE-SAL503-0073,20,NO
SE-SAL503-0075,30,NO
SE-SAL503-0076,20,NO
SE-SAL503-0077,20,NO
SE-SAL503-0078,20,NO
SE-SAL503-0083,30,NO
SE-SAL503-0084,6,NO
SE-SAL503-0085,30,NO
SE-SAL503-0086,20,NO
SE-SAL503-0087,6,NO
SE-SAL503-0221,12,SI
SE-SAL503-0222,12,SI
SE-SAL503-0226,12,NO
SE-SAL503-0227,12,SI
SE-SAL503-0228,12,SI
SE-SAL503-0229,6,NO
SE-SAL503-0230,8,NO
SE-SAL503-0617,6,NO
SE-SAL503-0711,6,SI
SE-SAL503-0712,20,NO
SE-SAL503-0714,30,NO
SE-SAL503-0777,9,NO
SE-SAL503-0779,12,NO
SE-SAL503-0790,12,SI
SE-SAL503-0798,12,NO
SE-SAL503-0802,12,SI
SE-SAL503-0803,6,SI
SE-SAL503-10130,12,SI
SE-SAL503-10131,12,SI
SE-SAL503-10132,12,SI
SE-SAL503-10623,6,NO
SE-SAL503-1074,12,NO
SE-SAL503-1075,12,SI
SE-SAL503-1077,12,NO
SE-SAL503-1083,6,NO
SE-SAL503-10895,4,SI
SE-SAL503-1128,6,SI
SE-SAL503-12045,6,SI
SE-SAL503-12085,48,SI
SE-SAL503-12112,30,SI
SE-SAL503-12113,30,SI
SE-SAL503-12114,30,SI
SE-SAL503-12115,6,SI
SE-SAL503-12116,6,NO
SE-SAL503-12117,6,SI
SE-SAL503-12142,6,SI
SE-SAL503-12143,20,SI
SE-SAL503-12144,20,SI
SE-SAL503-12520,20,SI
SE-SAL503-13050,6,SI
SE-SAL503-13051,6,SI
SE-SAL503-13090,8,SI
SE-SAL503-13188,6,SI
SE-SAL503-13415,6,SI
SE-SAL503-13451,30,SI
SE-SAL503-13586,6,SI
SE-SAL503-14417,6,SI
SE-SAL503-14418,6,SI
SE-SAL503-14419,6,SI
SE-SAL503-14421,12,SI
SE-SAL503-14422,12,SI
SE-SAL503-1933,16,NO
SE-SAL503-1934,16,SI
SE-SAL503-1935,15,SI
SE-SAL503-2084,12,NO
SE-SAL503-2270,6,SI
SE-SAL503-2271,6,SI
SE-SAL503-2908,4,SI
SE-SAL503-3447,6,SI
SE-SAL503-3541,12,SI
SE-SAL503-3657,6,SI
SE-SAL503-3784,6,NO
SE-SAL503-4154,6,NO
SE-SAL503-4215,12,SI
SE-SAL503-4216,12,SI
SE-SAL503-4795,20,NO
SE-SAL503-4796,20,NO
SE-SAL503-4797,20,NO
SE-SAL503-4801,40,SI
SE-SAL503-4802,6,NO
SE-SAL503-5167,16,NO
SE-SAL503-5290,48,NO
SE-SAL503-5380,4,NO
SE-SAL503-5518,12,NO
SE-SAL503-6106,24,NO
SE-SAL503-6755,12,SI
SE-SAL503-6870,12,SI
SE-SAL503-7077,6,NO
SE-SAL503-7968,12,NO
SE-SAL503-8584,12,SI
SE-SAL503-8587,12,SI
SE-SAL503-8684,12,SI
SE-SAL503-9689,12,SI
SE-SAL503-9690,12,SI
SE-SAL503-9729,6,SI
SE-SAL503-9894,20,NO
SE-SAL503-9920,6,NO
SE-SAL503-9921,6,NO
SE-SAL504-0002,12,SI
SE-SAL504-0130,6,SI
SE-SAL504-0155,24,SI
SE-SAL504-0908,12,SI
SE-SAL504-0940,24,SI
SE-SAL504-0941,12,SI
SE-SAL504-0942,3,SI
SE-SAL504-10293,12,SI
SE-SAL504-10414,36,SI
SE-SAL504-10415,12,SI
SE-SAL504-10426,36,SI
SE-SAL504-10427,24,SI
SE-SAL504-10428,12,SI
SE-SAL504-11609,24,NO
SE-SAL504-11628,4,SI
SE-SAL504-11629,24,SI
SE-SAL504-11630,12,SI
SE-SAL504-11899,24,SI
SE-SAL504-11901,24,SI
SE-SAL504-1316,12,SI
SE-SAL504-13301,24,SI
SE-SAL504-13569,12,NO
SE-SAL504-13570,24,NO
SE-SAL504-13571,12,NO
SE-SAL504-13572,24,NO
SE-SAL504-13573,12,NO
SE-SAL504-13574,12,NO
SE-SAL504-13575,12,NO
SE-SAL504-13576,24,NO
SE-SAL504-13577,12,NO
SE-SAL504-13578,24,NO
SE-SAL504-13579,12,NO
SE-SAL504-13580,12,NO
SE-SAL504-13582,12,NO
SE-SAL504-13583,12,NO
SE-SAL504-13584,12,NO
SE-SAL504-13585,24,NO
SE-SAL504-1861,12,SI
SE-SAL504-2849,12,NO
SE-SAL504-2887,4,NO
SE-SAL504-3484,24,SI
SE-SAL504-4146,12,SI
SE-SAL504-4640,12,SI
SE-SAL504-6135,12,SI
SE-SAL504-7787,12,SI
SE-SAL505-0549,12,SI
SE-SAL505-0550,24,SI
SE-SAL505-0552,3,SI
SE-SAL505-0553,24,SI
SE-SAL505-10746,12,SI
SE-SAL505-10747,4,SI
SE-SAL505-1399,12,SI
SE-SAL505-2008,3,SI
SE-SAL549-0560,60,SI
SE-SAL549-0789,12,SI
SE-SAL549-0799,6,NO
SE-SAL549-0800,12,SI
SE-SAL549-0860,5,SI
SE-SAL549-0861,5,SI
SE-SAL549-10292,60,SI
SE-SAL549-1036,3,NO
SE-SAL549-10429,48,NO
SE-SAL549-10614,2,NO
SE-SAL549-10618,10,NO
SE-SAL549-10744,12,SI
SE-SAL549-10745,4,SI
SE-SAL549-10988,40,SI
SE-SAL549-11091,40,SI
SE-SAL549-11112,12,SI
SE-SAL549-11131,40,SI
SE-SAL549-11148,6,NO
SE-SAL549-11490,12,NO
SE-SAL549-11491,3,SI
SE-SAL549-11600,14,NO
SE-SAL549-11610,24,SI
SE-SAL549-11611,12,SI
SE-SAL549-11778,12,SI
SE-SAL549-12891,12,NO
SE-SAL549-12892,12,NO
SE-SAL549-12893,12,NO
SE-SAL549-12894,12,NO
SE-SAL549-12895,12,NO
SE-SAL549-13047,12,SI
SE-SAL549-13048,12,SI
SE-SAL549-13049,12,SI
SE-SAL549-13485,8,SI
SE-SAL549-13494,4,SI
SE-SAL549-13581,6,NO
SE-SAL549-13735,72,SI
SE-SAL549-13736,72,SI
SE-SAL549-13737,72,SI
SE-SAL549-13738,72,SI
SE-SAL549-14044,20,SI
SE-SAL549-14045,20,SI
SE-SAL549-14096,12,SI
SE-SAL549-14097,6,SI
SE-SAL549-14098,12,NO
SE-SAL549-14099,6,NO
SE-SAL549-14246,12,SI
SE-SAL549-14277,12,SI
SE-SAL549-1769,12,SI
SE-SAL549-1770,12,SI
SE-SAL549-3005,12,NO
SE-SAL549-4449,4,NO
SE-SAL549-4450,4,NO
SE-SAL549-4792,4,NO
SE-SAL549-4793,4,NO
SE-SAL549-5254,24,NO
SE-SAL549-5491,40,SI
SE-SAL549-5492,40,NO
SE-SAL549-5495,30,SI
SE-SAL549-5677,6,NO
SE-SAL549-6039,12,NO
SE-SAL549-6160,6,NO
SE-SAL549-6330,12,NO
SE-SAL549-6331,12,NO
SE-SAL549-6332,12,NO
SE-SAL549-6333,12,NO
SE-SAL549-6334,12,NO
SE-SAL549-6723,36,SI
SE-SAL549-6725,36,SI
SE-SAL549-6734,36,NO
SE-SAL549-7251,6,NO
SE-SAL549-7674,40,NO
SE-SAL549-7675,40,NO
SE-SAL549-8063,6,SI
SE-SAL549-8433,48,NO
SE-SAL549-8434,8,NO
SE-SAL549-8436,48,SI
SE-SAL549-8437,48,SI
SE-SAL549-8440,24,SI
SE-SAL549-8441,48,SI
SE-SAL549-9241,24,NO
SE-SAL549-9242,24,NO
SE-SAL549-9243,24,NO
SE-SAL549-9244,24,NO
SE-SAL549-9762,4,SI
SE-SAL549-9763,6,SI
SE-SAL549-9765,4,SI
SE-SAL549-9853,6,NO
SE-SAL558-3714,6,NO
SE-SAL558-9682,6,NO
SE-SFP303-8715,10,SI
SE-SFP303-8716,10,SI
SE-SFP400-11961,30,SI
SE-SFP400-11962,30,SI
SE-SFP400-11963,30,SI
SE-SFP400-11964,30,SI
SE-SFP600-0162,50,NO
SE-SFP600-0195,48,NO
SE-SFP600-0196,50,NO
SE-SFP600-0246,30,SI
SE-SFP600-0247,30,SI
SE-SFP600-0623,10,NO
SE-SFP600-10035,30,NO
SE-SFP600-10051,30,NO
SE-SFP600-10864,50,SI
SE-SFP600-11627,30,SI
SE-SFP600-1358,8,SI
SE-SFP600-1360,8,SI
SE-SFP600-5426,20,SI
SE-SFP600-8272,48,SI
SE-SFP600-8278,24,NO
SE-SFP600-8496,20,SI
SE-SFP600-8788,20,SI
SE-SFP601-0145,48,SI
SE-SFP601-0209,12,SI
SE-SFP601-10125,30,NO
SE-SFP601-10126,30,SI
SE-SFP601-10127,30,SI
SE-SFP601-10459,30,NO
SE-SFP601-10591,30,NO
SE-SFP601-11105,30,SI
SE-SFP601-11106,30,SI
SE-SFP601-11107,30,SI
SE-SFP601-11108,30,SI
SE-SFP601-13623,12,SI
SE-SFP601-1389,60,SI
SE-SFP601-1805,30,NO
SE-SFP601-1806,30,NO
SE-SFP601-1807,30,NO
SE-SFP601-1808,30,SI
SE-SFP601-6782,30,SI
SE-SFP601-6860,30,SI
SE-SFP601-7693,30,NO
SE-SFP601-8090,30,SI
SE-SFP601-9675,60,SI
SE-SFP602-0027,20,NO
SE-SFP602-0738,20,NO
SE-SFP602-0739,30,NO
SE-SFP602-10442,48,NO
SE-SFP602-10443,48,NO
SE-SFP602-10444,48,NO
SE-SFP602-10445,48,NO
SE-SFP602-10446,48,NO
SE-SFP602-10447,40,NO
SE-SFP602-10448,36,NO
SE-SFP602-11212,20,SI
SE-SFP602-11777,50,NO
SE-SFP602-13399,100,SI
SE-SFP602-13400,100,SI
SE-SFP602-13401,100,SI
SE-SFP602-13402,100,SI
SE-SFP602-13403,100,SI
SE-SFP602-13732,30,SI
SE-SFP602-13994,10,SI
SE-SFP602-13995,10,SI
SE-SFP602-1424,20,SI
SE-SFP602-1426,20,SI
SE-SFP602-1492,24,NO
SE-SFP602-1864,24,SI
SE-SFP602-1866,24,SI
SE-SFP602-1867,24,SI
SE-SFP602-2060,20,NO
SE-SFP602-2616,30,SI
SE-SFP602-4070,96,NO
SE-SFP602-4071,96,NO
SE-SFP602-4072,96,NO
SE-SFP602-4075,96,NO
SE-SFP602-4076,96,NO
SE-SFP602-4387,20,SI
SE-SFP602-4659,30,SI
SE-SFP602-4661,80,NO
SE-SFP602-5429,24,SI
SE-SFP602-7612,12,SI
SE-SFP602-7708,30,NO
SE-SFP602-8094,30,SI
SE-SFP603-0136,30,SI
SE-SFP603-0137,30,SI
SE-SFP603-0138,30,SI
SE-SFP603-0139,30,SI
SE-SFP603-11209,20,SI
SE-SFP603-11210,20,SI
SE-SFP603-11211,20,SI
SE-SFP603-11213,12,SI
SE-SFP603-11214,6,SI
SE-SFP603-11275,12,NO
SE-SFP603-1178,30,NO
SE-SFP603-13158,60,NO
SE-SFP603-13397,10,SI
SE-SFP603-13469,20,SI
SE-SFP603-13470,20,SI
SE-SFP603-13471,20,SI
SE-SFP603-13544,16,SI
SE-SFP603-1425,20,SI
SE-SFP603-1427,20,SI
SE-SFP603-4073,96,NO
SE-SFP603-4074,96,NO
SE-SFP603-7619,30,NO
SE-SFP603-7620,18,SI
SE-SFP603-7621,18,SI
SE-SFP603-9594,20,SI
SE-SFP604-0146,48,SI
SE-SFP604-0210,12,SI
SE-SFP604-0541,50,SI
SE-SFP604-11559,50,SI
SE-SFP604-12435,30,SI
SE-SFP604-2007,50,SI
SE-SFP604-5309,50,SI
SE-SFP605-8047,144,NO
SE-SFP605-8049,144,NO
SE-SFP606-0475,6,NO
SE-SFP606-0476,24,NO
SE-SFP606-0477,24,NO
SE-SFP606-0505,12,NO
SE-SFP606-0506,12,NO
SE-SFP606-0507,12,NO
SE-SFP606-0630,18,NO
SE-SFP606-0633,18,NO
SE-SFP606-0952,12,SI
SE-SFP606-0958,12,SI
SE-SFP606-0995,30,NO
SE-SFP606-0999,12,NO
SE-SFP606-1000,12,NO
SE-SFP606-10034,24,SI
SE-SFP606-10072,10,SI
SE-SFP606-10073,10,SI
SE-SFP606-10315,6,SI
SE-SFP606-1034,12,SI
SE-SFP606-1035,12,SI
SE-SFP606-10381,24,SI
SE-SFP606-10383,24,SI
SE-SFP606-10496,12,NO
SE-SFP606-1058,24,NO
SE-SFP606-1059,24,NO
SE-SFP606-10624,12,NO
SE-SFP606-10773,90,SI
SE-SFP606-10774,90,SI
SE-SFP606-10775,90,SI
SE-SFP606-10776,12,NO
SE-SFP606-10777,12,NO
SE-SFP606-10778,12,NO
SE-SFP606-10779,12,NO
SE-SFP606-10780,12,NO
SE-SFP606-10781,12,NO
SE-SFP606-10782,12,SI
SE-SFP606-10800,40,NO
SE-SFP606-10801,40,NO
SE-SFP606-10802,40,NO
SE-SFP606-10803,40,NO
SE-SFP606-10804,20,SI
SE-SFP606-10987,12,SI
SE-SFP606-1105,10,SI
SE-SFP606-11067,60,SI
SE-SFP606-11068,60,SI
SE-SFP606-11077,30,SI
SE-SFP606-11139,40,SI
SE-SFP606-11299,40,NO
SE-SFP606-11311,30,SI
SE-SFP606-11312,30,SI
SE-SFP606-11313,30,SI
SE-SFP606-11314,30,SI
SE-SFP606-11315,30,SI
SE-SFP606-11316,30,SI
SE-SFP606-11317,30,SI
SE-SFP606-11318,16,SI
SE-SFP606-11319,16,SI
SE-SFP606-11320,16,SI
SE-SFP606-11321,16,SI
SE-SFP606-1135,18,NO
SE-SFP606-11351,10,SI
SE-SFP606-11352,10,SI
SE-SFP606-11353,10,SI
SE-SFP606-11354,10,SI
SE-SFP606-11355,10,SI
SE-SFP606-11356,10,SI
SE-SFP606-11357,12,SI
SE-SFP606-1136,18,NO
SE-SFP606-11366,20,NO
SE-SFP606-1137,24,NO
SE-SFP606-1138,24,NO
SE-SFP606-1139,24,NO
SE-SFP606-1140,24,NO
SE-SFP606-11476,40,NO
SE-SFP606-11477,40,NO
SE-SFP606-11478,40,NO
SE-SFP606-11479,40,NO
SE-SFP606-1149,30,NO
SE-SFP606-1150,30,SI
SE-SFP606-1151,30,SI
SE-SFP606-1152,30,NO
SE-SFP606-1153,30,NO
SE-SFP606-1154,30,NO
SE-SFP606-1163,40,SI
SE-SFP606-1164,120,SI
SE-SFP606-11692,20,SI
SE-SFP606-11693,20,SI
SE-SFP606-11694,20,SI
SE-SFP606-11695,20,SI
SE-SFP606-11730,12,SI
SE-SFP606-11731,12,SI
SE-SFP606-11733,12,SI
SE-SFP606-11734,12,SI
SE-SFP606-11753,24,NO
SE-SFP606-11796,12,SI
SE-SFP606-11797,6,SI
SE-SFP606-11798,6,SI
SE-SFP606-11800,20,SI
SE-SFP606-11801,20,SI
SE-SFP606-11802,16,SI
SE-SFP606-11803,16,SI
SE-SFP606-11804,20,SI
SE-SFP606-11805,20,SI
SE-SFP606-11816,10,SI
SE-SFP606-11817,16,SI
SE-SFP606-11818,6,NO
SE-SFP606-11819,6,SI
SE-SFP606-11820,6,NO
SE-SFP606-11847,12,SI
SE-SFP606-11849,16,NO
SE-SFP606-11850,16,SI
SE-SFP606-11851,16,SI
SE-SFP606-11852,16,SI
SE-SFP606-11853,16,SI
SE-SFP606-11854,16,NO
SE-SFP606-11855,16,SI
SE-SFP606-11856,6,SI
SE-SFP606-11941,12,SI
SE-SFP606-11942,12,SI
SE-SFP606-11943,12,SI
SE-SFP606-11944,12,SI
SE-SFP606-11946,12,SI
SE-SFP606-11947,12,SI
SE-SFP606-11948,12,NO
SE-SFP606-11990,30,SI
SE-SFP606-11991,30,SI
SE-SFP606-11992,30,SI
SE-SFP606-12027,30,SI
SE-SFP606-12028,30,SI
SE-SFP606-12029,30,SI
SE-SFP606-12030,24,NO
SE-SFP606-12031,30,SI
SE-SFP606-12032,30,SI
SE-SFP606-12100,50,SI
SE-SFP606-12120,6,SI
SE-SFP606-12134,16,SI
SE-SFP606-12135,6,SI
SE-SFP606-12138,16,SI
SE-SFP606-12139,80,SI
SE-SFP606-1216,18,NO
SE-SFP606-1221,18,NO
SE-SFP606-1222,18,NO
SE-SFP606-1223,18,NO
SE-SFP606-1224,18,NO
SE-SFP606-12258,18,SI
SE-SFP606-1231,18,NO
SE-SFP606-12446,12,SI
SE-SFP606-12477,12,NO
SE-SFP606-12478,12,NO
SE-SFP606-12479,12,NO
SE-SFP606-12480,12,NO
SE-SFP606-12481,12,NO
SE-SFP606-12482,12,NO
SE-SFP606-12483,12,NO
SE-SFP606-12484,12,NO
SE-SFP606-12485,12,NO
SE-SFP606-12486,12,NO
SE-SFP606-12487,12,NO
SE-SFP606-12491,12,NO
SE-SFP606-12492,6,NO
SE-SFP606-12493,6,NO
SE-SFP606-12494,6,NO
SE-SFP606-12495,6,NO
SE-SFP606-1250,16,SI
SE-SFP606-1251,6,SI
SE-SFP606-1253,16,NO
SE-SFP606-12565,12,SI
SE-SFP606-12566,12,SI
SE-SFP606-1257,12,NO
SE-SFP606-1258,10,SI
SE-SFP606-1259,32,NO
SE-SFP606-1262,12,NO
SE-SFP606-1263,12,NO
SE-SFP606-12632,12,NO
SE-SFP606-12633,12,NO
SE-SFP606-12644,40,SI
SE-SFP606-12645,40,SI
SE-SFP606-12646,40,SI
SE-SFP606-12647,40,SI
SE-SFP606-12648,40,SI
SE-SFP606-12649,40,SI
SE-SFP606-12650,40,SI
SE-SFP606-12694,81,SI
SE-SFP606-12695,81,SI
SE-SFP606-12696,81,SI
SE-SFP606-12697,81,SI
SE-SFP606-12698,81,SI
SE-SFP606-12773,12,SI
SE-SFP606-12774,12,SI
SE-SFP606-12775,12,NO
SE-SFP606-12776,12,NO
SE-SFP606-12777,12,NO
SE-SFP606-12778,12,NO
SE-SFP606-12779,12,NO
SE-SFP606-12780,12,NO
SE-SFP606-12814,12,SI
SE-SFP606-12815,36,SI
SE-SFP606-12816,36,SI
SE-SFP606-12817,36,SI
SE-SFP606-12818,24,SI
SE-SFP606-12819,24,SI
SE-SFP606-12842,20,SI
SE-SFP606-12857,12,SI
SE-SFP606-12858,12,NO
SE-SFP606-12859,12,NO
SE-SFP606-12972,30,SI
SE-SFP606-12973,30,SI
SE-SFP606-1301,20,SI
SE-SFP606-13014,12,SI
SE-SFP606-1302,16,SI
SE-SFP606-1304,20,SI
SE-SFP606-13043,16,SI
SE-SFP606-13044,32,SI
SE-SFP606-13235,18,NO
SE-SFP606-13236,18,NO
SE-SFP606-13276,30,SI
SE-SFP606-13338,16,SI
SE-SFP606-13420,16,SI
SE-SFP606-13421,32,NO
SE-SFP606-13502,40,SI
SE-SFP606-13503,40,SI
SE-SFP606-13504,40,SI
SE-SFP606-13524,12,SI
SE-SFP606-13528,20,SI
SE-SFP606-13529,20,SI
SE-SFP606-13530,20,SI
SE-SFP606-13531,20,SI
SE-SFP606-13557,24,SI
SE-SFP606-13643,32,SI
SE-SFP606-13644,32,SI
SE-SFP606-13645,32,SI
SE-SFP606-13646,6,SI
SE-SFP606-13647,6,SI
SE-SFP606-13648,6,SI
SE-SFP606-13667,80,SI
SE-SFP606-13669,80,SI
SE-SFP606-13699,16,SI
SE-SFP606-13700,24,SI
SE-SFP606-13701,16,SI
SE-SFP606-13702,24,SI
SE-SFP606-13828,81,SI
SE-SFP606-13841,12,SI
SE-SFP606-13842,12,SI
SE-SFP606-13843,12,SI
SE-SFP606-13863,12,SI
SE-SFP606-13946,32,SI
SE-SFP606-13947,6,SI
SE-SFP606-13948,32,SI
SE-SFP606-13949,6,SI
SE-SFP606-13950,32,SI
SE-SFP606-13951,6,SI
SE-SFP606-13952,32,SI
SE-SFP606-13953,6,SI
SE-SFP606-13986,20,SI
SE-SFP606-13987,20,SI
SE-SFP606-13988,20,SI
SE-SFP606-13989,20,SI
SE-SFP606-13990,20,SI
SE-SFP606-14051,12,SI
SE-SFP606-14052,6,SI
SE-SFP606-14053,6,SI
SE-SFP606-14054,6,SI
SE-SFP606-14055,16,SI
SE-SFP606-14056,16,SI
SE-SFP606-14057,16,SI
SE-SFP606-14079,30,SI
SE-SFP606-14220,16,SI
SE-SFP606-14304,6,NO
SE-SFP606-14305,20,SI
SE-SFP606-1433,24,NO
SE-SFP606-14338,25,NO
SE-SFP606-1434,24,SI
SE-SFP606-14344,16,NO
SE-SFP606-1435,24,NO
SE-SFP606-1436,24,NO
SE-SFP606-1437,24,NO
SE-SFP606-1438,24,SI
SE-SFP606-1439,24,NO
SE-SFP606-1440,18,NO
SE-SFP606-1441,18,NO
SE-SFP606-14423,12,SI
SE-SFP606-14424,12,SI
SE-SFP606-14425,32,NO
SE-SFP606-14672,12,NO
SE-SFP606-14673,12,NO
SE-SFP606-14674,12,NO
SE-SFP606-14675,12,NO
SE-SFP606-14676,12,NO
SE-SFP606-14677,12,NO
SE-SFP606-1500,12,NO
SE-SFP606-1531,12,NO
SE-SFP606-1537,18,NO
SE-SFP606-1538,18,NO
SE-SFP606-1539,18,NO
SE-SFP606-1540,18,NO
SE-SFP606-1566,12,NO
SE-SFP606-1976,24,NO
SE-SFP606-2298,30,SI
SE-SFP606-2299,30,SI
SE-SFP606-2302,15,SI
SE-SFP606-2308,10,SI
SE-SFP606-2309,10,SI
SE-SFP606-2310,10,SI
SE-SFP606-2311,40,SI
SE-SFP606-3572,24,SI
SE-SFP606-3573,24,SI
SE-SFP606-3835,10,SI
SE-SFP606-3849,12,SI
SE-SFP606-3850,60,SI
SE-SFP606-3851,12,SI
SE-SFP606-3853,60,SI
SE-SFP606-3980,10,SI
SE-SFP606-4105,12,SI
SE-SFP606-4107,12,SI
SE-SFP606-4386,12,SI
SE-SFP606-4525,24,NO
SE-SFP606-4763,120,NO
SE-SFP606-4791,24,SI
SE-SFP606-5346,12,SI
SE-SFP606-5347,12,NO
SE-SFP606-5352,12,SI
SE-SFP606-5486,32,SI
SE-SFP606-5490,20,SI
SE-SFP606-6097,20,SI
SE-SFP606-6134,30,SI
SE-SFP606-6299,30,SI
SE-SFP606-6342,60,NO
SE-SFP606-6344,60,NO
SE-SFP606-6390,12,NO
SE-SFP606-6422,12,NO
SE-SFP606-6697,10,SI
SE-SFP606-6716,80,SI
SE-SFP606-6717,80,NO
SE-SFP606-6718,80,NO
SE-SFP606-6719,48,SI
SE-SFP606-6756,12,NO
SE-SFP606-6758,12,SI
SE-SFP606-6759,12,SI
SE-SFP606-6817,48,NO
SE-SFP606-6853,180,SI
SE-SFP606-6909,10,NO
SE-SFP606-7122,20,SI
SE-SFP606-7132,12,NO
SE-SFP606-7149,6,SI
SE-SFP606-7151,20,SI
SE-SFP606-7228,12,SI
SE-SFP606-7229,12,NO
SE-SFP606-7235,6,SI
SE-SFP606-7236,6,SI
SE-SFP606-7605,12,NO
SE-SFP606-7606,12,NO
SE-SFP606-7607,20,NO
SE-SFP606-7611,18,SI
SE-SFP606-7613,20,NO
SE-SFP606-7614,20,NO
SE-SFP606-7617,18,SI
SE-SFP606-7759,40,NO
SE-SFP606-7912,12,SI
SE-SFP606-7913,12,SI
SE-SFP606-7914,12,NO
SE-SFP606-7915,12,NO
SE-SFP606-8018,20,SI
SE-SFP606-8274,6,NO
SE-SFP606-8275,6,NO
SE-SFP606-8276,6,NO
SE-SFP606-8277,6,NO
SE-SFP606-8421,12,SI
SE-SFP606-8423,6,SI
SE-SFP606-8492,12,NO
SE-SFP606-8534,12,SI
SE-SFP606-8543,40,NO
SE-SFP606-8544,16,NO
SE-SFP606-8545,16,SI
SE-SFP606-8567,6,SI
SE-SFP606-8568,6,SI
SE-SFP606-8569,6,SI
SE-SFP606-8615,30,NO
SE-SFP606-8616,45,NO
SE-SFP606-8617,45,NO
SE-SFP606-8641,40,NO
SE-SFP606-8643,12,NO
SE-SFP606-8738,12,NO
SE-SFP606-8739,12,NO
SE-SFP606-8740,12,NO
SE-SFP606-8786,12,NO
SE-SFP606-9158,12,NO
SE-SFP606-9250,30,NO
SE-SFP606-9251,30,NO
SE-SFP606-9252,6,NO
SE-SFP606-9253,30,NO
SE-SFP606-9270,20,NO
SE-SFP606-9569,6,NO
SE-SFP606-9570,6,NO
SE-SFP606-9571,18,NO
SE-SFP606-9572,18,NO
SE-SFP606-9576,6,SI
SE-SFP606-9577,6,SI
SE-SFP606-9591,12,SI
SE-SFP606-9595,12,SI
SE-SFP606-9596,12,SI
SE-SFP606-9700,12,NO
SE-SFP606-9754,12,SI
SE-SFP606-9760,12,NO
SE-SFP606-9771,24,NO
SE-SFP606-9812,20,SI
SE-SFP606-9838,80,SI
SE-SFP606-9839,80,SI
SE-SFP606-9840,80,SI
SE-SFP606-9841,80,SI
SE-SFP606-9861,40,NO
SE-SFP606-9862,20,NO
SE-SFP606-9863,40,NO
SE-SFP606-9938,12,NO
SE-SFP606-9967,40,NO
SE-SFP606-9970,40,SI
SE-SFP606-9971,40,NO
SE-SFP649-0035,44,SI
SE-SFP649-0945,80,SI
SE-SFP649-0962,12,NO
SE-SFP649-11848,12,SI
SE-SFP649-5375,6,SI
SE-SFP649-6298,12,SI
SE-SFP649-7152,12,SI
SE-SFP649-7153,20,NO
SE-SFP649-7154,20,NO
SE-SPF606-10038,24,SI
SE-SPF606-10039,24,SI
SE-SPF606-10040,24,SI
SE-SYE550-0170,12,SI
SE-SYE550-0579,60,NO
SE-SYE550-0588,20,NO
SE-SYE550-0604,120,SI
SE-SYE550-0605,60,SI
SE-SYE550-0606,120,SI
SE-SYE550-0607,60,SI
SE-SYE550-0608,120,SI
SE-SYE550-0609,60,SI
SE-SYE550-0934,24,SI
SE-SYE550-0935,24,SI
SE-SYE550-0936,12,SI
SE-SYE550-0937,12,SI
SE-SYE550-0938,12,SI
SE-SYE550-0939,12,SI
SE-SYE550-0943,48,SI
SE-SYE550-0944,48,SI
SE-SYE550-10389,60,SI
SE-SYE550-10416,120,SI
SE-SYE550-10417,120,SI
SE-SYE550-10418,120,SI
SE-SYE550-10419,24,SI
SE-SYE550-10420,120,SI
SE-SYE550-10421,24,SI
SE-SYE550-10422,12,SI
SE-SYE550-11342,60,NO
SE-SYE550-12023,30,SI
SE-SYE550-12024,30,SI
SE-SYE550-12025,30,SI
SE-SYE550-12026,30,SI
SE-SYE550-13007,6,NO
SE-SYE550-13104,10,SI
SE-SYE550-14332,60,NO
SE-SYE550-14333,60,NO
SE-SYE550-1445,20,SI
SE-SYE550-1446,72,SI
SE-SYE550-1447,20,SI
SE-SYE550-3332,30,NO
SE-SYE550-3333,30,NO
SE-SYE550-3458,24,NO
SE-SYE550-3459,24,NO
SE-SYE550-3460,24,NO
SE-SYE550-3461,24,NO
SE-SYE550-6370,24,SI
SE-SYE550-6371,24,SI
SE-SYE550-6372,24,SI
SE-SYE550-6373,60,SI
SE-SYE550-6374,60,SI
SE-SYE550-6375,60,SI
SE-SYE550-6871,20,NO
SE-SYE550-7724,60,SI
SE-SYE550-7725,60,SI
SE-SYE550-8614,60,SI
SE-SYE550-9697,60,SI
SE-SYE550-9698,60,SI
SE-SYE551-0982,12,NO
SE-SYE551-11267,10,SI
SE-SYE552-0042,12,NO
SE-SYE552-0205,12,NO
SE-SYE552-1789,19,NO
SE-SYE553-11370,16,NO
SE-SYE553-1932,16,SI
SE-SYE553-7849,12,SI
SE-SYE553-7850,20,SI
SE-SYE554-0214,3,NO
SE-SYE554-10099,6,NO
SE-SYE554-1072,6,NO
SE-SYE554-1073,6,NO
SE-SYE554-1076,12,NO
SE-SYE554-1092,12,NO
SE-SYE554-1124,2,SI
SE-SYE554-1125,12,NO
SE-SYE554-1126,12,NO
SE-SYE554-1129,12,NO
SE-SYE554-11689,4,SI
SE-SYE554-13052,6,NO
SE-SYE554-14326,12,SI
SE-SYE554-14327,12,SI
SE-SYE554-14328,12,NO
SE-SYE554-14329,12,SI
SE-SYE554-14334,12,NO
SE-SYE554-1771,2,NO
SE-SYE554-2114,12,NO
SE-SYE554-2959,12,NO
SE-SYE554-2960,4,SI
SE-SYE554-2961,6,SI
SE-SYE554-2963,12,NO
SE-SYE554-4266,12,NO
SE-SYE554-4822,9,SI
SE-SYE554-4824,9,NO
SE-SYE554-4825,12,NO
SE-SYE554-4826,9,NO
SE-SYE554-4827,12,SI
SE-SYE554-4828,2,SI
SE-SYE554-4829,9,NO
SE-SYE554-5229,12,NO
SE-SYE554-5230,12,NO
SE-SYE554-6175,12,NO
SE-SYE554-6284,6,NO
SE-SYE554-6367,4,NO
SE-SYE554-6914,20,SI
SE-SYE554-7663,12,SI
SE-SYE554-7919,12,SI
SE-SYE554-8962,12,SI
SE-SYE554-8963,12,SI
SE-SYE554-9657,12,NO
SE-SYE554-9719,12,NO
SE-SYE554-9764,4,SI
SE-SYE555-0880,12,SI
SE-SYE555-10405,20,SI
SE-SYE555-1062,4,NO
SE-SYE555-1246,24,NO
SE-SYE555-1247,48,NO
SE-SYE555-12517,100,NO
SE-SYE555-1339,50,SI
SE-SYE555-13619,28,SI
SE-SYE555-13620,100,SI
SE-SYE555-13621,48,SI
SE-SYE555-13622,100,SI
SE-SYE555-13625,30,SI
SE-SYE555-3563,12,SI
SE-SYE555-3564,12,SI
SE-SYE555-4147,12,SI
SE-SYE555-4443,12,SI
SE-SYE555-4775,30,SI
SE-SYE555-4776,12,SI
SE-SYE555-4778,12,SI
SE-SYE555-4956,12,SI
SE-SYE555-5249,12,SI
SE-SYE555-5258,10,NO
SE-SYE555-5454,10,NO
SE-SYE555-6915,12,NO
SE-SYE555-6920,30,SI
SE-SYE555-8343,4,SI
SE-SYE555-8459,4,SI
SE-SYE555-8513,12,SI
SE-SYE555-9833,24,NO
SE-SYE556-0036,20,SI
SE-SYE556-0037,8,SI
SE-SYE556-11838,20,SI
SE-SYE556-12424,20,SI
SE-SYE556-12425,12,SI
SE-SYE556-12426,20,SI
SE-SYE556-12428,24,SI
SE-SYE556-12429,24,SI
SE-SYE556-12436,20,SI
SE-SYE556-12437,20,SI
SE-SYE556-12438,20,SI
SE-SYE556-12848,40,SI
SE-SYE556-13297,12,SI
SE-SYE556-4145,30,SI
SE-SYE556-4682,12,SI
SE-SYE556-9129,20,NO
SE-SYE557-3860,80,SI
SE-SYE558-0015,80,NO
SE-SYE558-0022,96,SI
SE-SYE558-0023,80,NO
SE-SYE558-0079,40,NO
SE-SYE558-0080,40,NO
SE-SYE558-0081,40,NO
SE-SYE558-0082,40,NO
SE-SYE558-0152,40,NO
SE-SYE558-0153,40,NO
SE-SYE558-0154,40,NO
SE-SYE558-0187,10,SI
SE-SYE558-0215,12,SI
SE-SYE558-0219,12,SI
SE-SYE558-0223,12,SI
SE-SYE558-0224,12,SI
SE-SYE558-0225,12,SI
SE-SYE558-0470,10,SI
SE-SYE558-0556,80,NO
SE-SYE558-0557,80,SI
SE-SYE558-0574,120,NO
SE-SYE558-0591,30,SI
SE-SYE558-0592,30,SI
SE-SYE558-0593,60,NO
SE-SYE558-0595,15,NO
SE-SYE558-0597,20,SI
SE-SYE558-0610,120,SI
SE-SYE558-0611,60,NO
SE-SYE558-0621,60,NO
SE-SYE558-0659,30,SI
SE-SYE558-0660,30,SI
SE-SYE558-0661,30,SI
SE-SYE558-0662,30,SI
SE-SYE558-0663,30,SI
SE-SYE558-0664,30,SI
SE-SYE558-0666,30,SI
SE-SYE558-0667,30,SI
SE-SYE558-0668,30,SI
SE-SYE558-0773,20,NO
SE-SYE558-0782,12,NO
SE-SYE558-0791,12,NO
SE-SYE558-0804,12,NO
SE-SYE558-0814,10,NO
SE-SYE558-0846,30,SI
SE-SYE558-10083,20,SI
SE-SYE558-1010,16,SI
SE-SYE558-10101,60,SI
SE-SYE558-10102,60,SI
SE-SYE558-1024,120,NO
SE-SYE558-1025,80,NO
SE-SYE558-1027,60,NO
SE-SYE558-10390,60,SI
SE-SYE558-10392,80,NO
SE-SYE558-10393,80,NO
SE-SYE558-10394,60,NO
SE-SYE558-10441,30,SI
SE-SYE558-10450,10,SI
SE-SYE558-10604,120,SI
SE-SYE558-10605,120,SI
SE-SYE558-10606,120,SI
SE-SYE558-10607,120,SI
SE-SYE558-10608,120,SI
SE-SYE558-10619,8,NO
SE-SYE558-1064,10,NO
SE-SYE558-1067,60,NO
SE-SYE558-1068,40,NO
SE-SYE558-1069,40,NO
SE-SYE558-1070,120,NO
SE-SYE558-1082,6,SI
SE-SYE558-10865,8,NO
SE-SYE558-1108,48,SI
SE-SYE558-11113,10,NO
SE-SYE558-11114,10,SI
SE-SYE558-11115,10,NO
SE-SYE558-11208,160,SI
SE-SYE558-11242,120,SI
SE-SYE558-11260,20,SI
SE-SYE558-1127,12,SI
SE-SYE558-11381,120,SI
SE-SYE558-1157,80,NO
SE-SYE558-11587,10,NO
SE-SYE558-1160,80,SI
SE-SYE558-1161,80,SI
SE-SYE558-1162,80,SI
SE-SYE558-11637,24,SI
SE-SYE558-11638,24,SI
SE-SYE558-1169,120,SI
SE-SYE558-1170,60,SI
SE-SYE558-1171,60,NO
SE-SYE558-1172,60,SI
SE-SYE558-1173,120,SI
SE-SYE558-1174,40,SI
SE-SYE558-1175,120,SI
SE-SYE558-11776,40,SI
SE-SYE558-11782,6,SI
SE-SYE558-1197,12,SI
SE-SYE558-12101,12,SI
SE-SYE558-12141,100,SI
SE-SYE558-12163,12,SI
SE-SYE558-12191,6,NO
SE-SYE558-12196,120,SI
SE-SYE558-12247,4,NO
SE-SYE558-12562,120,SI
SE-SYE558-12563,120,SI
SE-SYE558-12564,30,SI
SE-SYE558-12574,16,SI
SE-SYE558-12576,16,NO
SE-SYE558-12578,16,SI
SE-SYE558-12579,16,SI
SE-SYE558-12580,16,SI
SE-SYE558-12581,6,SI
SE-SYE558-12621,12,NO
SE-SYE558-12631,12,NO
SE-SYE558-12638,12,NO
SE-SYE558-1264,30,NO
SE-SYE558-12640,12,NO
SE-SYE558-12641,12,NO
SE-SYE558-12642,6,NO
SE-SYE558-12643,6,NO
SE-SYE558-12653,48,SI
SE-SYE558-12654,48,SI
SE-SYE558-12655,40,NO
SE-SYE558-12656,48,SI
SE-SYE558-13045,6,NO
SE-SYE558-13187,20,SI
SE-SYE558-13189,10,SI
SE-SYE558-13251,80,SI
SE-SYE558-13252,60,SI
SE-SYE558-13398,12,SI
SE-SYE558-13514,6,NO
SE-SYE558-13532,40,SI
SE-SYE558-13533,60,SI
SE-SYE558-13534,60,SI
SE-SYE558-13535,40,SI
SE-SYE558-13703,24,SI
SE-SYE558-13704,24,SI
SE-SYE558-13705,150,SI
SE-SYE558-13706,150,SI
SE-SYE558-1386,30,SI
SE-SYE558-14046,80,SI
SE-SYE558-14047,40,SI
SE-SYE558-14048,20,SI
SE-SYE558-14184,120,SI
SE-SYE558-14185,120,SI
SE-SYE558-14186,120,SI
SE-SYE558-14292,10,NO
SE-SYE558-14323,45,SI
SE-SYE558-14324,45,SI
SE-SYE558-14325,45,SI
SE-SYE558-14340,20,NO
SE-SYE558-14341,30,NO
SE-SYE558-1451,20,SI
SE-SYE558-1452,72,SI
SE-SYE558-1453,60,NO
SE-SYE558-1455,100,SI
SE-SYE558-1456,40,SI
SE-SYE558-1458,160,NO
SE-SYE558-1459,60,NO
SE-SYE558-1460,60,NO
SE-SYE558-1462,40,SI
SE-SYE558-1463,100,SI
SE-SYE558-14716,20,NO
SE-SYE558-14717,10,NO
SE-SYE558-1543,10,SI
SE-SYE558-1763,6,NO
SE-SYE558-1765,6,NO
SE-SYE558-1991,10,SI
SE-SYE558-1993,12,SI
SE-SYE558-1994,36,NO
SE-SYE558-1995,12,SI
SE-SYE558-1996,12,SI
SE-SYE558-2012,10,SI
SE-SYE558-2061,12,SI
SE-SYE558-2064,10,NO
SE-SYE558-2086,12,SI
SE-SYE558-2198,30,SI
SE-SYE558-2285,100,SI
SE-SYE558-2717,60,NO
SE-SYE558-2719,60,NO
SE-SYE558-3004,12,NO
SE-SYE558-3226,6,NO
SE-SYE558-3335,60,NO
SE-SYE558-3340,8,SI
SE-SYE558-3349,6,NO
SE-SYE558-3351,6,SI
SE-SYE558-3359,60,NO
SE-SYE558-3361,60,SI
SE-SYE558-3362,60,SI
SE-SYE558-3440,10,SI
SE-SYE558-3469,40,SI
SE-SYE558-3472,60,NO
SE-SYE558-3473,60,NO
SE-SYE558-3474,120,SI
SE-SYE558-3475,80,SI
SE-SYE558-3477,80,SI
SE-SYE558-3479,120,NO
SE-SYE558-3480,60,SI
SE-SYE558-3483,60,SI
SE-SYE558-3502,50,SI
SE-SYE558-3504,50,SI
SE-SYE558-3510,40,NO
SE-SYE558-3511,40,NO
SE-SYE558-3518,36,NO
SE-SYE558-3538,12,SI
SE-SYE558-3539,12,NO
SE-SYE558-3540,12,SI
SE-SYE558-3558,60,SI
SE-SYE558-3827,10,NO
SE-SYE558-3828,10,NO
SE-SYE558-3837,160,NO
SE-SYE558-3839,160,SI
SE-SYE558-3840,40,SI
SE-SYE558-3842,80,SI
SE-SYE558-3845,60,NO
SE-SYE558-3848,60,SI
SE-SYE558-3966,30,SI
SE-SYE558-4037,10,SI
SE-SYE558-4048,12,SI
SE-SYE558-4049,6,SI
SE-SYE558-4069,20,NO
SE-SYE558-4091,12,SI
SE-SYE558-4093,12,SI
SE-SYE558-4094,12,SI
SE-SYE558-4144,36,NO
SE-SYE558-4170,120,NO
SE-SYE558-4171,120,NO
SE-SYE558-4172,120,NO
SE-SYE558-4173,120,NO
SE-SYE558-4201,4,SI
SE-SYE558-4405,6,SI
SE-SYE558-4406,6,SI
SE-SYE558-4407,6,SI
SE-SYE558-4487,6,NO
SE-SYE558-4507,12,SI
SE-SYE558-4647,40,SI
SE-SYE558-4648,40,NO
SE-SYE558-4651,20,NO
SE-SYE558-4663,60,SI
SE-SYE558-4691,6,SI
SE-SYE558-4692,6,SI
SE-SYE558-4693,12,SI
SE-SYE558-4694,6,SI
SE-SYE558-4758,80,SI
SE-SYE558-4761,80,SI
SE-SYE558-4803,12,SI
SE-SYE558-4813,60,SI
SE-SYE558-4914,12,NO
SE-SYE558-5188,60,SI
SE-SYE558-5358,60,SI
SE-SYE558-5364,60,SI
SE-SYE558-5367,60,NO
SE-SYE558-5369,60,NO
SE-SYE558-5370,36,SI
SE-SYE558-5371,60,SI
SE-SYE558-5372,36,SI
SE-SYE558-5373,60,SI
SE-SYE558-5374,60,SI
SE-SYE558-5488,120,NO
SE-SYE558-5489,80,SI
SE-SYE558-5494,48,SI
SE-SYE558-5501,100,SI
SE-SYE558-5534,60,SI
SE-SYE558-5586,80,NO
SE-SYE558-5779,12,SI
SE-SYE558-6027,40,NO
SE-SYE558-6101,30,NO
SE-SYE558-6109,24,NO
SE-SYE558-6110,24,SI
SE-SYE558-6112,24,SI
SE-SYE558-6161,6,NO
SE-SYE558-6181,60,NO
SE-SYE558-6182,12,SI
SE-SYE558-6200,6,NO
SE-SYE558-6262,15,NO
SE-SYE558-6345,60,SI
SE-SYE558-6392,12,SI
SE-SYE558-6728,10,SI
SE-SYE558-6750,12,SI
SE-SYE558-6751,12,SI
SE-SYE558-6752,12,SI
SE-SYE558-6753,12,SI
SE-SYE558-6754,12,SI
SE-SYE558-6764,120,SI
SE-SYE558-6802,10,SI
SE-SYE558-6904,20,SI
SE-SYE558-6906,40,NO
SE-SYE558-7131,24,SI
SE-SYE558-7239,48,SI
SE-SYE558-7250,40,SI
SE-SYE558-7570,12,SI
SE-SYE558-7590,6,NO
SE-SYE558-7662,15,SI
SE-SYE558-7676,20,SI
SE-SYE558-7897,20,NO
SE-SYE558-7930,12,NO
SE-SYE558-7931,24,NO
SE-SYE558-8034,12,SI
SE-SYE558-8358,6,NO
SE-SYE558-8501,36,NO
SE-SYE558-8683,12,SI
SE-SYE558-8687,60,SI
SE-SYE558-8688,10,SI
SE-SYE558-8692,12,NO
SE-SYE558-8960,12,SI
SE-SYE558-9156,12,SI
SE-SYE558-9282,12,SI
SE-SYE558-9285,12,SI
SE-SYE558-9311,6,NO
SE-SYE558-9324,6,SI
SE-SYE558-9325,12,SI
SE-SYE558-9326,6,SI
SE-SYE558-9658,80,NO
SE-SYE558-9718,12,SI
SE-SYE558-9720,48,SI
SE-SYE558-9744,12,NO
SE-SYE558-9807,12,SI
SE-SYE558-9811,10,SI
SE-SYE558-9864,10,NO
SE-SYE558-9886,10,SI
SE-SYE558-9895,20,SI
SE-SYE558-9956,50,SI
SE-SYE559-0781,12,SI
SE-SYE559-10616,6,SI
SE-SYE559-10640,40,SI
SE-SYE559-1079,12,NO
SE-SYE559-1081,6,NO
SE-SYE559-11243,120,SI
SE-SYE559-1905,16,SI
SE-SYE559-6451,4,NO
SE-SYE559-7848,12,SI
SE-SYE559-8050,8,NO
SE-SYE559-8051,12,NO
SE-SYE559-8052,8,NO
SE-SYE559-8053,12,NO
SE-SYE559-9122,12,NO
SE-SYE560-10423,120,SI
SE-SYE560-10424,24,SI
SE-SYE560-10425,12,SI
SE-SYE560-11898,24,SI
SE-SYE560-11900,24,SI
SE-SYE560-1317,24,SI
SE-SYE560-4639,12,NO
SE-SYE560-5547,24,NO
SE-SYE560-6001,24,SI
SE-SYE560-7754,24,SI
SE-SYE599-0014,4,SI
SE-SYE599-0019,36,SI
SE-SYE599-0024,30,SI
SE-SYE599-0849,12,NO
SE-SYE599-0850,12,NO
SE-SYE599-0916,24,SI
SE-SYE599-0969,24,NO
SE-SYE599-1080,6,NO
SE-SYE599-1084,6,SI
SE-SYE599-1085,4,SI
SE-SYE599-1086,12,SI
SE-SYE599-1087,6,SI
SE-SYE599-1088,12,SI
SE-SYE599-1106,3,SI
SE-SYE599-11369,14,SI
SE-SYE599-11410,30,NO
SE-SYE599-11469,12,SI
SE-SYE599-11471,12,SI
SE-SYE599-11959,16,NO
SE-SYE599-12119,48,SI
SE-SYE599-12630,12,NO
SE-SYE599-12639,12,SI
SE-SYE599-13046,20,SI
SE-SYE599-13295,6,SI
SE-SYE599-1340,12,NO
SE-SYE599-13626,30,SI
SE-SYE599-14313,40,NO
SE-SYE599-14690,12,NO
SE-SYE599-1772,6,SI
SE-SYE599-2023,4,SI
SE-SYE599-2941,10,SI
SE-SYE599-2942,2,SI
SE-SYE599-2947,20,NO
SE-SYE599-2962,4,SI
SE-SYE599-4267,12,SI
SE-SYE599-4823,20,SI
SE-SYE599-5209,20,SI
SE-SYE599-5210,12,NO
SE-SYE599-5211,12,SI
SE-SYE599-5212,12,SI
SE-SYE599-5231,18,SI
SE-SYE599-5251,6,SI
SE-SYE599-5519,30,NO
SE-SYE599-5582,60,NO
SE-SYE599-5584,60,NO
SE-SYE599-5678,6,NO
SE-SYE599-6748,30,NO
SE-SYE599-6765,4,SI
SE-SYE599-6807,25,SI
SE-SYE599-7145,8,SI
SE-SYE599-7640,4,NO
SE-SYE599-8632,10,SI
SE-SYE599-8790,10,SI
SE-SYE599-9794,36,SI
SE-SYE599-9846,12,NO
SE-SYE599-9927,4,NO
SE-TE150-13277,12,SI
SE-TE150-13278,12,SI
SE-TE150-14187,12,SI
SE-TE150-14188,12,SI
SE-TE160-11919,7,SI
SE-TE160-11920,8,SI
SE-TE160-11921,8,SI
SE-TE160-11922,20,NO
SE-TE160-11923,20,SI
SE-TE160-11924,45,SI
SE-TE160-11925,40,NO
SE-TE160-11926,66,SI
SE-TE645-14100,5,SI
SE-TE645-14101,24,SI
SE-TE650-0003,6,SI
SE-TE650-0150,20,SI
SE-TE650-0201,6,SI
SE-TE650-10656,6,NO
SE-TE650-11278,5,NO
SE-TE650-12108,20,SI
SE-TE650-13097,6,SI
SE-TE650-2049,6,SI
SE-TE650-2842,6,NO
SE-TE650-3677,6,NO
SE-TE650-3708,5,NO
SE-TE650-7853,12,SI
SE-TE650-8463,6,SI
SE-TE650-9249,50,NO
SE-TE651-10080,24,NO
SE-TE651-10921,30,NO
SE-TE651-10923,20,SI
SE-TE651-11081,24,NO
SE-TE651-12400,50,NO
SE-TE651-12405,20,SI
SE-TE651-12409,10,SI
SE-TE651-12410,10,SI
SE-TE651-14090,22,SI
SE-TE651-14109,50,SI
SE-TE651-14368,12,SI
SE-TE651-14680,12,NO
SE-TE651-2830,100,SI
SE-TE651-5675,50,SI
SE-TE651-6744,36,SI
SE-TE651-7595,24,SI
SE-TE651-8650,12,SI
SE-TE652-0110,10,SI
SE-TE652-6195,6,SI
SE-TE652-6712,12,NO
SE-TE652-8465,6,SI
SE-TE653-0004,6,SI
SE-TE653-0202,6,SI
SE-TE653-11250,24,SI
SE-TE653-12559,12,SI
SE-TE653-2096,6,SI
SE-TE653-2137,6,NO
SE-TE653-3676,6,NO
SE-TE653-6713,12,NO
SE-TE653-8464,6,SI
SE-TE654-0001,6,NO
SE-TE654-0263,12,NO
SE-TE654-0933,20,NO
SE-TE654-10077,25,NO
SE-TE654-10078,25,NO
SE-TE654-10079,25,NO
SE-TE654-10081,25,NO
SE-TE654-10082,25,NO
SE-TE654-1028,40,NO
SE-TE654-10922,18,NO
SE-TE654-10930,10,NO
SE-TE654-1103,60,SI
SE-TE654-11082,18,SI
SE-TE654-11137,6,SI
SE-TE654-11248,40,NO
SE-TE654-11249,20,NO
SE-TE654-11252,40,NO
SE-TE654-11382,12,SI
SE-TE654-11649,30,SI
SE-TE654-11650,30,SI
SE-TE654-11651,30,SI
SE-TE654-11652,30,SI
SE-TE654-11653,40,SI
SE-TE654-11654,10,SI
SE-TE654-12106,20,SI
SE-TE654-12109,24,SI
SE-TE654-12397,20,SI
SE-TE654-12398,30,SI
SE-TE654-12399,12,SI
SE-TE654-12401,30,SI
SE-TE654-12402,20,SI
SE-TE654-12403,30,SI
SE-TE654-12404,30,NO
SE-TE654-12406,20,SI
SE-TE654-12407,15,SI
SE-TE654-12408,6,SI
SE-TE654-12411,10,SI
SE-TE654-12412,10,SI
SE-TE654-12699,20,SI
SE-TE654-12700,20,SI
SE-TE654-13113,10,SI
SE-TE654-13114,20,SI
SE-TE654-13115,20,SI
SE-TE654-13116,12,SI
SE-TE654-13117,20,SI
SE-TE654-13118,20,SI
SE-TE654-13119,20,SI
SE-TE654-13120,12,SI
SE-TE654-13121,10,SI
SE-TE654-13145,20,SI
SE-TE654-13274,10,SI
SE-TE654-13275,10,SI
SE-TE654-13526,12,SI
SE-TE654-13527,12,SI
SE-TE654-14182,22,SI
SE-TE654-14314,10,SI
SE-TE654-14365,20,NO
SE-TE654-14369,12,SI
SE-TE654-14678,20,NO
SE-TE654-14679,20,NO
SE-TE654-1796,5,NO
SE-TE654-1797,12,SI
SE-TE654-2044,6,SI
SE-TE654-2046,12,NO
SE-TE654-2047,6,SI
SE-TE654-2048,5,NO
SE-TE654-2052,10,SI
SE-TE654-2054,12,NO
SE-TE654-2093,6,NO
SE-TE654-2806,12,SI
SE-TE654-2809,6,NO
SE-TE654-2846,6,NO
SE-TE654-3519,6,NO
SE-TE654-3522,12,SI
SE-TE654-4000,30,SI
SE-TE654-4003,72,SI
SE-TE654-4004,12,SI
SE-TE654-4005,12,SI
SE-TE654-4006,12,SI
SE-TE654-4704,20,SI
SE-TE654-6745,10,SI
SE-TE654-6912,10,NO
SE-TE654-6913,10,SI
SE-TE654-7596,24,NO
SE-TE654-9360,12,SI
SE-TE654-9363,12,SI
SE-TE654-9656,5,NO
SE-TE655-2805,12,NO
SE-TE699-0135,30,NO
SE-TE699-0594,20,NO
SE-TE699-10452,30,SI
SE-TE699-11244,40,SI
SE-TE699-11245,40,SI
SE-TE699-11246,40,SI
SE-TE699-11247,40,SI
SE-TE699-11251,20,SI
SE-TE699-11846,20,NO
SE-TE699-12107,24,NO
SE-TE699-12111,28,SI
SE-TE699-13096,6,SI
SE-TE699-13098,6,SI
SE-TE699-13099,6,SI
SE-TE699-13146,12,SI
SE-TE699-13993,20,SI
SE-TE699-14110,10,SI
SE-TE699-2094,12,SI
SE-TE699-3521,12,SI
SE-TE699-3523,12,SI
SE-TE699-3706,5,SI
SE-TE699-3707,5,NO
SE-TE699-3709,5,SI
SE-TE699-3710,5,SI
SE-TE699-4703,20,SI
SE-TE699-8381,12,NO
SE-TE699-8589,50,NO
SE-TE699-8590,50,NO
SE-TE699-8593,50,NO
SE-TE699-8594,50,NO
SE-TQO702-1111,12,NO
SE-TQO702-1113,12,NO
SE-TQO702-1122,12,SI
SE-TQO702-11594,12,NO
SE-TQO702-12624,12,SI
SE-TQO702-12625,12,SI
SE-TQO702-12626,12,SI
SE-TQO702-12627,12,SI
SE-TQO702-13896,12,SI
SE-TQO702-13897,12,SI
SE-TQO702-14347,40,NO
SE-TQO749-0558,24,NO
SE-TQO749-1071,60,NO
SE-TYE750-10385,44,SI
SE-TYE750-10386,44,SI
SE-TYE750-10387,44,SI
SE-TYE750-10433,44,SI
SE-TYE750-10517,44,SI
SE-TYE750-12768,44,SI
SE-TYE750-12769,44,SI
SE-TYE750-12770,44,SI
SE-TYE750-12771,44,SI
SE-TYE750-12772,44,SI
SE-TYE750-1319,44,SI
SE-TYE750-1320,44,NO
SE-TYE750-1845,44,SI
SE-TYE750-1846,44,SI
SE-TYE750-7232,36,SI
SE-TYE750-9965,44,SI
SE-TYE754-1097,20,SI
SE-TYE754-1098,20,SI
SE-TYE754-1099,20,SI
SE-TYE754-1100,20,SI
SE-TYE754-13602,10,SI
SE-TYE754-13603,10,SI
SE-TYE754-13604,10,SI
SE-TYE754-13605,10,SI
SE-TYE754-2053,24,NO
SE-TYE754-6864,6,NO
SE-TYE754-6865,6,NO
SE-TYE754-6866,6,SI
SE-TYE754-6867,6,NO
SE-TYE754-6868,6,NO
SE-TYE754-8261,24,NO
SE-TYE754-8262,24,NO
SE-UTE899-1819,25,NO
SE-UTE899-1820,25,NO
SE-UTE899-1821,25,NO
SE-UTE899-9735,10,NO
SE-UTE899-9736,10,NO
