codigo_producto,nombre_producto,categoria,apariciones_visibles,clientes
CO-ARR149-12466,MARUHA NICHIRO ARROZ FRITO CON CERDO 450 G,Arroces,24,22
CO-ARR149-12467,MARUHA NICHIRO ARROZ FRITO CON CAMARÓN 600 G / 630 G,Arroces,1,1
CO-ARR149-12469,MARUHA NICHIRO ARROZ COCIDO CON POLLO Y BARDANA 450 G,Arroces,1,1
CO-ARR149-12470,MARUHA NICHIRO ARROZ FRITO CON TAKANA 450 G / 480 G,Arroces,5,5
CO-ARR149-13092,NISSUI YAKIONIGUIRI 450 G,Arroces,56,53
CO-ARR149-13387,MARUHA NICHIRO ARROZ COCIDO CON POLLO Y BARDANA 430 G,Arroces,25,21
CO-ARR149-13388,MARUHA NICHIRO ARROZ FRITO CON TAKANA 430 G,Arroces,18,16
CO-CAR200-12622,SUKIYA YAKITORI 180 G,Congelados,106,96
CO-CAR201-11073,WAGYU JAPONÉS CHUCK ROLL KILO A5 BMS #10+,Congelados,3,3
CO-CAR201-12441,WAGYU JAPONÉS TENDER LOIN KILO A5 BMS #10+,Congelados,8,7
CO-CAR201-12970,WAGYU JAPONÉS NECK KILO A5 BMS #10+,Congelados,2,2
CO-CAR201-13368,WAGYU JAPONÉS TOP ROUND KILO A5 BMS #10+,Congelados,5,4
CO-CAR201-13369,WAGYU JAPONÉS FLAT IRON KILO A5 BMS #10+,Congelados,4,3
CO-CAR201-13898,WAGYU JAPONÉS SENDAI RIB EYE KILO A5 BMS #10+,Congelados,1,1
CO-CAR201-13899,WAGYU JAPONÉS SENDAI STRIPLOIN KILO A5 BMS #10+,Congelados,3,3
CO-CAR201-14205,WAGYU JAPONÉS RUMP CAP KILO A5 BMS #10+,Otros,2,2
CO-CAR201-14206,WAGYU JAPONÉS CHUCK RIB KILO A5 BMS #10+,Congelados,1,1
CO-DEL250-10451,TOYO CONG. NAMA SHOKU PAN,Congelados,14,14
CO-DEL252-10958,TOYO CONG. KOSHIAN PAN,Congelados,11,10
CO-DEL252-10959,TOYO CONG. TSUBUAN PAN,Congelados,13,12
CO-DEL900-14395,TOYO BOLA DE NIEVE MATCHA PZ.,Congelados,5,5
CO-DEL900-14396,TOYO BOLA DE NIEVE TARO PZ,Congelados,4,4
CO-DEL900-14397,TOYO BOLA DE NIEVE SAKE PZ,Congelados,5,5
CO-DEL900-14398,TOYO BOLA DE NIEVE LYCHEE PZ,Congelados,4,4
CO-DEL900-14399,TOYO BOLA DE NIEVE YUZU PZ,Congelados,5,5
CO-DEL900-14681,TOYO BOLA DE NIEVE MATCHA SIN TOPPINGS,Congelados,1,1
CO-DEL900-14682,TOYO BOLA DE NIEVE TARO SIN TOPPINGS,Otros,1,1
CO-DEL900-14684,TOYO BOLA DE NIEVE LYCHEE SIN TOPPINGS,Congelados,1,1
CO-DEL900-14685,TOYO BOLA DE NIEVE YUZU SIN TOPPINGS,Congelados,1,1
CO-DEL900-14687,TOPPING CLÁSICO 0°,Congelados,1,1
CO-DEL900-14688,TOPPING ESPECIAL 0°,Congelados,2,2
CO-DEL900-14689,TOPPING PREMIUM 0°,Congelados,3,3
CO-DGB300-0059,GREENLAND BOLITA DE AJONJOLI 24 PZAS 480 G,Dulces y Botanas,27,24
CO-DGB308-13170,BIBIGO O PANG CREMA 300G,Dulces y Botanas,1,1
CO-DGB309-12680,YUKI & LOVE MOCHI WRAP 350 G,Dulces y Botanas,2,2
CO-DGB309-12750,YUKI AND LOVE LUCKY PIE FRESA 128 G,Dulces y Botanas,1,1
CO-DGB309-12843,MAEDA-EN HELADO DE TE VERDE 5.7 L,Dulces y Botanas,19,18
CO-DGB309-12844,MAEDA-EN HELADO DE LYCHEE 5.7 L,Dulces y Botanas,15,15
CO-DGB309-12845,MAEDA-EN HELADO DE YUZU 5.7 L,Dulces y Botanas,24,24
CO-DGB309-13492,SHIRAKIKU TAIYAKI 10 PZ 4 KG,Dulces y Botanas,1,1
CO-DGB309-13834,MOCHI CREAM JAPAN CARAMEL MACCHIATO 1.56 KG 30 PZA,Dulces y Botanas,1,1
CO-DGB309-13835,MOCHI CREAM JAPAN YOGUR CON ARÁNDANO 1.56 KG 30 PZA,Dulces y Botanas,1,1
CO-DGB309-13836,MOCHI CREAM JAPAN PASTEL DE FRESA 1.56 KG 30 PZA,Dulces y Botanas,1,1
CO-DGB309-13837,MOCHI CREAM JAPAN CAFÉ CON LECHE 1.56 KG 30 PZA,Dulces y Botanas,1,1
CO-DGB309-13838,MOCHI CREAM JAPAN MATCHA UJIKINTOKI 1.56 KG 30 PZA,Dulces y Botanas,1,1
CO-DGB309-13839,MOCHI CREAM JAPAN DOBLE MANGO 1.56 KG 30 PZA,Dulces y Botanas,1,1
CO-DGB309-13840,MOCHI CREAM JAPAN FLAN DE CARAMELO 1.56 KG 30 PZA,Dulces y Botanas,1,1
CO-DGB309-13883,TOYO HELADO SABOR SAKE 5 L,Dulces y Botanas,9,9
CO-DGB309-13884,TOYO HELADO SABOR TARO 5 L,Dulces y Botanas,14,14
CO-DGB309-14147,KOCHI ICE HELADO DE AGUA SABOR YUZU 115 ML,Dulces y Botanas,19,18
CO-DGB309-14148,KOCHI ICE HELADO DE AGUA SABOR MANDARINA 115 ML,Dulces y Botanas,22,19
CO-DGB309-14149,KOCHI ICE HELADO DE AGUA SABOR DURAZNO 115 ML,Dulces y Botanas,22,19
CO-DGB309-14150,KOCHI ICE HELADO DE AGUA SABOR TÉ VERDE 115 ML,Dulces y Botanas,9,9
CO-DGB309-14151,KOCHI ICE HELADO DE AGUA SABOR TÉ VERDE HOJICHA 115 ML,Dulces y Botanas,12,12
CO-DGB309-6896,AKANEMARU GOSHIKI DORAYAKI 1 P 90 G,Dulces y Botanas,38,34
CO-FVL351-14146,HOSHINA SHOTEN ANPO KAKI 600 G,Congelados,5,5
CO-FVL354-11462,TAKANO OKAME KAZOKU NO TEIBAN MINI3 45.4G X 3 136.2 G,Congelados,125,110
CO-FVL355-12878,DEEP BHINDI MASALA 283 G,Congelados,8,8
CO-FVL356-10899,UNIFOODS CEBOLLIN BLANCO CORTADO A RODAJAS 160 G,Congelados,42,40
CO-FVL356-11358,UNIFOODS ESPINACAS CORTADAS 180 G,Congelados,19,17
CO-FVL356-11711,UNIFOODS KINUSAYA 500G,Congelados,6,6
CO-FVL356-11712,UNIFOODS MINI CUT NANOHANA 200G,Congelados,8,7
CO-FVL356-11718,MARUHA NICHIRO SHIO YUDE CHAMAME(TAIWAN) 280 G,Congelados,56,54
CO-FVL356-11719,MARUHA NICHIRO SATOIMO 300 G,Congelados,27,26
CO-FVL356-11720,MARUHA NICHIRO VERDURAS MIXTAS 300 G,Congelados,32,31
CO-FVL356-12887,DEEP SAMBHAR MIX 340 G,Congelados,12,12
CO-FVL356-12992,UNIFOODS CEBOLLIN VERDE CORTADO EN RODAJAS 160 G,Congelados,65,61
CO-FVL356-13555,FLAP CAMOTE JAPONÉS ASADO 250 G,Congelados,19,18
CO-FVL356-13556,FLAP HOSHIMO CAMOTE JAPONÉS ASADO 200 G,Congelados,17,16
CO-FVL356-2826,NISSUI KURI KABOCHA 500 G,Congelados,25,24
CO-FVL356-5157,UNIFOODS TORORO 500 G,Congelados,13,13
CO-FVL356-7106,UNIFOODS CAMOTES REBANADOS 500 G,Congelados,12,11
CO-FVL356-7225,MIYAKO EDAMAME FRIJOL DE SOYA 400 G,Congelados,29,29
CO-FVL357-10365,OHIRA KIMUCHI TAKANA 140 G,Congelados,21,18
CO-FVL357-10366,OHIRA KARASHI TAKANA 140 G / 120 G,Congelados,18,16
CO-FVL357-10367,OHIRA GOHAN TAKANA 140 G,Congelados,23,21
CO-FVL357-10368,OHIRA KIZAMI TAKANADUKE 150 G,Congelados,29,23
CO-FVL360-12886,DEEP CHIKOO SLICES 340 G,Congelados,14,13
CO-FVL399-0171,DACHENG BEANCURD 3 KG,Otros,1,1
CO-FVL399-0172,DACHENG VEG BEANCURD TOFU 3 KG,Tofu,1,1
CO-FVL399-0173,DACHENG VEGAN FILETE DE PESCADO 1.2 KG,Bebidas,1,1
CO-FVL399-10679,MISUZU AJITSUKE KANPYO 1 KG,Congelados,60,54
CO-FVL399-11282,AKANEMARU KOSHIAN 450 G,Congelados,52,49
CO-FVL399-11283,AKANEMARU TSUBUAN 450 G,Congelados,44,43
CO-FVL399-11721,MARUHA NICHIROTONJIRU NO GU 270 G / 250 G,Congelados,15,14
CO-FVL399-12691,DACHENG VEGAN YAM FLOWER 3 KG,Otros,1,1
CO-FVL399-13551,NISSUI CROQUETAS CON CANGREJO 168 G,Congelados,46,45
CO-FVL399-13552,NISSUI CROQUETAS DE CREMA CON ELOTE 168 G,Congelados,42,39
CO-FVL399-6932,AKANEMARU KOSHIAN 1 KG,Congelados,9,7
CO-FVL399-6934,AKANEMARU TSUBUAN 1 KG,Congelados,12,11
CO-FVL399-8315,KANEMAN MURASE AJITSUKE MENMA 1 KG,Congelados,134,96
CO-FVL399-9798,DACHENG VEGAN LOTUS ALBONDIGA DE LOTO VEGANA 3 KG,Otros,1,1
CO-HYE449-12214,NISSUI DASHINO UMAMI MARUI TAKOYAKI OOTSUBU 15 PZAS 450 G,Harinas,87,83
CO-HYE449-12215,NISSUI DASHINO UMAMI TAKOYAKI 6 PZAS 193 G,Harinas,72,66
CO-MTP900-14268,IRO IRO MOCHI CREAM CARAMEL MACCHIATO IND,Dulces y Botanas,2,2
CO-MTP900-14269,IRO IRO MOCHI CREAM YOGURT ARANDANO IND.,Dulces y Botanas,2,2
CO-MTP900-14270,IRO IRO MOCHI CREAM PASTEL DE FRESA IND.,Dulces y Botanas,2,2
CO-MTP900-14271,IRO IRO MOCHI CREAM CAFÉ CON LECHE IND.,Dulces y Botanas,2,2
CO-MTP900-14272,IRO IRO MOCHI CREAM MATCHA UJIKINTOKI INDV.,Dulces y Botanas,2,2
CO-MTP900-14273,IRO IRO MOCHI CREAM DOBLE MANGO IND.,Dulces y Botanas,3,3
CO-MTP900-14274,IRO IRO MOCHI CREAM FLAN DE CARAMELO IND.,Dulces y Botanas,2,2
CO-PAN307-12882,DEEP TANDOORI NAAN 375 G,Congelados,23,22
CO-PAN307-12883,DEEP GARLIC NAAN 300 G,Congelados,13,13
CO-PAN307-12884,DEEP TANDOORI ROTI 290 G,Congelados,24,24
CO-PAN307-12885,DEEP WHOLE WHEAT PARATHA 400 G,Congelados,18,18
CO-PAN307-14017,CHIMEI GREEN ONION PANCAKES 600 GR,Congelados,58,54
CO-PAN308-14041,CHIMEI MINI MANTOU AZUCAR MORENA 240 GR,Congelados,48,48
CO-PAN308-14042,CHIMEI MALAI PAN DULCE 480 GR,Congelados,52,51
CO-PAN308-14043,CHIMEI BUN CREMA 325 GR,Congelados,64,60
CO-PDM450-12217,HACHIYO SUISAN AJITSUKE MEKABU 105 G,Congelados,36,32
CO-PDM450-12218,HACHIYO SUISAN KAMAYUDE MEKABU 105 G,Congelados,49,46
CO-PDM450-12219,HACHIYO SUISAN OSASHIMI WAKAME 120 G,Congelados,14,13
CO-PDM450-12443,HOUSHOKU AO-TOSAKA VERDE 500 GR,Otros,1,1
CO-PDM450-12444,HOUSHOKU AKA-TOSAKA ROJO 500 GR,Otros,1,1
CO-PDM450-12804,HACHIYO SUISAN ALGA MOZUKU YUZU 180 G,Congelados,45,42
CO-PDM450-12805,HACHIYO SUISAN ALGA MOZUKU LIMÓN 180 G,Congelados,38,36
CO-PDM450-12806,HACHIYO SUISAN ALGA MOZUKU CIRUELA 180 G,Congelados,40,38
CO-PDM450-13587,KOKKU WAKAME ALGA SAZONADA 100 G,Congelados,13,12
CO-PDM450-14014,HACHIYO SUISAN ALGA MOZUKU CON KIMUCHI 120 G,Congelados,21,21
CO-PDM450-14015,HACHIYO SUISAN ALGA MOZUKU CON VINAGRE DE ARROZ NEGRO 210 G,Congelados,18,17
CO-PDM450-14016,HACHIYO SUISAN ALGA MOZUKU CON VINAGRE AGRIDULCE 210 G,Congelados,22,20
CO-PDM450-14092,KANERYO KAISOU AJITSUKE MEKABU SABOR A CIRUELA 135 G,Congelados,14,14
CO-PDM450-14093,KANERYO KAISOU AGODASHI MEKABU 105 G,Congelados,17,17
CO-PDM450-14094,KANERYO KAISOU OKURA MEKABU 105 G,Congelados,25,24
CO-PDM452-13639,ICHIMASA JUMBO CRAB STICKS 240 G,Congelados,44,42
CO-PDM452-9155,LOUIS KEMP KANIKAMA DESMENUZADO 2.5 LB,Congelados,48,44
CO-PDM453-0949,TETSUJIN CHUKA IKA SANSAI ENSALADA DE CALAMAR 2 KG,Congelados,8,8
CO-PDM453-10042,TETSUJIN MONGO CHASEN 500 G/”M”(12-15),Congelados,21,19
CO-PDM453-12454,AZUMA IIDAKO KARA-AGE 1 KG,Congelados,6,5
CO-PDM453-12459,"AZUMA CALAMARI SALAD ""DELIGHT"" 1 KG",Congelados,1,1
CO-PDM453-12460,AZUMA CHUKA IIDAKO 'S' 1 KG,Congelados,1,1
CO-PDM453-12462,AZUMA TSUBU KIMCHEE 1 KG,Congelados,4,4
CO-PDM453-13027,AZUMA TAKO WASABI 1KG,Congelados,1,1
CO-PDM453-13028,OSTIÓN GRANDE CONGELADO KILO,Congelados,6,5
CO-PDM453-13635,OSTIÓN MEDIANO CONGELADO KILO,Congelados,2,2
CO-PDM453-13726,"TETSUJIN MONGO CHASEN 500 G ""S"" (16-18)",Congelados,44,37
CO-PDM453-1606,SM CAMARON FRIZADO SIN CABEZA 41/50,Congelados,5,4
CO-PDM453-1750,SOFT SHELL NACIONAL KG.,Congelados,47,42
CO-PDM454-11132,KOKKU HUEVA DE PESCADO TOBIKO NARANJA 100 G,Congelados,1,1
CO-PDM454-11590,TETSUJIN TOBIKO NEGRO 500 G,Congelados,7,7
CO-PDM454-11662,KANEFUKU MENTAI TUBE MILD 300 G,Congelados,18,18
CO-PDM454-2339,TETSUJIN TOBIKO WASABI 500 G,Congelados,5,4
CO-PDM454-2341,TETSUJIN TOBIKO ROJO 500 G,Congelados,6,6
CO-PDM454-3985,SITKA SOUND SEAFOODS IKURA 1 KG,Congelados,6,6
CO-PDM454-9728,KOKKU HUEVA DE PESCADO PROC (MASAGO) 1 KG,Congelados,993,834
CO-PDM454-9902,TRIDENT IKURA (C-1) 1 KG,Congelados,28,26
CO-PDM454-9903,TRIDENT IKURA (C-1A) 1 KG,Congelados,105,93
CO-PDM454-9939,KOKKU TOBIKO NARANJA 500 G,Congelados,109,103
CO-PDM454-9942,KOKKU TOBIKO ROJO 500 G,Congelados,110,99
CO-PDM454-9943,KOKKU TOBIKO WASABI 500 G,Congelados,2,2
CO-PDM454-9954,KOBE TOBIKO ORANGE 500 G,Congelados,5,5
CO-PDM456-0028,TETSUJIN ANAGO 41/45 - 46/50 - 51/55 - 56/60 KG,Congelados,4,4
CO-PDM456-0044,AQUACHILE SALMON ATLANTICO CRUDO FILETE (4-5 LB) KG,Congelados,281,240
CO-PDM456-12455,AZUMA OSUSHIYA NISHIN 909 GRS,Congelados,2,2
CO-PDM456-13111,AQUACHILE SALMON COHO CRUDO FILETE (2-3 LB) KG,Congelados,6,6
CO-PDM456-13112,AQUACHILE SALMON COHO CRUDO FILETE (3-4 LB) KG,Congelados,428,364
CO-PDM456-13636,SANMA ENTERO CONGELADO KILO,Congelados,9,9
CO-PDM456-13640,AQUACHILE SALMON COHO CRUDO AHUMADO ( 2-4 LB) KG,Congelados,2,2
CO-PDM456-13869,ABECHO SANMA REBANADO FLAMEADO 6 P 280 G,Congelados,25,24
CO-PDM456-13881,AQUACHILE SALMON COHO PORCION (8 OZ) KG,Congelados,197,173
CO-PDM456-14095,SENREI FILETE DE SANMA 10 PZAS,Bebidas,3,3
CO-PDM456-14634,AQUACHILE SALMON COHO CRUDO FILETE (4-5 LB) KG,Congelados,3,3
CO-PDM456-1701,AQUACHILE SALMON CRUDO PORCION (8 OZ) KG,Congelados,7,7
CO-PDM456-2438,AQUACHILE SALMON ATLANTICO CRUDO FILETE (2-3 LB) KG,Congelados,1,1
CO-PDM456-9348,SM / TRIDENT BACALAO NEGRO (BLACK COD 5-7 LB) KG,Congelados,1,1
CO-PDM456-9528,SM ATUN ALETA AZUL CHU-TORO KG,Congelados,1,1
CO-PDM458-10931,KOKKU SURIMI EN BARRA 1 KG,Congelados,1,1
CO-PDM458-13870,TAKAMASA FISH NUGGETS CON CEBOLLA 184 G,Congelados,20,18
CO-PDM458-13871,TAKAMASA FISH NUGGETS CON MAITAKE 184 G,Congelados,15,14
CO-PDM499-12458,AZUMA ANKIMO 220 GRS,Congelados,5,4
CO-PDM499-12586,ICHIMASA KAMABOKO ROJO 180 G,Congelados,121,104
CO-PDM499-13025,SM BARRITA DE SURIMI EMPANIZADO 1KG,Congelados,4,3
CO-PDM499-13641,ICHIMASA KAMABOKO BLANCO 180 G,Congelados,69,61
CO-PDM499-13642,ICHIMASA FRIED FISH CAKE 114 G,Congelados,56,53
CO-PDM499-14286,WILLCOM KAKI FRY 500 G (25G×20PZAS),Otros,3,3
CO-SFP602-10090,SUN NOODLE P. TONK-24S,Congelados,1,1
CO-SFP602-10435,SUN NOODLE P. TONK-22S 7.1 KG,Congelados,1,1
CO-SFP602-11593,SUN NOODLE IQF RAMEN 80 PZS 8 KG,Congelados,2,1
CO-SFP602-12571,SM FIDEO DE RAMEN DELGADO 120 G X 5 PZAS,Congelados,6,5
CO-SFP602-12572,SM FIDEO DE RAMEN GRUESO 150 G X 5 PZAS,Congelados,4,4
CO-SFP602-12573,SM FIDEO DE RAMEN VEGANO PERSONALIZADO TENTOTEN 110 G X 5 PZAS,Congelados,3,1
CO-SFP602-13513,SM FIDEO DE RAMEN VEGANO GENERAL USE 110 G X 5 PZAS,Congelados,2,2
CO-SFP602-3347,SUN NOODLE NAMA YAKISOBA #22 50 PZAS 8.52 KG,Congelados,48,40
CO-SFP602-5745,SUN NOODLE FIDEO FRESH RAMEN #18W 50 PZAS 7.085 KG,Congelados,22,20
CO-SFP603-13476,GYUKAKU FIDEO GRUESO UDON 198 G,Congelados,2,2
CO-SFP606-11784,MARUHA NICHIRO YOKOHAMA ANKAKE RAMEN 452 G,Congelados,24,21
CO-SFP606-11786,MARUHA NICHIRO KAISEN ANKAKE YAKISOBA 319 G,Congelados,30,28
CO-SFP606-11787,MARUHA NICHIRO GOMOKU ANKAKE YAKISOBA 346 G / 366 G,Congelados,30,27
CO-SFP606-13091,MARUHA NICHIRO ICHIGEN EBI MISO RAMEN 225 G,Congelados,4,4
CO-SFP606-13127,SUN NOODLE TONKOTSU RAMEN 2 PZAS 498 G N,Congelados,6,5
CO-SFP606-9789,SUN NOODLE SHOYU RAMEN 2 PZAS 355 G,Congelados,28,26
CO-SFP649-13882,LILAS PASTA KATAIFI 454 G,Congelados,19,18
CO-SFP649-5780,APOLLO PASTA KATAIFI 454 G,Congelados,121,102
CO-SYE558-12575,SM BASE DE SOPA KYOTO TONKOTSU 5 KG,Congelados,1,1
CO-SYE558-8327,KINJIRUSHI YUZU KOSHO 90 G,Congelados,8,6
CO-TQO748-10022,DACHENG PLANT BASED MONASCUS MEAT 3 KG,Otros,1,1
CO-TQO748-12248,DACHENG PLANT BASED THAI CHICKEN 3 KG,Otros,1,1
CO-TQO748-12250,DACHENG PLANT BASED CRISPY CHICKEN WITH PEPPER 3 KG,Otros,1,1
CO-TQO748-13231,DACHENG AROS DE CALAMAR A BASE DE PLANTAS 500 G,Otros,1,1
CO-TQO748-2002,DACHENG BOCADO DE POLLO A BASE DE PLANTAS 3 KG,Otros,1,1
CO-TQO748-2003,DACHENG PLANT BASED CHICKEN SOY ROLL 1 KG,Otros,1,1
CO-TQO748-2005,DACHENG PLANT BASED SOY ROLL 1 KG,Otros,1,1
CO-TQO748-6843,DACHENG PLANT BASED CHICKEN STEAK 3 KG,Otros,1,1
CO-TQO748-7253,DACHENG VEGAN HAM PASTE ROLL 1 KG,Bebidas,1,1
CO-TQO749-11284,KOZAWA OAGE 5 PIEZAS 125 G,Tofu,106,98
CO-TQO749-12556,MISUZU OINARISAN 16 PZAS 250 G,Tofu,56,54
CO-TQO749-13389,OK AJITSUKE SUSHI AGE CUADRADO 25 N 60 PZAS 660 G,Tofu,62,60
CO-TYE356-12888,DEEP PANKORA 283 G,Congelados,20,18
CO-TYE755-12873,DEEP COCKTAIL SAMOSA 2.1 KG,Congelados,11,11
CO-TYE755-12874,DEEP MASALA IDLI 255 G,Congelados,16,16
CO-TYE755-12876,DEEP MASALA DOSA 397 G,Congelados,12,12
CO-TYE755-12889,DEEP COCKTAIL CHANADAL SAMOSA 425 G,Congelados,17,17
CO-TYE755-12890,DEEP COCKTAIL POTATO SAMOSA 425 G,Congelados,27,26
CO-TYE755-13024,SM GYOZA DE SURIMI 1KG,Congelados,11,11
CO-TYE755-13171,BIBIGO MANDU KIMCHI 168G,Congelados,11,11
CO-TYE755-13172,BIBIGO MANDU JAPCHAE 168G,Congelados,9,9
CO-TYE755-13173,BIBIGO MANDU GREEN CHILLI 168G,Congelados,9,9
CO-TYE755-13282,SEÑOR YOSHI GYOZA DE CHAMPIÑON 500 G,Congelados,160,149
CO-TYE755-13283,SEÑOR YOSHI GYOZA DE CHAMPIÑON 1 KG,Congelados,139,126
CO-TYE755-13332,DAY-LEE PRIDE GYOZA DE POLLO 595 G,Congelados,250,219
CO-TYE755-13333,DAY-LEE PRIDE GYOZA DE CERDO 595 G,Congelados,211,188
CO-TYE755-13334,DAY-LEE PRIDE GYOZA DE VEGETALES 595 G,Congelados,179,164
CO-TYE755-13335,DAY-LEE PRIDE GYOZA DE POLLO Y SHITAKE 595 G,Congelados,185,157
CO-TYE799-12881,DEEP ALOO PARATHA 382 G,Congelados,19,18
CO-TYE799-13460,UNGERS PASTA FILLO 454 G,Congelados,2,2
OT-ACC003-0274,FUJI ADORNO DARUMA 11.25 CM. MOD DA-2,Accesorios,7,7
OT-ACC003-0275,FUJI ADORNO DARUMA 13.75 CM. MOD. DA-3,Accesorios,1,1
OT-ACC003-0276,FUJI ADORNO DARUMA 17.50 CM MOD. DA-5,Accesorios,5,5
OT-ACC003-10557,YAKUSHIGAMA ADORNO KABUTO NISHIKI 18.5 CM 5684,Otros,1,1
OT-ACC003-10561,KITAMURA COMETA V101-1,Otros,1,1
OT-ACC003-10562,KITAMURA COMETA V101-2,Accesorios,5,5
OT-ACC003-10563,KITAMURA COMETA V101-3,Accesorios,3,3
OT-ACC003-10564,KITAMURA COMETA V101-4,Accesorios,4,4
OT-ACC003-10565,KITAMURA COMETA V102-2,Accesorios,6,6
OT-ACC003-10566,KITAMURA COMETA V102-1,Otros,4,4
OT-ACC003-11040,NIHON PEARL ORNAMENTO HAPPI,Accesorios,2,2
OT-ACC003-11054,KINOSHITA ADORNO DE PAPEL PARA CELEBRAR AÑO NUEVO,Accesorios,3,3
OT-ACC003-6021,SAWANOTSURU KAZARIDARU 72 L 4 TODARU,Otros,1,1
OT-ACC003-7247,TAKASHIMIZU KAZARIDARU 72 L 4 TODARU,Otros,1,1
OT-ACC003-8547,TOYO GATITO DE LA SUERTE MANEKINEKO 30 CM.,Accesorios,6,6
OT-ACC004-10542,KYOWA POSTER DE TABLA DE MULTIPLICACION 297*420MM 62-591,Accesorios,9,8
OT-ACC004-10549,NIPPON PEARL HYAKUNIN ISSHU 78*52*38MM 134-NPAT-1-7,Accesorios,8,8
OT-ACC004-10550,NIPPON PEARL HANAFUDA 50*41*60 134-NPAT-002,Accesorios,8,8
OT-ACC004-13108,GUIA MEXICO BENRICHO VOL. 9 2025,Accesorios,4,4
OT-ACC005-10651,ZEBRA PLUMA SARASA FINA ROJO 0.5 MM 8862,Accesorios,1,1
OT-ACC005-10654,ZEBRA BOLIGRAFO STYLUS PRO NARANJA 7930-17,Accesorios,1,1
OT-ACC005-10658,ZEBRA MARCATEXTOS 2 PIEZAS 3205-26,Accesorios,1,1
OT-ACC005-10659,ZEBRA BOLIGRAFO KIZOKU ELITE AZUL 7938-41,Accesorios,2,2
OT-ACC005-10661,ZEBRA BOLIGRAFO METALICO BLANCO MINI CON ESTUCHE 7913-08,Accesorios,1,1
OT-ACC005-10663,ZEBRA BOLIGRAFO KIZOKU ELITE GRIS 7938-32,Accesorios,2,2
OT-ACC005-10664,ZEBRA BOLIGRAFO METALICO ARENA MINI CON ESTUCHE 7913-09,Accesorios,1,1
OT-ACC005-10670,ZEBRA BOLIGRAFO KIZOKU ELITE PLATA 7938-44,Accesorios,1,1
OT-ACC005-10672,ZEBRA PEGAMENTO LIQUIDO 2210-10,Accesorios,1,1
OT-ACC005-10674,ZEBRA BOLIGRAFO METALICO ROSA MINI CON ESTUCHE 7913-04,Accesorios,1,1
OT-ACC005-10675,ZEBRA MARCADORES SURTIDOS 15 PZAS 4018-67,Accesorios,2,2
OT-ACC005-10676,ZEBRA BOLIGRAFO METALICO AZUL MINI CON ESTUCHE 7913-02,Accesorios,1,1
OT-ACC005-10681,ZEBRA BOLIGRAFO METALICO NEGRO MINI CON ESTUCHE 7913-00,Accesorios,1,1
OT-ACC005-10694,PILOT BOLIGRAFO DE 3 TINTAS TRANSPARENTE 19006,Accesorios,7,7
OT-ACC005-10695,PILOT BOLIGRAFO DE 3 TINTAS BARRIL NEGRO 19007,Accesorios,6,6
OT-ACC005-10696,PILOT BOLIGRAFO DE 3 TINTAS BARRIL AZUL MARINO 19008,Accesorios,5,5
OT-ACC005-10697,PILOT BOLIGRAFO DE 3 TINTAS BARRIL ROSA 19009,Accesorios,3,3
OT-ACC005-10698,PILOT BOLIGRAFO DE 3 TINTAS BARRIL VERDE 19011,Accesorios,4,4
OT-ACC005-10699,PILOT BOLIGRAFO DE TINTA NEGRA 0.5 MM BORRABLE 19100,Accesorios,5,4
OT-ACC005-10700,PILOT BOLIGRAFO DE TINTA AZUL 0.5 MM BORRABLE 19101,Accesorios,6,5
OT-ACC005-10701,PILOT BOLIGRAFO DE TINTA ROJO 0.5 MM BORRABLE 19102,Accesorios,7,7
OT-ACC005-10704,PILOT BOLIGRAFO DE TINTA NEGRA 0.7 MM BORRABLE 31450,Accesorios,7,7
OT-ACC005-10705,PILOT BOLIGRAFO DE TINTA AZUL 0.7 MM BORRABLE 31451,Accesorios,5,4
OT-ACC005-10706,PILOT BOLIGRAFO DE TINTA ROJA 0.7 MM BORRABLE 31452,Accesorios,4,4
OT-ACC005-10707,PILOT BOLIGRAFO DE TINTA VERDE 0.7 MM BORRABLE 31453,Accesorios,7,7
OT-ACC005-10708,PILOT BOLIGRAFO DE TINTA ROSA 0.7 MM BORRABLE 31454,Accesorios,4,4
OT-ACC005-10720,PILOT BOLIGRAFO DE TINTA MORADA 0.7 MM BORRABLE 31455,Accesorios,5,5
OT-ACC005-10721,PILOT BOLIGRAFO DE TINTA NEGRA BORRABLE 31550,Accesorios,6,6
OT-ACC005-10722,PILOT BOLIGRAFO DE TINTA AZUL BORRABLE 31551,Accesorios,3,3
OT-ACC005-10723,PILOT BOLIGRAFO DE TINTA NEGRA 0.5 MM BORRABLE 31573,Accesorios,6,6
OT-ACC005-10724,PILOT BOLIGRAFO DE TINTA AZUL 0.5 MM BORRABLE 31574,Accesorios,6,6
OT-ACC005-10725,PILOT BOLIGRAFO DE TINTA ROJA 0.5 MM BORRABLE 31575,Accesorios,4,4
OT-ACC005-10729,PILOT MARCATEXTOS DE TINTA AMARILLA BORRABLE 46502,Accesorios,8,8
OT-ACC005-10751,PILOT BOLIGRAFO BORRABLE TINTA CAFÉ 11047,Accesorios,3,3
OT-ACC005-10752,PILOT BOLIGRAFO BORRABLE TINTA LAVANDA 11055,Accesorios,4,4
OT-ACC005-10753,PILOT BOLIGRAFO BORRABLE TINTA LIMA 11058,Accesorios,3,3
OT-ACC005-10754,PILOT BOLIGRAFO BORRABLE TINTA ROSA 11061,Accesorios,8,7
OT-ACC005-10755,PILOT BOLIGRAFO BORRABLE TINTA TURQUESA 11064,Accesorios,2,2
OT-ACC005-10756,PILOT BOLIGRAFO BORRABLE TINTA AMARILLA 11067,Accesorios,3,3
OT-ACC005-10757,PILOT BOLIGRAFO BORRABLE TINTA VERDE 11240,Accesorios,4,4
OT-ACC005-10763,PILOT BOLIGRAFO MULTITINTA BARRIL AZUL MARINO 19019,Accesorios,7,7
OT-ACC005-10764,PILOT BOLIGRAFO DE GEL TINTA AZUL 13002,Accesorios,11,10
OT-ACC005-10765,PILOT BOLIGRAFO MULTITINTA BARRIL TRANSPARENTE 19017,Accesorios,6,6
OT-ACC005-10766,PILOT BOLIGRAFO MULTITINTA BARRIL NEGRO 19018,Accesorios,7,7
OT-ACC005-10767,PILOT BOLIGRAFO MULTITINTA BARRIL ROSA 19020,Accesorios,4,4
OT-ACC005-10768,PILOT BOLIGRAFO MULTITINTA BARRIL VERDE 19063,Accesorios,4,4
OT-ACC005-10769,PILOT BOLIGRAFO PUNTO EXTRA FINO TINTA VERDE 25104,Accesorios,7,6
OT-ACC005-10770,PILOT BOLIGRAFO PUNTO EXTRA FINO TINTA MORADA 25106,Accesorios,8,7
OT-ACC005-10771,PILOT BOLIGRAFO BORRABLE TINTA NEGRA 32465,Accesorios,6,5
OT-ACC005-10772,PILOT BOLIGRAFO BORRABLE TINTA AZUL 32466,Accesorios,5,5
OT-ACC005-10783,PILOT BOLIGRAFO BORRABLE TINTA ROJA 32467,Accesorios,3,3
OT-ACC005-10784,PILOT BOLIGRAFO BORRABLE TINTA MORADA 32469,Accesorios,4,4
OT-ACC005-10785,PILOT BOLIGRAFO BORRABLE TINTA AZUL MARINO 32470,Accesorios,5,5
OT-ACC005-10788,PILOT BOLIGRAFO BORRABLE TINTA MAGENTA 32474,Accesorios,8,7
OT-ACC005-10789,PILOT BOLIGRAFO BORRABLE TINTA SALMON 32475,Accesorios,3,3
OT-ACC005-10790,PILOT BOLIGRAFO PUNTO EXTRA FINO TINTA NEGRA 35334,Accesorios,7,7
OT-ACC005-10791,PILOT BOLIGRAFO PUNTO EXTRA FINO TINTA AZUL 35335,Accesorios,6,5
OT-ACC005-10792,PILOT BOLIGRAFO PUNTO EXTRA FINO TINTA ROJA 35336,Accesorios,6,5
OT-ACC005-10793,PILOT PLUMA VARSITY DESECHABLE ROSA 90007,Accesorios,1,1
OT-ACC005-10794,PILOT PLUMA VARSITY DESECHABLE MORADO 90008,Accesorios,4,3
OT-ACC005-10795,PILOT PLUMA VARSITY DESECHABLE TURQUESA 90009,Accesorios,5,5
OT-ACC005-10796,PILOT PLUMA VARSITY TINTA NEGRA 90010,Accesorios,4,4
OT-ACC005-10797,PILOT PLUMA VARSITY TINTA AZUL 90011,Accesorios,8,7
OT-ACC005-10798,PILOT PLUMA PUNTA RIGIDA TINTA NEGRA 92035,Accesorios,5,5
OT-ACC005-10799,PILOT PLUMA PUNTA DE PINCEL TINTA NEGRA 92036,Accesorios,3,3
OT-ACC005-10817,PILOT BOLIGRAFO BPT-P TINTA NEGRA 10620,Accesorios,6,6
OT-ACC005-10818,PILOT BOLIGRAFO BPT-P TINTA AZUL 10621,Accesorios,5,5
OT-ACC005-10819,PILOT BOLIGRAFO BPT-P TINTA ROJA 10622,Accesorios,6,6
OT-ACC005-10820,PILOT BOLIGRAFO RETRACTIL BP-1 RT TINTA NEGRA 10704,Accesorios,7,6
OT-ACC005-10821,PILOT BOLIGRAFO RETRACTIL BP-1 RT TINTA AZUL 10705,Accesorios,7,7
OT-ACC005-10822,PILOT BOLIGRAFO RETRACTIL BP-1 RT TINTA ROJA 10706,Accesorios,8,8
OT-ACC005-10823,"PILOT MOGULAIR THE SHAKER BARRIL NEGRO, 0.5 MM 10975",Accesorios,6,6
OT-ACC005-10824,"PILOT MOGULAIR THE SHAKER BARRIL AZUL, 0.5 MM 10978",Accesorios,2,2
OT-ACC005-10825,"PILOT MOGULAIR THE SHAKER BARRIL TURQUESA, 0.5 MM 10983",Accesorios,3,3
OT-ACC005-10826,"PILOT MOGULAIR THE SHAKER BARRIL ROSA, 0.5 MM 10988",Accesorios,3,3
OT-ACC005-10827,PILOT MOGULAIR THE SHAKER BARRIL MORADO 0.5 MM 10993,Accesorios,2,2
OT-ACC005-10828,PILOT MOGULAIR THE SHAKER BARRIL BLANCO 0.5 MM 10998,Accesorios,3,3
OT-ACC005-10829,PILOT BOLIGRAFO DE GEL TINTA ROJA 13003,Accesorios,4,4
OT-ACC005-10830,PILOT BOLIGRAFO DE GEL TINTA VERDE 13004,Accesorios,3,3
OT-ACC005-10831,PILOT BOLIGRAFO DE GEL TINTA MORADA 13005,Accesorios,4,4
OT-ACC005-10832,PILOT BOLIGRAFO DE GEL TINTA ROSA 13006,Accesorios,6,6
OT-ACC005-10833,"PILOT BOLIGRAFO POP´LOL, TINTA GEL NEGRO 18027",Accesorios,4,3
OT-ACC005-10834,"PILOT BOLIGRAFO POP´LOL, TINTA GEL ROJA 18028",Accesorios,4,4
OT-ACC005-10835,"PILOT BOLIGRAFO POP´LOL, TINTA GEL AZUL 18029",Accesorios,4,4
OT-ACC005-10836,"PILOT BOLIGRAFO POP´LOL, TINTA GEL VERDE 18030",Accesorios,2,2
OT-ACC005-10837,"PILOT BOLIGRAFO POP´LOL, TINTA GEL CAFE 18031",Accesorios,5,5
OT-ACC005-10838,"PILOT BOLIGRAFO POP´LOL, TINTA GEL VINO 18032",Accesorios,4,4
OT-ACC005-10839,"PILOT BOLIGRAFO POP´LOL, TINTA GEL NARANJA 18034",Accesorios,3,3
OT-ACC005-10840,"PILOT BOLIGRAFO POP´LOL, TINTA GEL CARAMELO 18033",Accesorios,3,3
OT-ACC005-10841,"PILOT BOLIGRAFO POP´LOL, TINTA GEL ROSA 18035",Accesorios,3,3
OT-ACC005-10842,"PILOT BOLIGRAFO POP´LOL, TINTA GEL MORADO 18036",Accesorios,4,4
OT-ACC005-10843,"PILOT BOLIGRAFO POP´LOL, TINTA GEL TURQUESA 18037",Accesorios,3,3
OT-ACC005-10845,"PILOT BOLIGRAFO POP´LOL, TINTA GEL BLANCO 18039",Accesorios,6,5
OT-ACC005-10847,"PILOT BOLIGRAFO POP´LOL, TINTA GEL VERDE PASTEL 18041",Accesorios,5,5
OT-ACC005-10848,"PILOT BOLIGRAFO POP´LOL, TINTA GEL AZUL PASTEL 18042",Accesorios,5,5
OT-ACC005-10849,"PILOT BOLIGRAFO POP´LOL, TINTA GEL MORADO PASTEL 18043",Accesorios,5,5
OT-ACC005-10850,"PILOT BOLIGRAFO POP´LOL, TINTA GEL ROSA PASTEL 18044",Accesorios,3,3
OT-ACC005-10851,"PILOT BOLIGRAFO POP´LOL, TINTA GEL ORO 18045",Accesorios,3,3
OT-ACC005-10852,"PILOT BOLIGRAFO POP´LOL, TINTA GEL PLATA 18046",Accesorios,2,2
OT-ACC005-10853,"PILOT LAPICERO MECANICO, 0.5 MM 50026",Accesorios,4,3
OT-ACC005-10854,"PILOT BOLIGRAFO POP´LOL, TINTA GEL ROSA METALICO 18047",Accesorios,4,4
OT-ACC005-10855,"PILOT BOLIGRAFO POP´LOL, TINTA GEL VERDE METALICO 18048",Accesorios,4,4
OT-ACC005-10856,"PILOT BOLIGRAFO POP´LOL, TINTA GEL AZUL METALICO 18049",Accesorios,7,6
OT-ACC005-10857,"PILOT BOLIGRAFO POP´LOL, TINTA GEL MORADO METALICO 18050",Accesorios,6,6
OT-ACC005-10858,"PILOT BOLIGRAFO POP´LOL, TINTA GEL NEON ROSA 19026",Accesorios,2,2
OT-ACC005-10859,"PILOT BOLIGRAFO POP´LOL, TINTA GEL NEON ROJA 19027",Accesorios,4,4
OT-ACC005-10860,"PILOT BOLIGRAFO POP´LOL, TINTA GEL NEON NARANJA 19028",Accesorios,1,1
OT-ACC005-10861,"PILOT BOLIGRAFO POP´LOL, TINTA GEL NEON NARANJA CLARO 19029",Accesorios,1,1
OT-ACC005-10862,"PILOT BOLIGRAFO POP´LOL, TINTA GEL NEON AMARILLO 19030",Accesorios,4,4
OT-ACC005-10863,"PILOT BOLIGRAFO POP´LOL, TINTA GEL NEON VERDE 19031",Accesorios,2,2
OT-ACC005-10866,PILOT MARCADOR PERMANENTE COLOR BLANCO 41491,Accesorios,5,5
OT-ACC005-10867,PILOT MARCADOR PERMANENTE JUMBO TINTA NEGRA 43100,Accesorios,6,5
OT-ACC005-10868,PILOT MARCADOR PERMANENTE JUMBO TINTA AZUL 43200,Accesorios,4,4
OT-ACC005-10869,PILOT MARCADOR PERMANENTE JUMBO TINTA ROJA 43300,Accesorios,3,3
OT-ACC005-10870,PILOT MARCADORES PARA PIZARRON VBOARD SURTIDOS 43820,Accesorios,3,3
OT-ACC005-10871,PILOT CARTUCHO PARA MARCADORES VBOARD NEGRO 43922,Accesorios,1,1
OT-ACC005-10872,PILOT CARTUCHO PARA MARCADORES VBOARD AZUL 43923,Accesorios,2,2
OT-ACC005-10873,PILOT CARTUCHO PARA MARCADORES VBOARD ROJO 43924,Accesorios,1,1
OT-ACC005-10874,PILOT CARTUCHO PARA MARCADORES VBOARD VERDE 43925,Accesorios,1,1
OT-ACC005-10875,PILOT CARTUCHO PARA MARCADORES VBOARD NARANJA 43926,Accesorios,1,1
OT-ACC005-10876,PILOT MARCADOR PERMANENTE SCB TINTA NEGRA 44100,Accesorios,15,14
OT-ACC005-10877,PILOT MARCADOR PERMANENTE SCA400 TINTA NEGRA 44114,Accesorios,7,7
OT-ACC005-10878,PILOT MARCADOR PERMANENTE SCA400 TINTA ROJA 44115,Accesorios,8,8
OT-ACC005-10879,PILOT MARCADOR PERMANENTE SCA400 TINTA AZUL 44116,Accesorios,4,4
OT-ACC005-10880,PILOT MARCADOR PERMANENTE SCB TINTA ROJA 44200,Accesorios,4,4
OT-ACC005-10881,PILOT MARCADOR PERMANENTE SCB TINTA AZUL 44400,Accesorios,3,3
OT-ACC005-10885,"PILOT LAPICERO MECANICO, 0.5 MM AZUL 51213-A",Accesorios,7,7
OT-ACC005-10886,"PILOT LAPICERO MECANICO, 0.5 MM MORADO 51213-M",Accesorios,1,1
OT-ACC005-10887,"PILOT LAPICERO MECANICO, 0.5 MM NARANJA 51213-N",Accesorios,1,1
OT-ACC005-10888,"PILOT LAPICERO MECANICO, 0.5 MM ROJO 51213-R",Accesorios,1,1
OT-ACC005-10889,"PILOT LAPICERO MECANICO, 0.5 MM VERDE 51213-V",Accesorios,3,3
OT-ACC005-11534,SEIWA PRO CLEAR HOLDER 10 PZS,Accesorios,9,9
OT-ACC005-13518,NICHIBAN CINTA ADHESIVA CT-15,Accesorios,2,2
OT-ACC005-13519,NICHIBAN CINTA ADHESIVA CT-15355P,Accesorios,1,1
OT-ACC005-13520,NICHIBAN DESPACHADOR DE CINTA ADHESIVA CT-12DCC,Accesorios,6,6
OT-ACC005-13521,NICHIBAN CINTA ADHESIVA CT-15S2PN,Accesorios,3,3
OT-ACC005-13522,NICHIBAN CINTA ADHESIVA CT-18S2PN,Accesorios,2,2
OT-ACC005-13523,NICHIBAN CINTA NW-15SF,Accesorios,2,2
OT-ACC005-13545,YAMATO ARABIC RESISTOL LIQUIDO NA-50RH,Accesorios,5,5
OT-ACC005-13546,YAMATO ARABIC RESISTOL EN BARRA YS-22H,Accesorios,7,7
OT-ACC049-10970,CLEVERIN DESINFECTANTE DE AMBIENTES Y SUPERFICIES 60 G,Accesorios,2,2
OT-ACC049-2986,ECHO REPUESTO DE PAPEL ADHESIVO PARA LIMPIAR 1499-221,Otros,1,1
OT-ACC049-7532,SUBARU ENGRAPADORA 432-08,Otros,1,1
OT-ACC049-9002,NAKAYA ACOMODADOR DE CALZADO V082,Accesorios,1,1
OT-ACE004-14221,GUIA MEXICO BENRICHO VOL. 10 2026,Aceites,16,16
OT-DEL299-14018,TOPPING TAPIOCA,Pan y Deli,7,7
OT-DEL299-14021,TOPPING CHANTILLY,Pan y Deli,2,2
OT-DEL299-14022,TOPPING LECHE DE AVENA,Pan y Deli,9,9
OT-PDB970-12542,ABOUT ME MASCARILLA DE ARROZ 25 G,Arroces,4,4
OT-PDB970-13654,MEDIANSWER MASCARILLA TRIPLE COLAGENO 37 G,Cuidado Personal,7,7
OT-PDB970-13655,MEDIANSWER MASCARILLA COLAGENO PURO 37 G,Cuidado Personal,7,7
OT-PDB970-13656,MEDIANSWER MASCARILLA COLAGENO CALMANTE 37 G,Cuidado Personal,5,5
OT-PDB970-13657,MEDIANSWER MASCARILLA COLAGENO VITA 32 G,Cuidado Personal,5,5
OT-PDB970-13658,MEDIANSWER MASCARILLA COLAGENO REAL SKIN 32 G,Congelados,7,7
OT-PDB973-13659,ABOUT ME CREMA FACIAL DE SOYA 85 ML,Cuidado Personal,5,5
OT-PDB973-13660,ABOUT ME CREMA DE OJOS 30 ML,Cuidado Personal,6,5
OT-PDB973-13661,ABOUT ME SUERO DE SOYA 50 ML,Cuidado Personal,4,4
OT-PDM975-13457,DR. TENGLE MASAJEADOR FACIAL 1PZ,Pescados y Mariscos,1,1
OT-UTE005-11017,KYOWA PAPEL PARA CALIGRAFÍA 26-001,Utensilios,30,29
OT-UTE005-11018,SUNNOTE TINTA NEGRA PARA CALIGRAFIA 180CC,Utensilios,27,24
OT-UTE005-11033,KURETAKE TINTA ROJA PARA CALIGRAFIA 180CC BO8013,Utensilios,9,9
OT-UTE005-11034,KURETAKE PISAPAPELES KC1-13,Utensilios,6,6
OT-UTE005-11035,KURETAKE PIEDRA DE TINTA HA205-45,Utensilios,10,10
OT-UTE005-11036,KURETAKE CEPILLO JAPONES JC311-3,Utensilios,11,11
OT-UTE005-11038,KURETAKE CEPILLO JAPONES JA307-7,Utensilios,15,15
OT-UTE800-0641,IWATANI OLLA DE PRESION PC -82,Utensilios,1,1
OT-UTE800-12009,TIGER ARROCERA ELECT 10 TAZAS JBX-A18U,Utensilios,6,6
OT-UTE800-1311,PANASONIC ARROCERA ELECTRICA 23 TAZAS SR-42HZP,Utensilios,4,4
OT-UTE800-13489,ZOJIRUSHI ARROCERA ELECTRICA 5.5 TAZAS NP-NWC10,Utensilios,1,1
OT-UTE800-13490,ZOJIRUSHI ARROCERA ELECTRICA 10 TAZAS NP-NWC18,Utensilios,1,1
OT-UTE800-13491,ZOJIRUSHI ARROCERA ELECTRICA 5.5 TAZAS NS-TSC10,Utensilios,5,5
OT-UTE800-5558,TAR HONG NSF CONS ELECT SEJ22000 50 TAZAS,Utensilios,2,2
OT-UTE801-12557,EZ COOK MÁQUINA PARA COCCIÓN DE RAMEN MOD RM1002,Utensilios,16,14
OT-UTE802-0231,EKA JUEGO DE CUCHILLO PELADOR Y REBANADOR DE CERAMICA CKSE004,Otros,1,1
OT-UTE802-0328,FUJI CUCHILLO TIPO HACHA MOD. CUK-02,Utensilios,1,1
OT-UTE802-11300,SAKAI JIKKO CUCHILLO GYUTO 240 MM,Utensilios,1,1
OT-UTE802-11301,SAKAI JIKKO CUCHILLO GYUTO 180 MM,Utensilios,1,1
OT-UTE802-11453,ENDO ABRIDOR DE ALMEJA BKI-29,Utensilios,2,2
OT-UTE802-11532,PEARL CUCHILLO YANAGIBA HOJA 20.5CM F-2404,Utensilios,9,9
OT-UTE802-11533,PEARL CUCHILLO DEBA HOJA 15.5CM F-2405,Utensilios,43,43
OT-UTE802-12377,PEARL CUCHILLO AJIKIRI HOJA 10.5CM F-2406,Utensilios,48,47
OT-UTE802-12413,ENDO CUCHILLO PETTY KNIFE 15 CM AKK-A7,Utensilios,1,1
OT-UTE802-12414,ENDO CUCHILLO BUTCHER KNIFE 21 CM AKK-A5,Utensilios,2,2
OT-UTE802-12415,ENDO CUCHILLO BUTCHER KNIFE 27 CM AKK-A4,Utensilios,1,1
OT-UTE802-12570,ENDO CUCHILLO BUTCHER KNIFE 24 CM AKK-A5,Utensilios,1,1
OT-UTE802-12728,ENDO CUCHILLO YANAGIBA 21 CM <AKK-23>,Utensilios,1,1
OT-UTE802-13444,SM CUCHILLO 8114-H2 YANAGI,Utensilios,78,78
OT-UTE802-13864,ENDO CUCHILLO SANTOKU 14.5CM <ALI-61>,Utensilios,3,2
OT-UTE802-13865,ENDO CUCHILLO GYUTO 21CM <ALI-56>,Utensilios,4,3
OT-UTE802-13866,ENDO CUCHILLO NAKIRI 16CM <ALI-58>,Utensilios,2,1
OT-UTE802-13867,ENDO CUCHILLO HONESUKI 15CM <ALI-59>,Otros,4,3
OT-UTE802-14133,KYOCERA CUCHILLO SANTOKU MANGO ROJO 14 CM,Utensilios,1,1
OT-UTE802-14136,KYOCERA CUCHILLO DE CHEF 18 CM,Otros,1,1
OT-UTE802-7949,SM CUCHILLO SR240-S,Utensilios,7,7
OT-UTE802-7950,SM CUCHILLO SR270-S,Utensilios,10,9
OT-UTE802-7952,SM CUCHILLO SRP240-S,Utensilios,5,5
OT-UTE802-7972,SM CUCHILLO FC-43,Utensilios,1,1
OT-UTE802-8017,SM CUCHILLO 8114-A2 YANAGI,Utensilios,92,88
OT-UTE802-8019,SM CUCHILLO 8116-A2 NAKIRI,Utensilios,22,22
OT-UTE802-8455,SM CUCHILLO 8117-A2 SANTOKU,Utensilios,26,26
OT-UTE802-8976,SM CUCHILLO 8113-A DEBA,Utensilios,7,7
OT-UTE802-9169,SM CUCHILLO 8115-A2-H YANAGI,Utensilios,13,13
OT-UTE802-9170,FUJI CUCHILLO MOD 8117-A2-H,Utensilios,15,15
OT-UTE802-9994,SM CUCHILLO 8115-A2 YANAGI,Utensilios,32,32
OT-UTE803-14222,KOKKU SET DE PALILLOS 2 PARES A49-BX18,Utensilios,14,13
OT-UTE803-14236,KOKKU SET DE PALILLOS 5 PARES A26-C1,Utensilios,17,17
OT-UTE803-14237,KOKKU SET DE PALILLOS 5 PARES A26-C7,Utensilios,20,20
OT-UTE803-14238,KOKKU SET DE PALILLOS 5 PARES A26-C15,Utensilios,15,15
OT-UTE803-14239,KOKKU SET DE PALILLOS 5 PARES A23-37,Utensilios,11,11
OT-UTE803-14240,KOKKU SET DE PALILLOS 5 PARES A23-83,Utensilios,15,15
OT-UTE803-14249,KOKKU SET DE PALILLOS 5 PARES A51-K9,Utensilios,5,5
OT-UTE803-14250,KOKKU SET DE PALILLOS 5 PARES DJ59,Utensilios,6,6
OT-UTE803-14253,KOKKU SET DE PALILLOS 2 PARES A49-BX30,Utensilios,23,21
OT-UTE803-14254,KOKKU SET DE PALILLOS 5 PARES A51-K1,Utensilios,7,7
OT-UTE803-14257,KOKKU SET DE PALILLOS 5 PARES A51-K13,Utensilios,11,11
OT-UTE803-14259,KOKKU SET DE PALILLOS 2 PARES A49-BX5,Utensilios,18,18
OT-UTE803-14260,KOKKU SET DE PALILLOS 2 PARES A49-BX17,Utensilios,11,10
OT-UTE804-10461,YAMA-TO TVO PALILLO DE BAMBU PERSONALIZADO 100 PARES 24 CM,Utensilios,1,1
OT-UTE804-11045,TANAKA PALILLO DE BAMBU PARA COCINAR 005492,Utensilios,94,91
OT-UTE804-11048,TANAKA PALILLO DE MADERA 065656,Utensilios,1,1
OT-UTE804-11049,TANAKA PALILLO DE MADERA 065663,Utensilios,1,1
OT-UTE804-13008,TANAKA PALILLO DE BAMBU 5 P 070414,Utensilios,15,14
OT-UTE804-13021,MIRAI GATO - PALILLO DE BAMBU PERSONALIZADO 100 PARES 23 CM,Utensilios,1,1
OT-UTE804-13220,TANAKA PALILLOS DE BAMBU RESISTENTES AL CALOR SUSUTAKE 030685,Utensilios,10,10
OT-UTE804-13381,TANAKA PALILLOS DE BAMBÚ SAIBASHI ROJO NEGRO 2 P 005430,Utensilios,38,35
OT-UTE804-13448,SM SET DE PALILLOS CON PORTAPALILLOS CH800,Utensilios,27,26
OT-UTE804-13449,SM SET DE PALILLOS CON PORTAPALILLOS CH802,Utensilios,25,25
OT-UTE804-14165,GYUKAKU - PALILLO DE BAMBU PERSONALIZADO 100 PARES,Utensilios,1,1
OT-UTE804-14229,KOKKU SET DE PALILLOS 5 PARES A26-T94,Utensilios,20,20
OT-UTE804-14230,KOKKU SET DE PALILLOS 5 PARES A26-T96,Utensilios,17,17
OT-UTE804-14231,KOKKU SET DE PALILLOS 5 PARES A26-T85,Utensilios,19,19
OT-UTE804-14232,KOKKU SET DE PALILLOS 5 PARES A26-T86,Utensilios,16,16
OT-UTE804-14233,KOKKU SET DE PALILLOS 5 PARES A26-T58,Utensilios,12,12
OT-UTE804-14234,KOKKU SET DE PALILLOS 5 PARES A26-T52,Utensilios,10,10
OT-UTE804-14235,KOKKU SET DE PALILLOS 5 PARES A26-T84,Utensilios,20,20
OT-UTE804-14248,KOKKU SET DE PALILLOS 5 PARES A51-K14,Utensilios,8,8
OT-UTE804-14251,KOKKU SET DE PALILLOS 2 PARES DJS10,Utensilios,7,7
OT-UTE804-14252,KOKKU SET DE PALILLOS 2 PARES A49-BX28,Utensilios,17,17
OT-UTE804-14255,KOKKU SET DE PALILLOS 5 PARES A51-K5,Utensilios,7,6
OT-UTE804-14256,KOKKU SET DE PALILLOS 5 PARES A51-K10,Utensilios,8,8
OT-UTE804-14258,KOKKU SET DE PALILLOS 2 PARES A49-BX4,Utensilios,14,14
OT-UTE804-9966,DAYAT PALILLO DE BAMBU 100 PARES 23 CM,Utensilios,2,2
OT-UTE805-10572,TANAKA PALILLOS DE MADERA PAPA 22.5 CM 070179,Utensilios,3,3
OT-UTE805-10573,TANAKA PALILLOS DE MADERA TONO 22.5 CM 070247,Utensilios,1,1
OT-UTE805-10574,TANAKA PALILLOS DE MADERA VIDA 22.5 CM 070155,Utensilios,1,1
OT-UTE805-10575,TANAKA PALILLOS DE MADERA BODA 22.5 CM 070131,Utensilios,2,2
OT-UTE805-10576,TANAKA PALILLOS DE BAMBÚ 22.5 CM 010120,Utensilios,3,3
OT-UTE805-10578,TANAKA PALILLOS DE MADERA JAPON 22.5 CM 011493,Utensilios,9,9
OT-UTE805-11767,TANAKA PALILLOS DE BAMBÚ IRODORI 5 PARES,Utensilios,1,1
OT-UTE805-12968,TANAKA PALILLOS DE BAMBÚ HASHIBUKURO ORIGAMI 2 PARES 072838,Utensilios,3,3
OT-UTE805-13190,TANAKA PALILLOS DE MADERA TEBORIBIJIN NEGRO 069593,Utensilios,17,16
OT-UTE805-13191,TANAKA PALILLOS DE MADERA TEBORIBIJIN KIHADA 069616,Utensilios,7,6
OT-UTE805-13199,TANAKA PALILLOS DE MADERA TEBORIBIJIN MARRON 069609,Utensilios,4,4
OT-UTE805-13202,TANAKA PALILLOS DE MADERA UME AZUL MARINO 602110,Utensilios,15,15
OT-UTE805-13203,TANAKA PALILLOS DE MADERA OBI SASHIKO BLANCO 602134,Utensilios,15,15
OT-UTE805-13204,TANAKA PALILLOS DE MADERA NURIBASHI SEKKA BLANCO 602127,Utensilios,12,12
OT-UTE805-13205,TANAKA PALILLOS DE MADERA KAWAII NIHON FUJISAN 602455,Utensilios,4,4
OT-UTE805-13206,TANAKA PALILLOS DE MADERA KAWAII NIHON SAKURA 602462,Utensilios,3,3
OT-UTE805-13207,TANAKA PALILLOS DE MADERA KAWAII NIHON MAME DARUMA 602448,Utensilios,8,8
OT-UTE805-13208,TANAKA PALILLOS DE MADERA REPOS ROSA 603964,Utensilios,4,4
OT-UTE805-13209,TANAKA PALILLOS DE MADERA REPOS GRIS CLARO 603971,Utensilios,4,4
OT-UTE805-13210,TANAKA PALILLOS DE MADERA REPOS BEIGE 603988,Utensilios,4,4
OT-UTE805-13211,TANAKA PALILLOS DE MADERA REPOS TURQUESA 603995,Utensilios,8,8
OT-UTE805-13212,TANAKA PALILLOS DE MADERA BLOSSOM GRIS PINK 792231,Utensilios,9,9
OT-UTE805-13213,TANAKA PALILLOS DE MADERA BLOSSOM GRIS PINK ROSA 792224,Utensilios,7,7
OT-UTE805-13214,TANAKA PALILLOS DE MADERA BLOSSOM NEMOPHILA 792033,Utensilios,9,9
OT-UTE805-13215,TANAKA PALILLOS DE MADERA BLOSSOM CAMELIA 792057,Utensilios,11,11
OT-UTE805-13216,TANAKA PALILLOS DE MADERA BLOSSOM CALÉNDULA 792002,Utensilios,6,6
OT-UTE805-13217,TANAKA PALILLOS DE MADERA BLOSSOM VIOLETA 792040,Utensilios,14,13
OT-UTE805-13218,TANAKA PALILLOS DE MADERA WABISABI TENRYU NEGRO 605272,Utensilios,3,3
OT-UTE805-13219,TANAKA PALILLOS DE MADERA WABISABI TENRYU ROJO 605289,Utensilios,3,3
OT-UTE805-13450,SM SET DE PALILLOS CON PORTAPALILLOS CH504-S,Utensilios,21,21
OT-UTE805-13711,TANAKA PALILLOS DE BANBÚ ORIGAMI SHIORI NIHON FUJI 072708,Utensilios,1,1
OT-UTE805-13712,TANAKA PALILLOS DE BANBÚ ORIGAMI SHIORI MINET 072845,Utensilios,1,1
OT-UTE805-13713,TANAKA PALILLOS DE BANBÚ ORIGAMI SHIORI SAKURA 072739,Utensilios,1,1
OT-UTE805-13714,TANAKA PALILLOS DE BANBÚ ORIGAMI SHIORI SUSHI 072883,Utensilios,1,1
OT-UTE805-13731,ZENSHO SUKIYA PALILLO DE MADERA PERSONALIZADO 100 PARES,Utensilios,1,1
OT-UTE805-1925,ZENSHO PALILLO DE MADERA PERSONALIZADO 100 PARES,Utensilios,1,1
OT-UTE805-7792,SM PALILLOS CC224,Utensilios,60,57
OT-UTE805-7795,SM SET DE PALILLOS 5 PARES CH106,Utensilios,53,51
OT-UTE805-7800,SM SET DE PALILLOS 5 PARES CH120,Utensilios,60,56
OT-UTE805-7803,SM SET DE PALILLOS 5 PARES CH132-S,Utensilios,56,55
OT-UTE805-9006,TANAKA PALILLOS DE MADERA 030821,Utensilios,3,3
OT-UTE805-9007,TANAKA PALILLOS DE MADERA HOUOU 23.0 CM 031644,Utensilios,3,3
OT-UTE807-9800,CATHAY KITCHEN SUNOKO MAKISU MANTEL DE MADERA 24 X 24 CM,Utensilios,439,389
OT-UTE808-13000,STAINLESS TERMO NEGRO SUAVE 360 ML,Utensilios,1,1
OT-UTE808-13001,STAINLESS TERMO AZUL MENTA 600 ML,Utensilios,1,1
OT-UTE808-13002,STAINLESS TERMO BLANCO 600 ML,Utensilios,1,1
OT-UTE808-13003,STAINLESS TERMO ACERO 600 ML,Utensilios,1,1
OT-UTE808-13004,STAINLESS TERMO TAUPE PALIDO 600 ML,Utensilios,1,1
OT-UTE809-10596,SM PALILLOS EC23-B,Utensilios,34,32
OT-UTE809-10597,SM PALILLOS EC23-K,Utensilios,1,1
OT-UTE809-10598,SM PALILLOS EC23-M,Utensilios,58,57
OT-UTE809-11025,WAKAIZUMI CAJA CON TAPA PARA COMIDA 9-675-13,Utensilios,3,3
OT-UTE809-11026,WAKAIZUMI CAJA CON TAPA PARA COMIDA 9-690-3,Utensilios,5,5
OT-UTE809-11027,WAKAIZUMI CAJA CON TAPA PARA COMIDA 9-692-3,Utensilios,1,1
OT-UTE809-11028,WAKAIZUMI CAJA CON TAPA PARA COMIDA 1-571-4,Otros,2,2
OT-UTE809-11029,WAKAIZUMI CAJA CON TAPA PARA COMIDA U-1-74,Utensilios,4,4
OT-UTE809-11031,WAKAIZUMI CAJA PARA COMIDA 9-733-15,Utensilios,1,1
OT-UTE809-11407,SM PLATO DE MELAMINA IT-S11,Utensilios,14,13
OT-UTE809-11408,SM TAZON DE MELAMINA IT-S55,Utensilios,1,1
OT-UTE809-11409,SM TAZON DE MELAMINA IT-S1106,Utensilios,2,2
OT-UTE809-11416,SM PLATO DE MELAMINA IT-S3108,Utensilios,15,14
OT-UTE809-11419,SM PLATO DE MELAMINA IT-S54009,Utensilios,24,22
OT-UTE809-11420,SM PLATO DE MELAMINA IT-F11TM,Otros,1,1
OT-UTE809-11421,SM TAZON DE MELAMINA IT-F55TM,Utensilios,1,1
OT-UTE809-11422,SM TAZON DE MELAMINA IT-F1106TM,Utensilios,2,2
OT-UTE809-11427,SM PLATO DE MELAMINA IT-F5105TM,Utensilios,2,2
OT-UTE809-11428,SM PLATO DE MELAMINA IT-F3108TM,Utensilios,2,2
OT-UTE809-11429,SM PLATO DE MELAMINA IT-F54009TM,Otros,1,1
OT-UTE809-11927,SM SM PALILLOS EC12-K,Utensilios,2,2
OT-UTE809-11939,SM CUCHARA DE MELAMINA NEGRA IT-YS10B,Utensilios,112,106
OT-UTE809-12006,SM PALILLOS EC9-G,Utensilios,53,49
OT-UTE809-12089,ENDO FUKUI CRAFT TAZON DX 18 CM,Utensilios,10,10
OT-UTE809-12187,SM CUCHARA BLANCA 16 CM IT-YS11W,Utensilios,59,58
OT-UTE809-12799,SM CUCHARA NEGRA IT-YS11B,Utensilios,13,12
OT-UTE809-12954,SM PLATO DE MELAMINA 2063,Utensilios,1,1
OT-UTE809-13434,SM PALILLOS EC13-BR,Utensilios,61,60
OT-UTE809-13435,SM PALILLOS EC13-G,Utensilios,66,64
OT-UTE809-13436,SM PALILLOS EC13-LB,Utensilios,58,54
OT-UTE809-13437,SM PALILLOS EC13-R,Utensilios,61,59
OT-UTE809-13438,SM PALILLOS EC14-P,Utensilios,58,54
OT-UTE809-13439,SM PALILLOS EC2-PP,Utensilios,34,32
OT-UTE809-13440,SM PALILLOS EC2-PR,Utensilios,30,29
OT-UTE809-13441,SM PALILLOS EC2-PY,Utensilios,35,35
OT-UTE809-1714,"SM SPOON 5.5""L MOD.026/AB",Utensilios,62,58
OT-UTE809-3109,SM MELAMINA MOD. 811A/M,Utensilios,4,4
OT-UTE809-3191,TANAKA PORTA VASO 042138,Utensilios,1,1
OT-UTE809-3824,SM TAZON 610M/BR,Utensilios,1,1
OT-UTE809-6413,SM SALSERA BLANCA M310,Otros,1,1
OT-UTE809-7937,SM PALILLOS EC2-P,Utensilios,52,51
OT-UTE809-9018,TANAKA TAZÓN PLASTICO PARA SOPA 041100,Utensilios,75,68
OT-UTE809-9459,TANAKA TAZÓN PLASTICO KIKKOU 046723,Utensilios,25,23
OT-UTE810-10107,"SM SALSERA A0227 / J0227 7.5"" X 3.25""",Utensilios,2,2
OT-UTE810-10194,MATSUMI PLATO DE CERAMICA M21-132,Utensilios,3,2
OT-UTE810-10211,MATSUMI TAZÓN DE CERAMICA M21-24 17 X 9,Utensilios,2,2
OT-UTE810-10218,MATSUMI PLATO DE CERAMICA M21-35,Utensilios,1,1
OT-UTE810-10222,MATSUMI PLATO DE CERAMICA M21-39,Utensilios,1,1
OT-UTE810-10229,MATSUMI PLATO DE CERAMICA M21-49,Utensilios,3,3
OT-UTE810-10248,TANAKA PORTA PALILLO 050850,Utensilios,1,1
OT-UTE810-10490,SM SET DE SAKE JX9-3,Utensilios,1,1
OT-UTE810-10491,SM SET DE SAKE JX9-8,Utensilios,1,1
OT-UTE810-10493,SM SET DE SAKE TSS73,Utensilios,23,23
OT-UTE810-10494,SM SET DE SAKE TSS76,Utensilios,24,24
OT-UTE810-10582,SM TAZON CON PALILLOS SF625-6079,Utensilios,9,8
OT-UTE810-10584,SM TAZON CON PALILLOS SF525-7088,Utensilios,7,7
OT-UTE810-10585,SM TAZON CON PALILLOS SF525-6797,Utensilios,6,6
OT-UTE810-10586,SM TAZON CON PALILLOS SF525-6599,Utensilios,15,15
OT-UTE810-10587,SM TAZON CON PALILLOS SF525-6276,Utensilios,11,11
OT-UTE810-10588,SM TAZON CON PALILLOS SF525-5932,Utensilios,19,18
OT-UTE810-11005,MATSUMI TETERA DE PORCELANA 240CC-260CC,Utensilios,2,2
OT-UTE810-11020,TOUICHI PLATO PARA SALSA DE SOYA 20-762-15,Utensilios,1,1
OT-UTE810-11149,TOUICHI TAZÓN DE CERAMIC 23-783-52,Utensilios,2,2
OT-UTE810-11310,SM JARRA DE SAKE JX7-6,Utensilios,2,2
OT-UTE810-11495,MATSUMI TAZÓN DE CERAMICA SP23-003 17 X 8.7,Utensilios,2,2
OT-UTE810-11500,MATSUMI TAZÓN DE CERAMICA M19-22 12 X 4.5,Utensilios,3,3
OT-UTE810-11501,MATSUMI TAZÓN DE CERAMICA SP23-010 12 X 4.5,Utensilios,1,1
OT-UTE810-11502,MATSUMI TAZA PARA MATCHA VARIOS DISEÑOS M19-43 12 X 7.5,Utensilios,1,1
OT-UTE810-11503,MATSUMI JARRA PARA SAKE M18-114 6 X 13,Utensilios,2,2
OT-UTE810-11504,MATSUMI VASO PARA SAKE SP23-013 5 X 4,Utensilios,1,1
OT-UTE810-11505,MATSUMI JARRA PARA SAKE SP23-014 6 X 13,Utensilios,2,2
OT-UTE810-11510,MATSUMI TAZÓN DE CERAMICA SP23-019 14 X 7.2,Utensilios,2,2
OT-UTE810-11513,MATSUMI TAZÓN DE CERAMICA SP23-022 16 X 8.5,Utensilios,9,8
OT-UTE810-11517,MATSUMI TAZA PARA TÉ SP23-024 7.2 X 8.2,Utensilios,2,2
OT-UTE810-11518,MATSUMI TAZA PARA TÉ SP23-025 8.2 X 9.5,Utensilios,27,25
OT-UTE810-11519,MATSUMI TAZA PARA TÉ SP23-026 7.2 X 7.9,Utensilios,2,2
OT-UTE810-11521,MATSUMI PLATO DE CERAMICA SP23-028 19.5 X 3,Utensilios,2,2
OT-UTE810-11524,MATSUMI PLATO PEQUEÑO CERAMICA SP23-033 8.2 X 2.5,Utensilios,2,2
OT-UTE810-11527,MATSUMI PLATO PEQUEÑO CERAMICA SP23-036 9 X 2,Utensilios,1,1
OT-UTE810-11528,MATSUMI PLATO PEQUEÑO CERAMICA SP23-037 8.2 X 3.5,Utensilios,1,1
OT-UTE810-11536,TANAKA TAZA PARA TÉ NEGRO 513041,Utensilios,2,2
OT-UTE810-11537,TANAKA TAZÓN PARA ARROZ BLANCO 513003,Utensilios,27,26
OT-UTE810-11538,TANAKA TAZÓN PARA ARROZ NEGRO 513010,Utensilios,19,17
OT-UTE810-11754,TOUICHI CUCHARA DE CERÁMICA NEGRO 20-040-15BK,Utensilios,1,1
OT-UTE810-12061,SM TAZA CON TAPA PC14-1,Utensilios,4,4
OT-UTE810-12063,SM TAZA CON TAPA PC25-1,Utensilios,26,23
OT-UTE810-12067,SM TAZA CON TAPA PC43-2,Utensilios,3,3
OT-UTE810-12068,SM TAZA CON TAPA PC49-2,Utensilios,13,13
OT-UTE810-12069,SM TAZA CON TAPA PC43-1,Utensilios,18,17
OT-UTE810-12093,ENDO DISPENSADOR DE SALSA MINOYAKI NASHIJI BLANCO,Utensilios,4,4
OT-UTE810-12259,MATSUMI TAZÓN DE CERÁMICA M24-01 13 X 4.5,Utensilios,1,1
OT-UTE810-12260,MATSUMI PLATO DE CERÁMICA M24-02 19.5 X 3,Utensilios,6,6
OT-UTE810-12261,MATSUMI PLATO DE CERÁMICA M24-03 24.5 X 3.5,Utensilios,5,5
OT-UTE810-12262,MATSUMI PLATO DE CERÁMICA M24-05 24.5 X 3.5,Utensilios,2,2
OT-UTE810-12263,MATSUMI PLATO DE CERÁMICA M24-06 22 X 5,Utensilios,1,1
OT-UTE810-12264,MATSUMI TAZÓN DE CERÁMICA M24-07 13 X 4,Utensilios,3,2
OT-UTE810-12266,MATSUMI TAZÓN DE CERÁMICA M24-09 13 X 4.5,Utensilios,3,3
OT-UTE810-12267,MATSUMI PLATO DE CERÁMICA M24-11 17 X 3,Utensilios,15,12
OT-UTE810-12268,MATSUMI PLATO DE CERÁMICA M24-12 23.5 X 3,Utensilios,3,3
OT-UTE810-12272,MATSUMI TAZÓN DE CERÁMICA M24-16 10 X 4.5,Utensilios,12,12
OT-UTE810-12273,MATSUMI TAZÓN DE CERÁMICA M24-17 10 X 4.5,Utensilios,9,9
OT-UTE810-12274,MATSUMI TAZÓN DE CERÁMICA EN FORMA DE HOJA M24-18 13.8 X 8 X 4,Utensilios,7,7
OT-UTE810-12275,MATSUMI TAZÓN DE CERÁMICA EN FORMA DE HOJA M24-19 13.8 X 8 X 4,Utensilios,4,4
OT-UTE810-12277,MATSUMI PLATO DE CERÁMICA 2 DIVISIONES M24-21 15.2 X 7.5 X H2.3,Utensilios,12,12
OT-UTE810-12278,MATSUMI PLATO DE CERÁMICA 3 DIVISIONES M24-22 19.2 X 8.4 X 2.8,Utensilios,3,3
OT-UTE810-12279,MATSUMI TAZÓN DE CERÁMICA M24-23 12 X 13 X 4.5,Utensilios,17,16
OT-UTE810-12281,MATSUMI TAZÓN OVALADO DE CERÁMICA M24-27 25 X 16.7 X 6.7,Utensilios,3,3
OT-UTE810-12283,MATSUMI PLATO DE CERÁMICA M24-29 28.5 X 12 X 3,Utensilios,1,1
OT-UTE810-12286,MATSUMI TAZÓN DE CERÁMICA M24-33 17 X 8.7,Utensilios,1,1
OT-UTE810-12287,MATSUMI TAZÓN DE CERÁMICA M24-34 17 X 8.7,Utensilios,6,5
OT-UTE810-12288,MATSUMI TAZÓN DE CERÁMICA M24-36 17 X 8.7,Utensilios,9,9
OT-UTE810-12289,MATSUMI TAZÓN DE CERÁMICA M24-37 17 X 8.7,Utensilios,4,4
OT-UTE810-12290,MATSUMI TAZÓN DE CERÁMICA M24-38 17 X 8.7,Utensilios,1,1
OT-UTE810-12291,MATSUMI PLATO DE CERÁMICA M24-39 21 X 14.5 X 2,Utensilios,2,2
OT-UTE810-12295,MATSUMI PLATO DE CERÁMICA M24-43 33 X 15 X 2.5,Utensilios,7,7
OT-UTE810-12296,MATSUMI PLATO DE CERÁMICA M24-44 32 X 20 X 2.5,Utensilios,5,5
OT-UTE810-12299,MATSUMI PLATO DE CERÁMICA M24-47 33 X 15 X 2.5,Utensilios,11,10
OT-UTE810-12300,MATSUMI PLATO DE CERÁMICA M24-48 32 X 20 X 2.5,Utensilios,13,13
OT-UTE810-12301,MATSUMI PLATO DE CERÁMICA M24-49 19.5 X 3,Utensilios,7,7
OT-UTE810-12304,MATSUMI TAZÓN DE CERÁMICA M24-52 21 X 8,Utensilios,6,6
OT-UTE810-12305,MATSUMI TAZÓN DE CERÁMICA M24-53 20 X 7.2,Utensilios,3,3
OT-UTE810-12306,MATSUMI TAZÓN DE CERÁMICA M24-54 20 X 6.5,Utensilios,1,1
OT-UTE810-12307,MATSUMI TAZÓN DE CERÁMICA M24-55 20 X 6.5,Utensilios,1,1
OT-UTE810-12308,MATSUMI TAZÓN CON TAPA DE CERÁMICA M24-58 15.5 X 8,Utensilios,6,6
OT-UTE810-12309,MATSUMI TAZÓN CON TAPA DE CERÁMICA M24-59 15.5 X 8,Utensilios,2,2
OT-UTE810-12310,MATSUMI TAZÓN DE CERÁMICA M24-61 12.7 X 7.2,Utensilios,1,1
OT-UTE810-12312,MATSUMI VASO CERÁMICA PARA TÉ M24-68 7.5 X 5,Utensilios,16,15
OT-UTE810-12313,MATSUMI PLATO DE CERÁMICA M24-69 29 X 6,Utensilios,8,8
OT-UTE810-12315,MATSUMI TAZÓN DE CERÁMICA M24-73 18.5 X 9,Utensilios,1,1
OT-UTE810-12316,MATSUMI TAZÓN DE CERÁMICA M24-74 12.3 X 6,Utensilios,1,1
OT-UTE810-12317,MATSUMI TAZÓN DE CERÁMICA M24-75 12.3 X 6,Utensilios,1,1
OT-UTE810-12318,MATSUMI TAZÓN DE CERÁMICA M24-76 12.3 X 6,Utensilios,1,1
OT-UTE810-12320,MATSUMI TAZÓN DE CERÁMICA M24-80 12.3 X 6,Utensilios,1,1
OT-UTE810-12321,MATSUMI TAZÓN DE CERÁMICA M24-85 8.2 X 2.2,Utensilios,6,6
OT-UTE810-12322,MATSUMI TAZÓN DE CERÁMICA M24-86 8.2 X 2.2,Utensilios,7,7
OT-UTE810-12323,MATSUMI TAZÓN DE CERÁMICA M24-87 8.2 X 2.2,Utensilios,8,7
OT-UTE810-12324,MATSUMI TAZÓN DE CERÁMICA M24-88 8.2 X 2.2,Utensilios,4,4
OT-UTE810-12325,MATSUMI TAZÓN DE CERÁMICA M24-89 8.2 X 2.2,Utensilios,7,7
OT-UTE810-12326,MATSUMI TAZÓN CON TAPA DE CERÁMICA M24-91 15.5 X 8,Utensilios,6,6
OT-UTE810-12327,MATSUMI TAZÓN CON TAPA DE CERÁMICA M24-92 15.5 X 8,Utensilios,20,19
OT-UTE810-12328,MATSUMI TAZÓN DE CERÁMICA M24-93 15.5 X 8,Utensilios,2,2
OT-UTE810-12329,MATSUMI TAZÓN DE CERÁMICA M24-94 15.7 X 8,Utensilios,1,1
OT-UTE810-12330,MATSUMI TAZÓN DE CERÁMICA M24-95 21 X 8,Utensilios,14,12
OT-UTE810-12332,MATSUMI VASO DE CERÁMICA M24-97 8 X 10,Utensilios,7,7
OT-UTE810-12333,MATSUMI SALSERA DE CERÁMICA M24-98 12 X 2.5,Utensilios,8,8
OT-UTE810-12334,MATSUMI PLATO DE CERÁMICA M24-70 29 X 6,Utensilios,4,3
OT-UTE810-12343,YOUBI SALSERA DE CERÁMICA 27877 8 X 8.7 X 3.2,Utensilios,3,3
OT-UTE810-12344,YOUBI SALSERA DE CERÁMICA 27874 7.3 X 2.3,Utensilios,8,8
OT-UTE810-12345,YOUBI SALSERA DE CERÁMICA 27873 7.3 X 2.3,Utensilios,7,7
OT-UTE810-12348,YOUBI SALSERA DE CERÁMICA 19-232-12 9 X 6.2 X 2,Utensilios,1,1
OT-UTE810-12365,KANESE NODA TETARA Y VASO DE CERÁMICA KOZ-09,Utensilios,5,5
OT-UTE810-12366,KANESE NODA TETARA Y VASO DE CERÁMICA KOZ-11,Utensilios,3,3
OT-UTE810-12367,YAMATSU SALSERA DE CERÁMICA 10-197-1 9.2 X 3,Utensilios,1,1
OT-UTE810-12368,YAMATSU SALSERA DE CERÁMICA 10-197-2 9.2 X 3,Utensilios,7,7
OT-UTE810-12369,YAMATSU SALSERA DE CERÁMICA 10-197-3 9.2 X 3,Utensilios,7,7
OT-UTE810-12370,YAMATSU SALSERA DE CERÁMICA 10-197-19 10.4 X 9.2 X 3,Utensilios,5,5
OT-UTE810-12371,YAMATSU SALSERA DE CERÁMICA 10-197-20 10.4 X 9.2 X 3,Utensilios,5,5
OT-UTE810-12372,YAMATSU SALSERA DE CERÁMICA 10-197-21 10.4 X 9.2 X 3,Utensilios,5,5
OT-UTE810-12373,YAMATSU SALSERA DE CERÁMICA 10-198-1 9.8 X 3,Utensilios,3,3
OT-UTE810-12374,YAMATSU SALSERA DE CERÁMICA 10-198-2 9.8 X 3,Utensilios,9,9
OT-UTE810-12375,YAMATSU SALSERA DE CERÁMICA 10-198-3 9.8 X 3,Utensilios,8,8
OT-UTE810-12419,ENDO DISPENSADOR DE SALSA MINOYAKI NASHIJI NEGRO RMJ-K5,Salsas,1,1
OT-UTE810-12460,TOUSYOUGAMA IROHA TETERA DE CERÁMICA AZUL 13.5 X 9.5,Utensilios,2,1
OT-UTE810-12461,TOUSYOUGAMA IROHA VASO DE CERÁMICA PARA TÉ AZUL 8.2 X 8.4,Utensilios,2,1
OT-UTE810-12464,TOUSYOUGAMA TENMOKUNAGARE TAZÓN DE CERÁMICA BLANCO 15.7 X 7.7,Utensilios,1,1
OT-UTE810-12471,TOUSYOUGAMA GINGA TAZÓN DE CERÁMICA CON TAPA VERDE 8.4 X 8.2,Utensilios,2,1
OT-UTE810-12475,TOUSYOUGAMA KIN-RAN PLATO DE CERÁMICA 20 X 2,Otros,1,1
OT-UTE810-12483,TOUSYOUGAMA SHIN-SHA JARRA DE CERÁMICA PARA SAKE BEIGE 8.6 X 13,Utensilios,2,1
OT-UTE810-12484,TOUSYOUGAMA SHIN-SHA VASO DE CERÁMICA PARA SAKE BEIGE 6.3 X 4.4,Utensilios,2,1
OT-UTE810-12485,TOUSYOUGAMA TOKUSA KATAKUTHI JARRA DE CERÁMICA PARA SAKE11.6 X 9.5 X 10.5,Utensilios,2,1
OT-UTE810-12496,TOUSYOUGAMA CHOKO TOCHIRI LILA VASO DE CERÁMICA PARA SAKE BLANCO 8.3 X 5,Utensilios,1,1
OT-UTE810-12527,ENDO PORTA PALILLOS T03-318 <RHS-T7>,Utensilios,15,15
OT-UTE810-12528,ENDO PORTA PALILLOS M9-22 <RTZ-L3>,Utensilios,6,5
OT-UTE810-12529,ENDO PORTA PALILLOS M9-23 <RTZ-L0>,Utensilios,4,4
OT-UTE810-12658,TANAKA PORTA PALILLOS FUJI AZUL 50843,Utensilios,18,18
OT-UTE810-12707,ENDO JARRA PARA SAKE CHICA <RTT-A1>,Utensilios,9,9
OT-UTE810-12708,ENDO VASO PARA SAKE <RGI-51>,Utensilios,13,13
OT-UTE810-12709,ENDO VASO PARA SAKE <RTK-D3>,Utensilios,13,13
OT-UTE810-12908,TOUSYOUGAMA ORIBE VASO PARA SAKE 6.6 X 6.7,Otros,1,1
OT-UTE810-12911,TOUSYOUGAMA HANAKOMON SALSERA COSMOS 9 X 1.3,Utensilios,2,2
OT-UTE810-12912,TOUSYOUGAMA HANAKOMON SALSERA SHIROGIKU 9 X 1.3,Utensilios,3,3
OT-UTE810-12913,TOUSYOUGAMA HANAKOMON SALSERA TESSEN 9 X 1.3,Utensilios,2,2
OT-UTE810-12914,TOUSYOUGAMA HANAKOMON SALSERA YOTSUBA 9 X 1.3,Utensilios,3,3
OT-UTE810-12915,TOUSYOUGAMA HANAKOMON SALSERA MARUHANA 9 X 1.3,Utensilios,2,2
OT-UTE810-12916,TOUSYOUGAMA HANAKOMON SALSERA AOGIKU 9 X 1.3,Utensilios,2,2
OT-UTE810-12931,TOUSYOUGAMA TENGU TAZÓN NEGRO 19.6 X 10,Utensilios,1,1
OT-UTE810-12958,SM PLATO DE CERAMICA 2067,Utensilios,2,2
OT-UTE810-12978,SM TAZA PARA SAKE KC8-AS-G (GRIS),Utensilios,1,1
OT-UTE810-12979,SM TAZA PARA SAKE KC8-AS-NEGRO (NEGRO),Utensilios,1,1
OT-UTE810-12980,SM TAZA PARA SAKE KC8-AS-V (VERDE),Utensilios,4,4
OT-UTE810-12981,SM TAZA PARA SAKE KC8-AS-B (BLANCO),Utensilios,6,6
OT-UTE810-12982,SM TAZA PARA SAKE KC8-AS-N (NARANJA),Utensilios,5,4
OT-UTE810-13128,TANAKA PORTA PALILLOS MEDETAI ROJO 516080,Utensilios,2,2
OT-UTE810-13129,TANAKA PORTA PALILLOS MEDETAI BLANCO 516097,Utensilios,1,1
OT-UTE810-13130,TANAKA PORTA PALILLOS FUKUDARUMA AZUL 517186,Utensilios,5,5
OT-UTE810-13131,TANAKA PORTA PALILLOS FUKUDARUMA ROJO 517193,Utensilios,5,5
OT-UTE810-13132,TANAKA PORTA PALILLOS FUJI MODERNO AZUL 517209,Utensilios,2,2
OT-UTE810-13133,TANAKA PORTA PALILLOS FUJI MODERNO ROJO 517216,Utensilios,4,4
OT-UTE810-13134,TANAKA PORTA PALILLOS COSMOS 517087,Utensilios,2,2
OT-UTE810-13135,TANAKA PORTA PALILLOS CAMELIA ROJO 517018,Utensilios,1,1
OT-UTE810-13136,TANAKA PORTA PALILLOS CAMELIA BLANCO 517001,Utensilios,2,2
OT-UTE810-13137,TANAKA PORTA PALILLOS MUSUBI 516035,Utensilios,2,2
OT-UTE810-13139,TANAKA PORTA PALILLOS HYOUTAN 516042,Utensilios,3,3
OT-UTE810-13140,TANAKA PORTA PALILLOS FUJI 516059,Utensilios,1,1
OT-UTE810-13141,TANAKA PORTA PALILLOS TAI 516066,Utensilios,5,5
OT-UTE810-13142,TANAKA PORTA PALILLOS SAKURA 516073,Utensilios,5,5
OT-UTE810-13143,TANAKA PORTA PALILLOS SAKURA BLANCO 520254,Utensilios,14,14
OT-UTE810-13144,TANAKA PORTA PALILLOS NONBEE MARRÓN 520179,Utensilios,4,4
OT-UTE810-13151,SM SET DE SAKE JX12-5,Utensilios,8,8
OT-UTE810-13152,SM SET DE SAKE JX12-1,Utensilios,16,16
OT-UTE810-13153,SM TETERA DE CERAMICA SH9-2,Utensilios,18,17
OT-UTE810-13154,SM TETERA DE CERAMICA SN5-TB,Utensilios,5,5
OT-UTE810-13155,SM JUEGO DE TETERA CON TAZA DE SH404,Utensilios,12,12
OT-UTE810-13156,SM JUEGO DE TETERA CON TAZA DE SH402,Utensilios,8,8
OT-UTE810-13157,SM VASO PARA TE TC46,Utensilios,1,1
OT-UTE810-13160,SM MOLDE PARA SUSHI L-858E,Utensilios,22,22
OT-UTE810-13161,SM PORTA PALILLOS DE CERAMICA A11885-BK,Utensilios,7,6
OT-UTE810-13162,SM SET DE SAKE JX14-GB,Utensilios,9,9
OT-UTE810-13200,SM TAZON DE CERAMICA YS58-C,Utensilios,2,2
OT-UTE810-13223,ENDO JIGEN PLATO DE CERAMICA 20×10.5×3.5 <RYK-E5>,Utensilios,17,17
OT-UTE810-13224,ENDO SEKIRAKU PLATO DE CERAMICA 20×10.5×3.5 <RYK-B7>,Utensilios,13,13
OT-UTE810-13255,ENDO KONAYUKI PLATO DE CERAMICA 20×10.5×3.5 <RYK-E6>,Utensilios,19,19
OT-UTE810-13302,TOUICHI TAZÓN DE CERÁMICA VARIOS DISEÑOS 10.7 X 4.5 23-035-40,Utensilios,14,14
OT-UTE810-13303,TOUICHI VASO DE TÉ 9.2 X 5.8 23-036-40B,Utensilios,7,7
OT-UTE810-13304,TOUICHI VASO DE TÉ 9.2 X 5.8 23-036-40C,Utensilios,8,8
OT-UTE810-13305,TOUICHI VASO DE TÉ 9.2 X 5.8 23-036-40D,Utensilios,9,9
OT-UTE810-13306,TOUICHI VASO DE TÉ 6.3 X 8.7 33-084-40A,Utensilios,5,4
OT-UTE810-13307,TOUICHI VASO DE TÉ 6.3 X 8.7 33-084-40B,Utensilios,4,3
OT-UTE810-13308,TOUICHI VASO DE TÉ 6.3 X 8.7 33-084-40C,Utensilios,9,9
OT-UTE810-13309,TOUICHI VASO DE TÉ 6.3 X 8.7 33-084-40D,Utensilios,5,5
OT-UTE810-13310,TOUICHI JARRA PARA SAKE 6.5 X 15.5 300CC 43-116-51A,Utensilios,12,12
OT-UTE810-13311,TOUICHI JARRA PARA SAKE 6 X 15.5 300CC 443-116-51C,Utensilios,4,4
OT-UTE810-13312,TOUICHI TAZÓN DE CERÁMICA VARIOS DISEÑOS 12.3 X 6.5 48-121-51,Utensilios,16,15
OT-UTE810-13313,TOUICHI PLATO DE CERÁMICA 33.2 X 10.3 X 2.2 63-157-61BK,Utensilios,1,1
OT-UTE810-13314,TOUICHI PLATO DE CERÁMICA 33.2 X 10.3 X 2.2 63-157-61WH,Utensilios,13,13
OT-UTE810-13315,TOUICHI PLATO DE CERÁMICA 33.5 X 10.8 X 2.8 63-160-61BK,Utensilios,14,14
OT-UTE810-13316,TOUICHI PLATO DE CERÁMICA 33.5 X 10.8 X 2.8 63-160-61WH,Utensilios,10,10
OT-UTE810-13317,TOUICHI PLATO DE CERÁMICA 32 X 9.7 X 2 63-161-61BK,Utensilios,10,9
OT-UTE810-13318,TOUICHI PLATO DE CERÁMICA 32 X 9.7 X 2 63-161-61WH,Utensilios,16,15
OT-UTE810-13319,TOUICHI PLATO DE CERÁMICA 33 X 11.5 X 2 63-163-61BK,Utensilios,13,13
OT-UTE810-13320,TOUICHI PLATO DE CERÁMICA 33 X 11.5 X 2 63-163-61GR,Utensilios,1,1
OT-UTE810-13321,TOUICHI TAZÓN DE CERÁMICA 16 X 8.5 68-168-54A,Utensilios,14,13
OT-UTE810-13322,TOUICHI TAZÓN DE CERÁMICA 16 X 8.5 68-168-54B,Utensilios,16,16
OT-UTE810-13323,TOUICHI TAZÓN DE CERÁMICA 16 X 8.5 73-178-40A,Utensilios,11,11
OT-UTE810-13324,TOUICHI TAZÓN DE CERÁMICA 16 X 8.5 73-178-40B,Utensilios,21,20
OT-UTE810-13325,TOUICHI TAZÓN DE CERÁMICA 21 X 8.5 88-187-54,Utensilios,1,1
OT-UTE810-13326,TOUICHI TAZÓN DE CERÁMICA 19.5 X 9 98-192-54WH,Utensilios,17,16
OT-UTE810-13327,TOUICHI TAZÓN DE CERÁMICA 19.5 X 9 98-192-54BK,Utensilios,15,13
OT-UTE810-13328,TOUICHI PLATO DE CERÁMICA 23.5 X 23.5 X 4.5 168-198-24WH,Utensilios,5,5
OT-UTE810-13329,TETERA DE CERÁMICA 300CC 138-221-20A,Utensilios,10,9
OT-UTE810-13359,TANAKA PORTA PALILLOS MAMEGATA AIASA 520193,Utensilios,7,7
OT-UTE810-13360,TANAKA PORTA PALILLOS MAMEGATA AKANEASA 520247,Utensilios,10,10
OT-UTE810-13361,TANAKA PORTA PALILLOS MAMEGATA AKANE SAKURA 520223,Utensilios,14,14
OT-UTE810-13362,TANAKA PORTA PALILLOS MAMEGATA SEIKAIHA 520209,Utensilios,10,10
OT-UTE810-13363,TANAKA PORTA PALILLOS MAMEGATA AI SAKURA MOMIJI 520216,Utensilios,10,9
OT-UTE810-13364,TANAKA PORTA PALILLOS SAKURA ROSA 520261,Utensilios,12,11
OT-UTE810-13419,SM SET DE SAKE SF92-5092,Utensilios,5,5
OT-UTE810-13422,SM SET DE SAKE SF92-6599,Utensilios,5,5
OT-UTE810-13423,SM SET DE SAKE SF92-7007,Utensilios,5,5
OT-UTE810-13424,SM SET DE SAKE BD7-KY,Utensilios,15,14
OT-UTE810-13425,SM SET DE SAKE BD7-N,Utensilios,4,4
OT-UTE810-13442,SM TAZON CON PALILLOS Y TAPA CON DIVISION SFC1-3366,Utensilios,8,8
OT-UTE810-13443,SM TAZON CON PALILLOS Y TAPA CON DIVISION SFC1-5010,Utensilios,7,7
OT-UTE810-13445,SM TAZA CON CUCHARA PC25-2,Utensilios,6,6
OT-UTE810-13446,SM TAZA CON CUCHARA PC38-2,Utensilios,28,27
OT-UTE810-13447,SM TAZA CON CUCHARA PC39-1,Utensilios,9,9
OT-UTE810-13536,ENDO CUCHARA DE CERÁMICA NEGRO <RMR-R5>,Utensilios,4,4
OT-UTE810-13997,ENDO MACHITYUKA RENGE,Utensilios,5,5
OT-UTE810-14000,TANAKA PLATO BIG WAVE 120 MINOYAKI No.515106,Utensilios,6,6
OT-UTE810-14371,TOUSYOUGAMA TENMOKU PLATO DE CERAMICA 30 X 10 X 3.5,Otros,1,1
OT-UTE810-14372,TOUSYOUGAMA TA TA LA BAN PLATO DE CERAMICA 15 X 15 X 2.5,Otros,1,1
OT-UTE810-14373,TOUSYOUGAMA GEKKO PLATO DE CERAMICA 19.9 X 4.2,Otros,1,1
OT-UTE810-14374,TOUSYOUGAMA GEKKO PLATO DE CERAMICA 14.7 X 2.5,Otros,1,1
OT-UTE810-14375,TOUSYOUGAMA YAKE PLATO DE CERAMICA 21.6 X 2.4,Otros,1,1
OT-UTE810-14377,TOUSYOUGAMA KIN-RAN TAZON DE CERAMICA 21.2 X 6.9,Utensilios,2,2
OT-UTE810-14378,TOUSYOUGAMA TAZON DE CERAMICA GALLERY 4 X 2.5,Utensilios,2,2
OT-UTE810-14379,TOUSYOUGAMA HANAKOMON SALSERA KUTSUMEGUSA 9 X 1.3,Utensilios,2,2
OT-UTE810-14380,TOUSYOUGAMA HANAKOMON SALSERA SUISEN 9 X 1.3,Utensilios,2,2
OT-UTE810-14381,TOUSYOUGAMA HANAKOMON SALSERA SHAKUYAKU 9 X 1.3,Utensilios,2,2
OT-UTE810-14382,TOUSYOUGAMA HANAKOMON SALSERA SAZANKA 9 X 1.3,Utensilios,2,2
OT-UTE810-14383,TOUSYOUGAMA HANAKOMON SALSERA KIKYO 9 X 1.3,Utensilios,2,2
OT-UTE810-14384,TOUSYOUGAMA HANAKOMON SALSERA HANABI 9 X 1.3,Utensilios,2,2
OT-UTE810-14385,TOUSYOUGAMA AKAE SABI KARAKUSA TAZON DE CERAMICA 12.4 X 7.1,Utensilios,1,1
OT-UTE810-14386,TOUSYOUGAMA FUDENABURI TAZON DE CERAMICA 12 X 6.1,Utensilios,1,1
OT-UTE810-14387,TOUSYOUGAMA KONAHIKI TATAKI TAZON DE CERAMICA 12.8 X 6.3,Utensilios,1,1
OT-UTE810-3395,D.L. PLATO RECT A0399 / J0399 27 X 10 CM,Utensilios,2,2
OT-UTE810-3406,D.L. PLATO RECT A6661 / J6661 10 X 6 CM,Utensilios,1,1
OT-UTE810-3408,D.L. TAZÓN A0099 / J0099 20 CM,Utensilios,1,1
OT-UTE810-3805,THE TOUICHI TAZON CON TAPA 42-30-602-15-A,Utensilios,1,1
OT-UTE810-5456,SM VASO CON TAPA PANDA PC2/1,Utensilios,1,1
OT-UTE810-6886,SM PLATO DE PORCELANA A6663 /J6663,Utensilios,2,2
OT-UTE810-6889,SM TAZON DE PORCELANA B125-02,Utensilios,1,1
OT-UTE810-7295,YAMATSU PORTACUCHARA 7-147-27 5.5 X 9 X 2,Utensilios,2,2
OT-UTE810-7547,SM TAZON CON PALILLOS SF525-3366,Utensilios,14,13
OT-UTE810-7934,SM SET DE TETERA SFT5-3807,Utensilios,6,6
OT-UTE810-7953,SM TAZON CON PALILLOS SF525-2855,Utensilios,21,20
OT-UTE810-7958,SM TAZON CON PALILLOS SF525-3230,Utensilios,19,19
OT-UTE810-7962,SM TAZON CON PALILLOS SBF1-Y,Utensilios,5,5
OT-UTE810-8171,MATSUMI JARRA PARA SAKE M19-83/M18-112 4.5 X 12,Utensilios,1,1
OT-UTE810-8579,SM SET DE SAKE TSS1-731,Utensilios,17,16
OT-UTE810-8795,SHOZAN PLATO DE CERAMICA SZM19-002 20.5 X 2.5,Utensilios,2,2
OT-UTE810-8823,THE TOUICHI TAZÓN DE CERAMICA 47-20-467-54-C 16 X 4,Utensilios,2,2
OT-UTE810-8824,THE TOUICHI TAZÓN DE CERAMICA 47-20-467-54-D 16 X 4,Utensilios,2,2
OT-UTE810-8832,MATSUMI TAZÓN DE CERÁMICA SP23-006 17 X 8.7,Utensilios,1,1
OT-UTE810-8836,MATSUMI TAZÓN DE CERAMICA M19-08 22.5 X 5,Utensilios,2,2
OT-UTE810-8868,MATSUMI TAZÓN DE CERAMICA M19-39/M19-40 16.5 X 5,Utensilios,1,1
OT-UTE810-8972,SM TAZA PARA SAKE KC8-AS,Utensilios,4,4
OT-UTE810-9185,SM JUEGO DE TETERA CON TAZA FDT5,Utensilios,1,1
OT-UTE810-9190,SM JUEGO DE TETERA CON TAZA TPS110,Utensilios,4,4
OT-UTE810-9193,SM TAZON CON PALILLOS SYBZ100,Utensilios,20,19
OT-UTE810-9197,SM TAZON CON PALILLOS SF625-5066,Utensilios,17,16
OT-UTE810-9199,SM TAZON CON PALILLOS Y TAPA CON DIVISION SFC1-3230,Utensilios,1,1
OT-UTE810-9200,SM TAZON CON PALILLOS Y TAPA CON DIVISION SFC1-5045,Utensilios,3,3
OT-UTE810-9201,SM TAZON CON PALILLOS Y TAPA CON DIVISION SFC1-5379,Utensilios,2,2
OT-UTE810-9204,SM TAZON SFL1-5072,Utensilios,1,1
OT-UTE810-9212,SM TAZA PARA FDR4,Utensilios,3,3
OT-UTE810-9215,SM INFUSOR DE TÉ TSSQ-M,Utensilios,1,1
OT-UTE810-9368,KAKUNAKA PLATO DE CERAMICA 068-19204 19 X 19 X 3,Utensilios,1,1
OT-UTE810-9379,MATSUMI PLATO DE CERAMICA M19-126 33 X 15 X 2.5,Utensilios,2,2
OT-UTE810-9380,MATSUMI PLATO DE CERAMICA M19-128/M19-129 14.5 X 32 X 2.5,Otros,1,1
OT-UTE810-9386,MATSUMI TAZÓN DE CERAMICA M19-40/M19-135 16.5 X 5,Utensilios,1,1
OT-UTE810-9397,MATSUMI PLATO DE CERAMICA M19-91/M24-71 28 X 3,Utensilios,3,3
OT-UTE810-9414,MATSUMI PLATO DE CERAMICA M19-107 23 X 23 X 3,Utensilios,6,6
OT-UTE810-9415,MATSUMI PLATO DE CERAMICA M19-108 23 X 23 X 3,Utensilios,1,1
OT-UTE810-9434,THE TOUICHI CUCHARA RENGE AMARILLA 48-18-144-15-A 5 X 16 X 2.5,Utensilios,4,4
OT-UTE810-9444,YAMATSU CUCHARA DE CERAMICA 7-152-17 5 X 17.5 X 2,Utensilios,1,1
OT-UTE811-0691,JOYCOOK WOK 26CM ED-KCW226,Utensilios,1,1
OT-UTE811-2024,"WOK SARTEN C/MANGO 12"" 30 CM",Utensilios,32,31
OT-UTE811-2026,SM WOK CON DOBLE OREJA 35 CM,Utensilios,2,2
OT-UTE811-2028,SM WOK CON DOBLE OREJA 50 CM,Utensilios,12,12
OT-UTE811-2029,SM WOK CON DOBLE OREJA 55 CM,Utensilios,13,12
OT-UTE811-2032,SM WOK CON DOBLE OREJA 70 CM,Utensilios,11,11
OT-UTE898-10245,TANAKA PLASTIC BOWL SUIMONO 048703,Utensilios,30,28
OT-UTE898-11024,WAKAIZUMI TAZON PARA SOPA DE MISO CON TAPA 1-190-91A,Utensilios,7,7
OT-UTE898-12657,TANAKA TAZÓN DE PLÁSTICO 047485,Utensilios,35,33
OT-UTE898-13740,KANEMASU TAZA PARA TÉ MASHIKO MATCHA WAN,Utensilios,1,1
OT-UTE898-13741,KANEMASU TAZA PARA TÉ NAMAKO MATCHA WAN,Utensilios,1,1
OT-UTE898-13742,KANEMASU TAZA PARA TÉ HAKEME KATAKUCHI KOBACHI BLACK,Utensilios,1,1
OT-UTE898-13743,KANEMASU TAZA PARA TÉ HAKEME KATAKUCHI KOBACHI WHITE,Utensilios,2,2
OT-UTE898-13744,KANEMASU TAZA PARA TÉ ORIBE MATCHA WAN,Utensilios,3,3
OT-UTE898-13745,KANEMASU TAZA PARA TÉ SHINO MATCHA WAN,Bebidas,1,1
OT-UTE898-14114,ENDO TAZON CON TAPA SW-123 (RTK-A9),Utensilios,1,1
OT-UTE898-14119,ENDO PLATO DE PLÁSTICO PARA SUSHI VERDE (RSS-A1),Otros,1,1
OT-UTE898-2989,ECHO TENEDOR CON PROTECTOR 1228-018,Utensilios,1,1
OT-UTE898-4876,HORIKOSHI TAZON DE VIDRIO A60018W,Utensilios,1,1
OT-UTE898-4889,HORIKOSHI TAZON DE VIDRIO HT3273,Utensilios,1,1
OT-UTE898-4890,HORIKOSHI TAZON VIDRIO HT3274,Utensilios,1,1
OT-UTE898-5850,TANAKA BANDEJA PLÁSTICA PARA TOALLA MOKUME 040813,Utensilios,1,1
OT-UTE898-8176,HORIKOSHI PLATO YA15302CR,Otros,1,1
OT-UTE899-0069,ENDO STAINLESS PEELER <BCP-87>,Utensilios,3,3
OT-UTE899-0105,SM CEDAZO DE ALAMBRE CON MANGO DE BAMBU #10 25 CM,Utensilios,7,7
OT-UTE899-0106,SM CEDAZO DE ALAMBRE CON MANGO DE BAMBU #12 30 CM,Utensilios,21,20
OT-UTE899-0147,FUN CHOP SUJETADOR DE PALILLO 500 PZAS,Utensilios,44,37
OT-UTE899-0252,FOOD PAIL 32 OZ PZA.,Utensilios,1,1
OT-UTE899-0254,FOOD PAILS GRANDE QT 32 OZ 400P WHITE,Utensilios,2,2
OT-UTE899-0256,FOOD PAILS MEDIANO 26 OZ 450 P C/ PAGODA,Utensilios,3,3
OT-UTE899-0260,FOOD PAILS PT CHICA 16 OZ 400 P WHITE,Utensilios,5,4
OT-UTE899-0306,FUJI CEDAZO PROFUNDO MOD. TSK2,Utensilios,22,20
OT-UTE899-0307,FUJI CHAROLA MOD. WB307,Utensilios,1,1
OT-UTE899-0317,FUJI CUCHILLA REPUESTO MOD. 138691B/F,Utensilios,4,4
OT-UTE899-0350,FUJI HANGUIRI 45 CM. MOD I-645-45,Utensilios,2,2
OT-UTE899-0388,FUJI MOLDE P/SUSHI BOCADILLO MOD 150889,Utensilios,4,4
OT-UTE899-0399,FUJI PALILLO BAMBOO 50 PZ MOD CTK-07,Utensilios,17,17
OT-UTE899-0637,IWATANI CASSETTE FEU ZA-3HP,Utensilios,1,1
OT-UTE899-0706,KAFUH CHOPSTICK SET 5PR MOD.CH124,Utensilios,47,43
OT-UTE899-10025,STRATON CILINDRO DE GAS 400 ML,Utensilios,209,157
OT-UTE899-10285,TAKAOKAYA CAJA PARA NORI FULL SIZE #500,Utensilios,18,18
OT-UTE899-10286,TAKAOKAYA CAJA PARA NORI HALF SIZE #501,Utensilios,24,24
OT-UTE899-10430,SM HANGUIRI SK66 66CM,Utensilios,18,18
OT-UTE899-10507,LIVING OLLA DE BARRO NEGRO IH W280*D242*H140CM 110363,Utensilios,4,4
OT-UTE899-10509,LIVING OLLA DE BARRO PARA ARROZ NEGRO W216*D192*H160CM 300672,Utensilios,1,1
OT-UTE899-10510,MARUKI PAPEL ALUMINIO DECORADO ROJO 20CM*2M 03896,Utensilios,6,5
OT-UTE899-10511,MARUKI PAPEL ALUMINIO DECORADO PANDA 20CM*2M 98362,Utensilios,3,2
OT-UTE899-10512,MARUKI PAPEL ALUMINIO DECORADO ESTRELLAS 20CM*2M 98364,Utensilios,11,11
OT-UTE899-10513,ECHO CUCHARA Y TENEDOR CON ESTUCHE NEGRO Y GFRIS 36*172*H26MM 0421-301,Utensilios,2,2
OT-UTE899-10519,ECHO CALA PLASTICO CUADRADO NEGRO 92*165*H61 MM 0421-301,Utensilios,1,1
OT-UTE899-10520,ECHO CALA PLASTICO CUADRADO GRIS 92*165*H61 MM 0421-302,Utensilios,5,5
OT-UTE899-10521,ECHO LUNCH BOX REDONDA 2 COLORES 136*130*H62MM 0499-320,Utensilios,2,2
OT-UTE899-10522,ECHO LUNCH BOX ELIPSE 2 COLORES 110*167*H62MM 0499-321,Utensilios,1,1
OT-UTE899-10523,OSK PALILLO Y CUCHARA CON ESTUCHE NEGRO 48*191*H18 129704,Utensilios,2,2
OT-UTE899-10524,OSK PALILLO Y CUCHARA CON ESTUCHE ROJO 48*191*H18 129711,Utensilios,2,2
OT-UTE899-10527,OSK LUNCH BOX CUADRADO AMARILLO 13.2*20.9*H7.2 126284,Utensilios,1,1
OT-UTE899-10528,OSK LUNCH BOX CUADRADO AZUL MARINO 13.2*20.9*H7.2 126260,Utensilios,1,1
OT-UTE899-10529,OSK LUNCH BOX CUADRADO NEGRO 13.2*20.9*H7.2 126291,Utensilios,2,2
OT-UTE899-10531,OSK PALILLO CON ESTUCHE AMARILLO 18.0MM 126208,Utensilios,4,4
OT-UTE899-10532,OSK PALILLO CON ESTUCHE AZUL MARINO 18.0MM 126185,Utensilios,3,3
OT-UTE899-10533,OSK PALILLO CON ESTUCHE NEGRO 18.0MM 126215,Utensilios,1,1
OT-UTE899-10534,OSK PALILLO CON ESTUCHE ROJO 18.0MM 126192,Utensilios,3,3
OT-UTE899-10536,HAKOYA UNCH BOX CUADRADO ROJO 170*105*H79 CM 51587-9,Utensilios,1,1
OT-UTE899-10537,HAKOYA CAJA PARA ONIGUIRI 90*90*H5.8 507166,Utensilios,1,1
OT-UTE899-10539,HAKOYA UNCH BOX CUADRADO NEGRO 170*105*H79 CM 51588-6,Utensilios,2,2
OT-UTE899-10567,TANAKA PALILLOS DE ACERO INOXIDABLE 23.0 CM 032115,Utensilios,101,94
OT-UTE899-10581,TANAKA VASO DE PLASTICO PARA SAKE BERMELLON 76*76*46MM 039978,Utensilios,1,1
OT-UTE899-1060,MH CHAROLA C/ TAPA 50 PZA MOD YP-1.5 GDE,Utensilios,52,50
OT-UTE899-1061,MH CHAROLA C/ TAPA 50 PZA MOD. YP-0.8 CH,Utensilios,22,20
OT-UTE899-10716,KO FOOD PAIL 16 OZ 400 P WHITE,Utensilios,3,3
OT-UTE899-10717,KO FOOD PAIL 26 OZ 400 P WHITE,Utensilios,1,1
OT-UTE899-10718,KO FOOD PAIL 32 OZ 400 P WHITE,Utensilios,3,3
OT-UTE899-10749,YTB PALILLO DE BROCHETA DE BAMBU 100 PZAS 9 CM,Utensilios,143,133
OT-UTE899-10750,YTB PALILLO DE BROCHETA DE BAMBU 100 PZAS 12 CM,Utensilios,123,120
OT-UTE899-10919,YARKON BOLSA ECOLOGICA NEGRA TOYO PZA,Utensilios,130,118
OT-UTE899-10920,YARKON BOLSA ECOLOGICA BEIGE TOYO GATITO PZA,Utensilios,112,107
OT-UTE899-11006,PEARL ESPATULA PARA OKONOMIYAKI D-397,Utensilios,3,3
OT-UTE899-11007,PEARL ESPATULA PARA MONJAYAKI 2P D-400,Utensilios,5,5
OT-UTE899-11008,PEARL DISPENSADOR DE SALSA R-10180,Utensilios,2,2
OT-UTE899-11009,PEARL BROCHETA ACERO INOXIDABLE C-9552,Utensilios,5,5
OT-UTE899-11011,PEARL REMOVEDOR DE ESCAMAS DE PESCADO C-7195,Utensilios,1,1
OT-UTE899-11019,TOUICHI CUCHARA PLASTICO PARA RAMEN COLOR NEGRO 23-708-98,Utensilios,4,4
OT-UTE899-11023,WAKAIZUMI PAPEL PARA TEMPURA 9CM 300P,Utensilios,1,1
OT-UTE899-11044,ECHO COLADOR PARA TE 0236-282,Utensilios,30,30
OT-UTE899-11057,KANEGUCHI PALILLOS DE ACERO INOXIDABLE 13.5CM,Utensilios,1,1
OT-UTE899-11058,KANEGUCHI PALILLOS DE ACERO INOXIDABLE 16.5CM,Utensilios,2,2
OT-UTE899-11059,KANEGUCHI PALILLOS DE ACERO INOXIDABLE 21CM,Utensilios,2,2
OT-UTE899-11362,SM RODILLO CON PLASTICO 100 MM X 150 M,Utensilios,3,3
OT-UTE899-11363,SM RODILLO CON PLASTICO MINI 55MM X 150M,Utensilios,2,2
OT-UTE899-11444,ENDO TABLA PARA CORTAR AMN-M2,Utensilios,3,3
OT-UTE899-11445,ENDO OLLA DE ALUMINIO YUKIHIRA 18CM,Utensilios,9,9
OT-UTE899-11446,ENDO OLLA DE ALUMINIO YUKIHIRA 24CM,Utensilios,3,3
OT-UTE899-11447,ENDO PELADOR DE ACERO INOXIDABLE BPC-87,Utensilios,6,6
OT-UTE899-11448,ENDO DROP LID AOT-02,Utensilios,4,4
OT-UTE899-11449,ENDO BROCHA PARA COCINA DE NAILON BHK-82,Utensilios,25,25
OT-UTE899-11450,ENDO MOLDE PARA CORTAR VERDURAS GRANDE 4 PZS,Utensilios,6,6
OT-UTE899-11451,ENDO MOLDE PARA CORTAR VERDURAS CHICO 4 PZS,Utensilios,9,9
OT-UTE899-11452,ENDO PARRILLA DE CERÁMICA CE250H,Utensilios,8,8
OT-UTE899-11454,ENDO CAJA PARA CONDIMENTOS 3 PIEZAS AYK-11,Utensilios,2,2
OT-UTE899-11455,ENDO CAJA PARA CONDIMENTOS 4 PIEZAS AYK-11,Otros,2,2
OT-UTE899-11529,ECHO PELADOR DE CERAMICA 3 COLORES 0359-706,Utensilios,28,28
OT-UTE899-11530,PEARL MOLDE PARA TAKOYAKI 9 AGUJEROS HB-6216,Utensilios,26,26
OT-UTE899-11531,PEARL MOLDE PARA TAKOYAKI 16 AGUJEROS HB-6483,Utensilios,30,29
OT-UTE899-11535,SEIWA PRO PLASTIC FOOD WRAP 30CM 20M 39-404,Utensilios,3,3
OT-UTE899-11554,ENDO TABLA PARA CORTAR K1 20 MM AMN-F0,Utensilios,21,20
OT-UTE899-11558,ENDO TAPA DE CONTENEDOR PARA ALIMENTOS 15 CM AKK-84,Utensilios,1,1
OT-UTE899-11563,ENDO CONTENEDOR PARA CONDIMENTOS (X2) AYK-40,Utensilios,1,1
OT-UTE899-11564,ENDO CONTENEDOR PARA CONDIMENTOS (X3) AYK-40,Utensilios,4,4
OT-UTE899-11790,ENDO COLADOR TAKE ZARU DE PLÁSTICO 27CM,Utensilios,1,1
OT-UTE899-11791,ENDO RECIPIENTE PARA RAYU,Utensilios,3,3
OT-UTE899-11880,ENDO PELADOR DE CERÁMICA BSL-48,Utensilios,14,13
OT-UTE899-11881,ENDO PELADOR DE ACERO INOXIDABLE BPC-96,Utensilios,22,22
OT-UTE899-11882,ENDO TABLA PARA CORTAR NEGRO POLIETILENO AMN-E8,Utensilios,6,6
OT-UTE899-11883,ENDO REMOVEDOR DE ESCAMAS DE PESCADO BUL-37,Utensilios,15,15
OT-UTE899-11884,ENDO CAZUELA AGE NABE DE COBRE 30 CM AAG-08,Utensilios,4,4
OT-UTE899-11887,ENDO MELAMIN RECIPIENTE PARA YAKUMI NEGRO RFK-K4,Utensilios,2,2
OT-UTE899-11888,ENDO MELAMIN RECIPIENTE PARA YAKUMI ROJO RFK-K4,Utensilios,1,1
OT-UTE899-11928,CHINA TEA BEAUTIFUL JUEGO DE TÉ DE CERÁMICA AZUL Y BLANCA,Utensilios,4,4
OT-UTE899-11929,JUEGO DE TÉ FLOR DE LOTO ESTUCHE ROJO,Utensilios,10,10
OT-UTE899-11930,JUEGO DE TÉ MORADA EN LAS MONTAÑAS FUCHUN ESTUCHE ARENA,Utensilios,12,12
OT-UTE899-11931,JUEGO DE TÉ CERÁMICA MORADA ESTUCHE GRIS,Utensilios,3,3
OT-UTE899-11949,ENDO PINZA PARA YAKINIKU 26 CM,Utensilios,2,2
OT-UTE899-11950,ENDO PINZA PARA YAKINIKU 19.5 CM,Utensilios,10,10
OT-UTE899-11951,ENDO COLADOR SOBA AGE,Utensilios,3,3
OT-UTE899-11952,ENDO COLADOR DE TÉ CHAKOSHI AMI,Utensilios,1,1
OT-UTE899-11953,ENDO PELADOR ANCHO,Utensilios,2,2
OT-UTE899-11954,ENDO REPARACIÓN DE PIEDRA AFILAR TOISHI NAOSHI,Utensilios,3,3
OT-UTE899-12090,ENDO PAPEL ABSORBENTE PARA ACEITE DE TEMPURA 500 PIEZAS,Utensilios,3,3
OT-UTE899-12091,ENDO PAPEL PARA TEMPURA 300 PIEZAS,Utensilios,2,2
OT-UTE899-12149,ENDO TETERA DE HIERRO <BTT-30>,Utensilios,1,1
OT-UTE899-12150,ENDO TETERA DE HIERRO MINI <BTT-31>,Utensilios,1,1
OT-UTE899-12151,ENDO OLLA DE PIEDRA PARA BIBIMBAP 16 CM <QBB-09>,Utensilios,2,2
OT-UTE899-12152,ENDO PARILLA PARA ESTUFA <QGT-01>,Utensilios,1,1
OT-UTE899-12153,ENDO CAJA PARA COMIDA <ROK-1702>,Utensilios,7,7
OT-UTE899-12154,ENDO OLLA PARA CARNE 26 CM <QGV-14>,Utensilios,1,1
OT-UTE899-12156,ENDO MELAMINE PLATO PARA SUSHI M <RTI-79>,Utensilios,2,2
OT-UTE899-12157,ENDO MELAMINE PLATO PARA SUSHI S <RTI-79>,Utensilios,1,1
OT-UTE899-12158,ENDO BANDEJA PARA SASHIMI VERDE L <ANT-09>,Utensilios,2,2
OT-UTE899-12159,ENDO BANDEJA PARA SASHIMI VERDE S <ANT-09>,Utensilios,1,1
OT-UTE899-12160,ENDO BANDEJA PARA SASHIMI AZUL L <ANT-10>,Utensilios,1,1
OT-UTE899-12162,ENDO BANDEJA HANGETSU RYOMEN BON <RBV-05>,Utensilios,1,1
OT-UTE899-12240,ENDO CONTENEDOR PARA COMIDA RBV-88,Utensilios,2,2
OT-UTE899-12241,ENDO CONTENEDOR PARA COMIDA RBV-89,Utensilios,2,2
OT-UTE899-12269,MATSUMI DISPENSADOR DE SALSA DE SOYA CERÁMICA M24-13,Utensilios,5,5
OT-UTE899-12270,MATSUMI DISPENSADOR DE SALSA DE SOYA CERÁMICA M24-14,Utensilios,13,12
OT-UTE899-12271,MATSUMI DISPENSADOR DE SALSA DE SOYA CERÁMICA M24-15,Utensilios,14,14
OT-UTE899-12335,YOUBI CONTENEDOR DE TÉ 887286,Utensilios,5,5
OT-UTE899-12336,YOUBI CONTENEDOR DE TÉ 887262,Utensilios,3,3
OT-UTE899-12337,YOUBI CONTENEDOR DE TÉ 880942,Utensilios,6,6
OT-UTE899-12338,YOUBI CONTENEDOR DE TÉ 880898,Utensilios,2,2
OT-UTE899-12339,YOUBI CONTENEDOR DE TÉ 875931,Utensilios,1,1
OT-UTE899-12340,YOUBI CONTENEDOR DE TÉ 875887,Utensilios,4,4
OT-UTE899-12342,YOUBI CONTENEDOR DE TÉ 847815,Utensilios,6,6
OT-UTE899-12350,PEARL BANDEJA DE HIERRO FUNDIDO PARA TEMPURA HW-7018 31 X 22 X 4,Utensilios,5,4
OT-UTE899-12351,PEARL BANDEJA DE HIERRO FUNDIDO PARA TEMPURA HW-7017 27.5 X 19.5 X 3.5,Utensilios,12,12
OT-UTE899-12353,PEARL PARILLA PARA YAKINIKU HB-6316,Utensilios,12,11
OT-UTE899-12354,PEARL OLLA DE SHABU SHABU ACERO INOXIDABLE 26 CM HB-5969,Utensilios,4,4
OT-UTE899-12355,PEARL OLLA DE SHABU SHABU ACERO INOXIDABLE 21 CM HB-5968,Utensilios,6,6
OT-UTE899-12356,PEARL POSAVASOS DE HIERRO FUNDIDO HB-5330,Utensilios,7,6
OT-UTE899-12357,PEARL POSAVASOS DE HIERRO FUNDIDO HB-5329,Utensilios,6,6
OT-UTE899-12358,PEARL OLLA DE ACERO INOXIDABLE CON TAPA DE VIDRIO 26 CM HB-4788,Utensilios,6,6
OT-UTE899-12359,PEARL OLLA DE ACERO INOXIDABLE CON TAPA DE VIDRIO 20 CM HB-4787,Utensilios,8,8
OT-UTE899-12360,PEARL PARILLA PARA ESTUFA GOTOKU HB-3928,Utensilios,5,5
OT-UTE899-12361,PEARL CONTENEDOR DE PLÁSTICO PARA ARROZ HB-3898,Utensilios,37,31
OT-UTE899-12362,PEARL VASO DE PLÁSTICO PARA MEDIR ARROZ CC-1055,Utensilios,3,3
OT-UTE899-12363,PEARL RALLADOR DE PLÁSTICO PARA VERDURAS CC-1018,Utensilios,7,7
OT-UTE899-12364,PEARL RALLADOR DE PLÁSTICO PARA VERDURAS CC-1017,Utensilios,7,6
OT-UTE899-12376,FUGETSU CHASEN BATIDOR DE TÉ MATCHA PLÁSTICO,Utensilios,4,4
OT-UTE899-12378,PEARL OLLA DE ALUMINIO CON SEPARACIÓN 28CM HB-6588,Utensilios,8,8
OT-UTE899-12379,SHIZUKAN CONTENEDOR DE TÉ ROSA,Utensilios,1,1
OT-UTE899-12380,SHIZUKAN CONTENEDOR DE TÉ NARANJA,Utensilios,1,1
OT-UTE899-12381,SHIZUKAN CONTENEDOR DE TÉ AMARILLO,Utensilios,1,1
OT-UTE899-12382,SHIZUKAN CONTENEDOR DE TÉ VERDE LIMÓN,Utensilios,2,2
OT-UTE899-12384,SHIZUKAN CONTENEDOR DE TÉ AZUL CIELO,Utensilios,2,2
OT-UTE899-12385,SHIZUKAN CONTENEDOR DE TÉ AZUL CLARO,Utensilios,2,2
OT-UTE899-12386,SHIZUKAN CONTENEDOR DE TÉ BEIGE,Utensilios,1,1
OT-UTE899-12387,SHIZUKAN CONTENEDOR DE TÉ BLANCO,Utensilios,1,1
OT-UTE899-12388,SHIZUKAN CONTENEDOR DE TÉ VERDE BANDERA,Utensilios,2,2
OT-UTE899-12523,ENDO SET DE COLADOR Y CUCHARÓN <BMS-04>,Utensilios,4,4
OT-UTE899-12524,ENDO RASPADOR DE RALLADOR <BOL-96>,Utensilios,2,2
OT-UTE899-12525,ENDO PINZA PARA OLLAR DE PIEDRA <AYT-13>,Utensilios,3,2
OT-UTE899-12530,ENDO PORTA PALILLOS NEGRO <RHS-R8>,Utensilios,2,2
OT-UTE899-12532,ENDO PAPEL PARA COCINA 500 HOJAS <QKI-84>,Utensilios,4,3
OT-UTE899-12533,ENDO PAPEL PARA COCINA 200 HOJAS <QKI-87>,Utensilios,2,2
OT-UTE899-12615,ENDO ESPÁTULA DE ACERO INOXIDABLE GRANDE <GOK-02>,Utensilios,7,6
OT-UTE899-12616,ENDO DISPENSADOR PARA SALSA DE SOYA MEDIANO <PEM-C0>,Utensilios,7,6
OT-UTE899-12620,ENDO TAPA DOMO DE COBRE PARA CARNE 27 CM <PST-16>,Utensilios,1,1
OT-UTE899-12634,IWATANI ESTUFA PORTATIL VA-30,Utensilios,7,6
OT-UTE899-12637,IWATANI TORCHBURNER CB-TC-CKGR,Utensilios,13,13
OT-UTE899-12659,TANAKA BANDEJA SAKURA RECTÁNGULO 044453,Utensilios,25,24
OT-UTE899-12660,TANAKA BANDEJA SAKURA MEDIA LUNA 044460,Utensilios,17,16
OT-UTE899-12702,ENDO PIEDRA P/AFILAR #4000 <ATI-04>,Otros,8,8
OT-UTE899-12706,ENDO CUCHILLO PARA COCINA MAGURO KIRI 54 CM <AYK-35>,Utensilios,1,1
OT-UTE899-12711,CP TAZÓN DESECHABLE PARA RAMEN NEGRO VK-760 50 P,Utensilios,3,2
OT-UTE899-12712,CP TAZÓN DESECHABLE PARA RAMEN ROJO VK-760 50 P,Utensilios,3,2
OT-UTE899-12974,ENDO RALLADOR ACERO ACERO INOXIDABLE (M) <BOL-81>,Utensilios,9,9
OT-UTE899-12975,ENDO RALLADOR ALUMINIO (MINI) <BOL-07>,Utensilios,2,2
OT-UTE899-1309,PANASONIC INNER MOD. SR-42HP,Utensilios,1,1
OT-UTE899-13167,TRUPER CILINDRO DE GAS 220 G,Utensilios,60,57
OT-UTE899-13237,EZ COOKER BOWL 30 PZ,Utensilios,207,176
OT-UTE899-13238,EZ COOKER TAPA BOWL 60 PZ,Utensilios,37,36
OT-UTE899-13239,EZ COOKER BOWL BOLSA DE PLASTICO 100PZ,Utensilios,6,4
OT-UTE899-13240,EZ COOKER FILTRO DE AGUA 1 PZ,Utensilios,1,1
OT-UTE899-13285,SM PLATO PARA TOALLA OSB1,Otros,1,1
OT-UTE899-13299,ECHO JUEGO DE CUCHARAS 4P 0499-365,Utensilios,116,108
OT-UTE899-13300,ECHO VOLTEADOR 0349-394,Utensilios,33,32
OT-UTE899-13427,SM PLATO PARA SASHIMI 15A-BR,Utensilios,8,8
OT-UTE899-13428,SM SET DE VASO PARA SAKE KC8-AS2,Utensilios,19,18
OT-UTE899-13487,SK BOWL DE PIEDRA PARA BIBIMBAP,Utensilios,2,2
OT-UTE899-13588,KANEMASU TAZA PARA TÉ MATCHA KARATSU KATAKUCHI,Utensilios,5,5
OT-UTE899-13589,KANEMASU TAZA PARA TÉ MATCHA MOMOYAMA,Utensilios,3,3
OT-UTE899-13590,KANEMASU TAZA PARA TÉ MATCHA SEIRYU TENMOKU KATAKUCHI,Utensilios,7,6
OT-UTE899-13591,KANEMASU TAZA PARA TÉ SHIROHAKE KATAKUCHI,Utensilios,1,1
OT-UTE899-13592,KANEMASU TAZA PARA TÉ BIZENFUU KATAKUCHI CHUBACHI,Utensilios,3,3
OT-UTE899-13593,KANEMASU TAZA PARA TÉ MATCHA YOUHEN KON,Utensilios,2,2
OT-UTE899-13594,KANEMASU TAZA PARA TÉ MATCHA AKAFUKI TENMOKU,Utensilios,3,2
OT-UTE899-13996,ENDO ARUMI OROSHIGANE,Utensilios,4,4
OT-UTE899-13999,ENDO GURUMEN HASHI <RHS-Q9>,Utensilios,5,4
OT-UTE899-14001,TANAKA GLASS HASHIOKI FUJISAN&SAKURA NO. 521305,Utensilios,2,2
OT-UTE899-14002,TANAKA GLASS HASHIOKI FUJISAN&KOUYOU NO. 521329,Utensilios,2,2
OT-UTE899-14003,TANAKA GLASS HASHIOKI RYU No.521404,Utensilios,3,3
OT-UTE899-14004,TANAKA GLASS HASHIOKI HOKUSAI NAMI NO. 521350,Utensilios,1,1
OT-UTE899-14102,ENDO COLADOR DE ACERO INOXIDABLE PARA FIDEOS (ATB-13),Utensilios,7,6
OT-UTE899-14105,ENDO BANDEJA DE ALUMINIO 60 (AGY-07) 41 X 31 X 6,Otros,1,1
OT-UTE899-14106,ENDO BANDEJA DE ALUMINIO 50 (AGY-07) 41 X 31 X 5,Otros,1,1
OT-UTE899-14107,ENDO BANDEJA DE ALUMINIO 40 (AGY-07) 41 X 31 X 4,Otros,1,1
OT-UTE899-14108,ENDO TAPADERA DE BANDEJA DE ALUMINO (AGY-08) 42 X 32 X 16,Otros,1,1
OT-UTE899-14223,KOKKU PALILLOS DE PLASTICO A53-24,Utensilios,22,21
OT-UTE899-14224,KOKKU PALILLOS DE PLASTICO A53-26,Utensilios,16,16
OT-UTE899-14225,KOKKU PALILLOS DE PLASTICO A31-1,Utensilios,21,20
OT-UTE899-14226,KOKKU PALILLOS DE PLASTICO A31-5,Utensilios,24,22
OT-UTE899-14227,KOKKU PALILLOS DE PLASTICO A31-12,Utensilios,21,21
OT-UTE899-14228,KOKKU PALILLOS DE PLASTICO A31-17,Utensilios,19,19
OT-UTE899-14241,KOKKU VAPORERA DE BAMBOO #6 W18-15-6,Utensilios,2,2
OT-UTE899-14242,KOKKU VAPORERA DE BAMBOO #8 W18-15-8,Utensilios,1,1
OT-UTE899-14245,KOKKU SET DE MATCHA VERDE 5 PZ MT-21GR,Utensilios,5,5
OT-UTE899-14309,ENDO MANTEL DESECHABLE P/MESA ( SUEHIRO ) AKAFUJI WH-1 100 PZAS,Otros,1,1
OT-UTE899-14310,ENDO MANTEL DESECHABLE P/MESA ( SUEHIRO ) TSUBAKI WH-2 100 PZAS,Otros,1,1
OT-UTE899-14311,ENDO MANTEL DESECHABLE P/MESA ( SUEHIRO ) SAKURA WH-9 100 PZAS,Otros,1,1
OT-UTE899-14312,ENDO MANTEL DESECHABLE P/MESA ( SUEHIRO ) BOTAN WH-15 100 PZAS,Otros,1,1
OT-UTE899-14366,SM BATIDOR WK-100N,Otros,1,1
OT-UTE899-1491,SHAMOJI PALITA PLAST 36 CM. MOD. YE-109,Utensilios,41,40
OT-UTE899-1576,"SM BAMBOO TEPPOU MOD. CMT2 7""",Utensilios,1,1
OT-UTE899-1725,"SM SQ WOODEN SAKE MASU 3.25"" MOD.OMS-100",Utensilios,2,2
OT-UTE899-1825,TAR HONG NSF CONSER MOD SEJ72000 40 CUP,Utensilios,1,1
OT-UTE899-2502,INOMATA PLASTIC CHOPSTICKS STAND RED 1144R,Otros,1,1
OT-UTE899-2628,SANADA PLASTIC DROP-LID FOR SIMMERING D-5840,Otros,1,1
OT-UTE899-2794,THE TOUICHI CERAMIC TEA POT 6-GO 128-887-20-B,Utensilios,1,1
OT-UTE899-2875,KATAOKA WATERSHARPENER SINGLE,Utensilios,3,3
OT-UTE899-2965,ECHO VOLTEADOR 0332-116,Utensilios,2,2
OT-UTE899-3443,FUJI JUEGO DE VAPORERA DE BAMBOO 3 PZAS 25.4 CM #10,Utensilios,48,48
OT-UTE899-3444,FUJI JUEGO DE VAPORERA DE BAMBOO 3 PZAS 30.48 CM #12,Utensilios,25,24
OT-UTE899-3640,SM CUCHARA DE PLASTICO 500 PZ,Utensilios,1,1
OT-UTE899-3779,KOHBEC CHAROLA CON ESCURRIDOR DE ACEITE 6439,Utensilios,1,1
OT-UTE899-4494,SOLO CUP VASO PORCION 4 OZ C/250 PZAS. P400,Utensilios,4,4
OT-UTE899-5455,SM MOLDE PARA OSHIZUSHI COMS-2,Utensilios,1,1
OT-UTE899-6640,PEARL OLLA L-1814,Utensilios,1,1
OT-UTE899-7135,PEARL SARTEN CON BASE HB-3025,Utensilios,1,1
OT-UTE899-7339,ECHO CUCHARON 0499-231,Utensilios,1,1
OT-UTE899-7894,BOLSART BOLSA ECOLOGICA CHICA (AZUL/ROSA) PZA,Utensilios,109,100
OT-UTE899-8016,SM TENEDOR EF7-K,Utensilios,1,1
OT-UTE899-8250,NAKAYA DISPENSADOR DE SALSA ROJO K369-1,Utensilios,80,75
OT-UTE899-8402,ENDO SARTEN PARA HUEVO DE ALUMINIUM JUMBO F-7059,Utensilios,1,1
OT-UTE899-8407,ENDO BASE PARA WOK,Utensilios,1,1
OT-UTE899-8413,ENDO PINZAS PARA ESPINA 105 MM,Utensilios,11,11
OT-UTE899-8414,ENDO COLADOR PARA SOPA DE RAMEN SA18-0 NO.5,Fideos y Pastas,1,1
OT-UTE899-8415,ENDO MORTERO DE CERÁMICA 6 GOU,Otros,8,8
OT-UTE899-8416,ENDO SARTÉN PARA HUEVO 21 CM,Utensilios,1,1
OT-UTE899-8975,SM BASE PARA ASAR JST-08,Utensilios,4,4
OT-UTE899-8984,KOKUBO CUCHARA CON ESCURRIDOR CON PALILLO KK-425,Utensilios,2,2
OT-UTE899-9147,MH CHAROLA C/TAPA 50PZA MOD. YP-0.6,Utensilios,6,6
OT-UTE899-9229,SM FILTRO PARA TE TS45-R,Utensilios,9,9
OT-UTE899-9327,KITAHARA CHAROLA PARA BENTO NEGRA KE-1A 50 PZAS,Utensilios,15,11
OT-UTE899-9328,KITAHARA MOLDE DE PAPEL UNRYU VERDE 500 PZAS,Utensilios,2,2
OT-UTE899-9331,KITAHARA TAPA PARA CHAROLA DE BENTO KE-1 50 PZAS,Utensilios,15,10
PX-DEL307-13934,PAN 28 SAL CON AJONJOLI,Pan y Deli,2,2
PX-DEL307-13935,PAN 28 SAL CON AJO,Pan y Deli,3,3
PX-DEL307-13945,PAN 28 ROLLO CANELA,Pan y Deli,7,7
PX-DEL307-14033,PAN 28 SHORT CAKE REBANADO,Pan y Deli,6,6
PX-DEL307-14034,PAN 28 CHEESE CAKE REBANADO,Pan y Deli,11,11
PX-DEL307-14035,PAN 28 MOCHI CAKE ZEN,Pan y Deli,3,3
PX-DEL307-14036,PAN 28 MOCHI CAKE WA,Pan y Deli,8,8
PX-DEL307-14037,PAN 28 MOCHI CAKE EN,Pan y Deli,3,3
PX-DEL307-14038,PAN 28 MON BANC,Pan y Deli,5,5
PX-DEL307-14039,PAN 28 CHOCO LADRILLO,Pan y Deli,4,4
RE-BEB159-2042,YAKULT 3 PACK,Bebidas,35,29
RE-DEL250-10760,TOYO HUEVO COPPEPAN SAND,Pan y Deli,26,23
RE-DEL250-10761,TOYO ATUN COPPEPAN SAND,Pan y Deli,17,15
RE-DEL250-11403,GOEN BENTOU ESPECIAL 230,Pan y Deli,3,3
RE-DEL250-11404,GOEN BENTOU MATSU 210,Pan y Deli,2,2
RE-DEL250-11405,GOEN BENTOU TAKE 165,Pan y Deli,5,5
RE-DEL250-11406,GOEN BENTOU UME 145,Pan y Deli,3,3
RE-DEL250-11697,TOYO PAN KANIKAMA,Pan y Deli,35,31
RE-DEL250-12554,TOYO PAN DE MENTAI,Pan y Deli,38,33
RE-DEL250-12555,TOYO PAN DE AJO,Pan y Deli,14,12
RE-DEL250-13194,TOYO PAN DE SAL ROSA,Pan y Deli,33,31
RE-DEL250-13196,TOYO PAN TOSTADO DE MIEL,Pan y Deli,55,49
RE-DEL250-1919,TOYO ONIGUIRI CAMARON,Pan y Deli,81,75
RE-DEL250-1920,TOYO ONIGUIRI CARNE DE RES MOLIDA,Pan y Deli,59,56
RE-DEL250-1921,TOYO ONIGUIRI KANIKAMA,Pan y Deli,6,6
RE-DEL250-1922,TOYO ONIGUIRI MARMOL,Pan y Deli,1,1
RE-DEL250-1967,TOYO TEMAKI EBI FRY,Pan y Deli,80,68
RE-DEL250-1968,TOYO TEMAKI KANI MAYO,Pan y Deli,54,49
RE-DEL250-1969,TOYO TEMAKI UME,Pan y Deli,5,5
RE-DEL250-2831,TOYO ONIGUIRI SALMON,Pan y Deli,78,72
RE-DEL250-6806,TOYO ONIGUIRI BIBINBA PZA,Pan y Deli,3,3
RE-DEL250-7781,TOYO MAKUNOUCHI BENTOU UME,Pan y Deli,14,13
RE-DEL250-7782,TOYO MAKUNOUCHI BENTOU TAKE,Pan y Deli,12,12
RE-DEL252-14403,PAN 28 TARTA DE TEMPORADA 1,Pan y Deli,3,3
RE-DEL252-14632,PAN 28 PASTEL ESPECIAL 1 PZ,Pan y Deli,3,3
RE-DEL252-14633,TOYO AN PAN RAMUNE PZA,Bebidas,41,39
RE-FVL355-0183,DAIKON (NABO),Frescos,105,85
RE-FVL355-1266,OKURA (OKURA),Frescos,11,10
RE-FVL355-2167,SATOIMO (PAPA),Frescos,25,23
RE-FVL355-3565,CHINGENSAI (BOK CHOI),Frescos,36,32
RE-FVL355-5514,SM HONGO ENOKI FRESCO,Frescos,45,40
RE-FVL355-5515,SM HONGO SHIMEJI CAFÉ FRESCO (100G.),Frescos,38,31
RE-FVL355-5516,SM HONGO MAITAKE FRESCO (100 G.),Frescos,19,17
RE-FVL357-10898,TOYO GARI BLANCO 907 G,Frescos,284,248
RE-FVL357-1240,NITAKAYA GARI PINK 9 KG,Otros,1,1
RE-FVL357-13336,TOKAI US TOKYO TAKUAN 440 G,Frescos,23,22
RE-FVL357-13337,TOKAI US TOKYO TAKUAN 220 G,Frescos,90,84
RE-FVL357-1350,PR TOKAI TAKUAN TARO 400G,Frescos,1,1
RE-FVL357-4672,GREEN LAND GARI BLANCO 9 KG.,Frescos,66,62
RE-FVL357-8322,TOYO GARI BLANCO 454 G,Frescos,355,310
RE-FVL357-8324,TOYO GARI BLANCO 9 KG,Frescos,149,133
RE-FVL357-8326,TOYO GARI ROSA 9 KG,Frescos,73,66
RE-PDM456-5423,SM ATUN ALETA AZUL FRESCO EN LOMO TALLA - 50 KG,Pescados y Mariscos,4,3
RE-SAL501-12984,ASSI KOCHIJAN 300 G N,Salsas,27,26
RE-SAL501-13178,ASSI TOPOKKI SAUCE 340 G,Salsas,17,16
RE-SAL549-12986,GP SALSA PIÑA HABANERO PZA,Salsas,1,1
RE-SAL549-12988,GP SALSA AGRIDULCE THAI PZA,Salsas,1,1
RE-SAL549-12990,GP SALSA GENKI ORIGINAL PZA,Salsas,1,1
RE-SAL549-13478,GYUKAKU SALSA BBQ 2 KG,Salsas,2,2
RE-SAL549-13479,GYUKAKU SALSA PICANTE 2 KG,Salsas,1,1
RE-SAL549-13480,GYUKAKU SALSA MISO TARE 2 KG,Salsas,2,2
RE-SAL549-13481,GYUKAKU SALSA MOMI PARA MARINAR 1 KG,Salsas,2,2
RE-SAL549-13482,GYUKAKU SALSA PONZU YUZU 2 KG,Salsas,1,1
RE-SAL549-13484,GYUKAKU SALSA UMAKARA 2 KG,Salsas,1,1
RE-SAL549-13486,GYUKAKU SALSA SUPER PICANTE 2 KG,Salsas,1,1
RE-SYE551-0974,MARUKOME AKA MISO 20 KG.,Abarrotes,31,27
RE-SYE551-10013,ROKKO MISO ASHIYA KURADUKURI SHIRO MISO 300G,Abarrotes,23,22
RE-SYE551-10014,ROKKO MISO ASHIYA KURADUKURI AKADASHI MISO 300G,Abarrotes,31,26
RE-SYE551-1003,MARUKOME MISO WHITE 44LBS,Abarrotes,88,77
RE-SYE551-11472,YAMAJIRUSHI MISO BLANCO 2.27 KG.,Abarrotes,14,14
RE-SYE551-12991,ICHIBIKI NAGOYA HACCHO AKA DASHI MISO 400 G,Abarrotes,30,26
RE-SYE551-13093,FUKUYAMA TOMOE HOKKAIDO MINORI MISO 300 G,Abarrotes,4,3
RE-SYE551-13094,FUKUYAMA TOMOE INAKA MISO 500 G,Abarrotes,3,3
RE-SYE551-13095,FUKUYAMA TOMOE KURA JIKOMI MISO 500 G,Abarrotes,3,3
RE-SYE551-13549,HANAMARUKI DASHIIRI FUMI ICHIBAN MISO 650 G,Abarrotes,32,31
RE-SYE551-13550,HANAMARUKI DASHIIRI FUMI ICHIBAN MISO BAJO DE SAL 650 G,Abarrotes,40,37
RE-SYE551-14013,ROKKO MISO ASHIYA KURADUKURI CHOJUKU MISO 300 G,Abarrotes,27,24
RE-SYE551-1522,SHIRAKIKU MISO WHITE BAG 2.2LB,Abarrotes,21,21
RE-SYE551-7100,HIKARI SHIROKOSHI MISO 20 KG,Abarrotes,44,43
RE-SYE554-12987,GP ADEREZO CACAHUATE PZA,Abarrotes,1,1
RE-SYE554-13477,GYUKAKU ADEREZO 2 KG,Abarrotes,2,2
RE-SYE599-13483,GYUKAKU SAZONADOR SHIO TARE 2 KG,Abarrotes,2,2
RE-SYE599-13493,GYUKAKU TAIL SOUP 2 KG,Abarrotes,2,2
RE-TE654-13122,YAMASHIRO TE VERDE MATCHA MIYABINO SHIRO 1 KG,Frescos,12,10
RE-TE654-13179,YAMASHIRO TE VERDE MATCHA MIYABINO SHIRO 40 G,Frescos,14,14
RE-TE654-13733,YAMASHIRO TE VERDE MATCHA TENRAKU 1 KG,Frescos,2,1
RE-TE654-13734,YAMASHIRO TE VERDE MATCHA UNJYONO TSURU 1 KG,Frescos,2,1
RE-TE654-14189,YAMASHIRO TÉ VERDE MATCHA UNJYONO TSURU 100 G,Frescos,1,1
RE-TQO700-11374,ISHIBASHIYA KONNYAKU NEGRO 250 G,Tofu,2,2
RE-TQO700-12118,ISHIBASHIYA FUKKOKUBAN SHIRATAKI 260 G,Tofu,83,72
RE-TQO700-13055,HIKAWA TEMAKI SHIRATAKI 200 G,Tofu,4,4
RE-TQO700-13056,HIKAWA ITA KONNYAKU NEGRO 250 G,Tofu,1,1
RE-TQO700-13057,HIKAWA ITA KONNYAKU BLANCO 250 G,Tofu,3,3
RE-TQO700-13058,HIKAWA SHIRATAKI 200 G,Tofu,15,15
RE-TQO700-13352,ISHIBASHIYA NOBEGATA ITA KONNYAKU 180 G,Tofu,73,68
RE-TQO700-8710,ISHIBASHIYA KONNYAKU MINI KURO 125 G,Tofu,40,36
RE-TQO700-8712,ISHIBASHIYA SASHIMI KONNYAKU YUZU 145 G,Tofu,5,5
RE-TQO701-11834,PHILADELPHIA CREAMY & SOFT QUESO CREMA 1.900 KG,Tofu,1,1
SE-ACE050-10085,KUKI ACEITE DE AJONJOLI BLANCO 1.6 KG,Aceites,42,41
SE-ACE050-9986,KUKI ACEITE DE AJONJOLI BLANCO 600 G,Aceites,40,39
SE-ACE051-12651,TSUNO ACEITE DE ARROZ 180 G,Aceites,16,16
SE-ACE051-12652,TSUNO ACEITE DE ARROZ 500 G,Aceites,19,19
SE-ACE099-10327,MARUKYO/MIYAKO ACEITE DE SOYA 16.56 L,Salsas,1,1
SE-ACE099-14190,TETSUJIN RAYU 900 ML,Aceites,59,54
SE-ACE099-1875,GRANO DE ORO ACEITE DE CANOLA 20 L,Aceites,72,62
SE-ACE099-8368,MIYAKO GEKIKARA RAYU 1.89 LT,Aceites,19,19
SE-ACE099-9924,AVE ACEITE VEGETAL 10 L,Aceites,71,58
SE-ARR101-10758,RHEE CHUN ARROZ U.S. # 1 18.14 KG,Arroces,32,31
SE-ARR102-11402,TOYO ARROZ JAPONÉS PREMIUM 10 KG,Arroces,64,54
SE-ARR102-1810,TAMAKI CLASIC ARROZ 22.68 KG.,Arroces,10,8
SE-ARR149-10968,MARUCHAN ATTAKA SEKIHAN 160 G,Arroces,24,22
SE-ARR149-13380,ZEN-NOH GOHAN HATSUGA GENMAI 150 G,Arroces,27,26
SE-ARR149-13709,TAIMATSU KAGAMI MOCHI GM-48 120 G,Arroces,44,42
SE-ARR149-14007,HAKUBAKU MOCHIMUGI OKAYU 180 G,Arroces,4,4
SE-ARR149-14008,HAKUBAKU GOKOKU OKAYU 180 G,Arroces,7,7
SE-ARR149-14009,HAKUBAKU ATONOSE MOCHIMUGI 50 G,Arroces,6,6
SE-ARR149-14011,IRIS MIYAKOGANE MOCHI 400 G,Arroces,37,35
SE-BEB150-10690,UCC SHOKUNIN NO COFFEE MILK NI SAITEKI 900 ML,Bebidas,37,35
SE-BEB150-10691,UCC SHOKUNIN NO COFFEE MUTOU 900ML,Bebidas,39,35
SE-BEB150-11911,UCC OISHII DECAF COFFEE MUTOU 900 ML,Bebidas,50,45
SE-BEB150-13233,UCC GOLD SPECIAL SPECIAL BLEND 250 G,Bebidas,2,2
SE-BEB151-13885,YOUUS CERVEZA JEJU BAENGNOKDAM ALE 4.3% 500 ML,Bebidas,26,25
SE-BEB151-13886,YOUUS CERVEZA GWANGHWAMUN ALE 5% 500 ML,Bebidas,33,33
SE-BEB151-13887,YOUUS CERVEZA KYEONGBOKGUNG IPA 4.5% 500 ML,Bebidas,35,34
SE-BEB151-13888,YOUUS CERVEZA SEONGSAN ILCHULBONG ALE 5% 500 ML,Bebidas,27,26
SE-BEB151-13889,YOUUS CERVEZA NAMSAN ALE 4.5% 500 ML,Bebidas,19,18
SE-BEB152-0113,CHA-BON-BON JUICE KIWI 5 LB,Bebidas,2,2
SE-BEB152-0114,CHA-BON-BON JUICE LYCHEE 5 LB,Bebidas,60,53
SE-BEB152-0115,CHA-BON-BON JUICE MANGO 5 LB.,Bebidas,1,1
SE-BEB152-0118,CHA-BON-BON JUICE STRAWBERRY 5 LB,Bebidas,1,1
SE-BEB152-13260,LEAMAXX / BOSSEN JARABE SABOR FRESA SIN PULPA 2.5 KG,Bebidas,75,70
SE-BEB152-13261,LEAMAXX / BOSSEN JARABE SABOR MANGO 2.5 KG,Bebidas,21,20
SE-BEB152-13262,LEAMAXX / BOSSEN JARABE SABOR NARANJA 2.5,Bebidas,11,10
SE-BEB152-13563,FAMILY BEAR TÉ LIQUIDO LIMON MIEL 1KG,Bebidas,90,83
SE-BEB152-13566,FAMILY BEAR TÉ LIQUIDO MARACUYA 1 KG,Bebidas,79,71
SE-BEB152-14049,TOMINAGA OKINAWA SHIKUWASA SODA 185 ml,Bebidas,48,45
SE-BEB153-11751,EMPEROR L OOLONG TEA LATTE 16G×5,Bebidas,53,50
SE-BEB154-13715,KIERO KOMBUCHA LIMON AMARILLO CON JENGIBRE 280 ML,Bebidas,22,20
SE-BEB154-13716,KIERO KOMBUCHA JAMAICA CON ROMERO 280 ML,Bebidas,21,20
SE-BEB154-13852,SFC BIO SPARKLING SANDÍA 350 ML,Bebidas,453,396
SE-BEB154-13853,SFC BIO SPARKLING CIRUELA 350 ML,Bebidas,436,376
SE-BEB154-13854,SFC BIO SPARKLING MELON 350 ML,Bebidas,460,399
SE-BEB154-13855,SFC BIO SPARKLING MANGO 350 ML,Bebidas,577,493
SE-BEB154-13856,SFC BIO SPARKLING CALAMANSI 350 ML,Bebidas,395,346
SE-BEB154-13880,YOUUS SINGHA SODA LIMON 350 ML,Bebidas,166,153
SE-BEB154-13960,OKF KOMBUCHA PIÑA DURAZNO 500 ML,Bebidas,231,206
SE-BEB154-13961,OKF KOMBUCHA CEREZA 500 ML,Bebidas,246,226
SE-BEB154-13962,OKF KOMBUCHA MANGO LIMON 500 ML,Bebidas,241,215
SE-BEB154-13963,OKF SPARKLING MORA AZUL 350 ML,Bebidas,892,749
SE-BEB154-13964,OKF SPARKLING LIMONADA AZUL 350 ML,Bebidas,867,730
SE-BEB154-13965,OKF SPARKLING SABOR KIWI 350 ML,Bebidas,764,640
SE-BEB154-13966,OKF SPARKLING LIMONADA ROSA 350 ML,Bebidas,830,713
SE-BEB154-13967,OKF JUGO DE MANGO CON ALOE 500 ML,Bebidas,210,185
SE-BEB154-13968,OKF JUGO DE PIÑA CON ALOE 500 ML,Bebidas,140,131
SE-BEB155-13453,ALPS JUGO DE UVA 250 ML,Bebidas,38,35
SE-BEB155-13454,ALPS JUGO DE UVA BLANCA 250 ML,Bebidas,30,28
SE-BEB155-13455,ALPS JUGO DE MANZANA 250 ML,Bebidas,37,34
SE-BEB155-13456,ALPS JUGO DE DURAZNO 250 ML,Bebidas,22,21
SE-BEB155-13872,YOUUS JUGO DE MANZANA 330 ML,Bebidas,135,125
SE-BEB155-13873,YOUUS JUGO DE CITRICOS 330 ML,Bebidas,170,160
SE-BEB155-13874,YOUUS JUGO DE TORONJA 330 ML,Bebidas,178,164
SE-BEB155-13875,YOUUS FRESH UVA VERDE 340 ML,Bebidas,313,278
SE-BEB155-13876,YOUUS FRESH MANDARINA JEJU 340 ML,Bebidas,265,242
SE-BEB155-13877,YOUUS FRESH DURAZNO 340 ML,Bebidas,274,248
SE-BEB155-13878,YOUUS JUGO DE DURAZNO 330 ML,Bebidas,216,199
SE-BEB155-13879,YOUUS JUGO DE UVA ROJA 330 ML,Bebidas,145,134
SE-BEB155-14343,OKINAWA JUGO DE LIMON JAPONES 300ML,Otros,3,3
SE-BEB156-11204,KAGATOBI GINJO UMESHU 300 ML,Bebidas,7,7
SE-BEB156-11205,KAGATOBI GINJO UMESHU 720 ML,Bebidas,13,11
SE-BEB157-11190,KAGATOBI JUNMAI DAIGINJO SENNICHI KAKOI NISHIKIE LABEL 720 ML,Bebidas,4,3
SE-BEB157-11192,KAGATOBI JUNMAI DAIGINJO AI 720 ML,Bebidas,6,6
SE-BEB157-11913,SAWANOTSURU JYOSEN HONJOZO NAMA 300 ML,Bebidas,5,5
SE-BEB157-13019,BEKSEJU VINO DE ARROZ Y 12 HIERBAS 375 ML,Bebidas,1,1
SE-BEB157-13227,KAKUBOSHI MIZUTORIKI TOKUBETSU JUNMAI CHOKARAKUCHI 720 ML,Bebidas,2,2
SE-BEB157-13228,MIYAKANBAI JUNMAI DAIGINJO 720 ML,Bebidas,3,3
SE-BEB157-13267,HANA SAKE SABOR DURAZNO BLANCO 375 ML,Bebidas,1,1
SE-BEB157-13564,HAKUTSURU CHIKA SAKE CUP 200 ML,Bebidas,2,2
SE-BEB157-13565,HAKUTSURU TANREI JUNMAI 180 ML,Bebidas,2,2
SE-BEB157-13732,HAKUTSURU BLANC 720 ML,Bebidas,6,6
SE-BEB157-13733,ICHINOKURA SUZUNE GALA ESPUMOSO 375 ML,Bebidas,5,5
SE-BEB157-13734,ICHINOKURA MADENA 180 ML,Bebidas,1,1
SE-BEB157-7891,SUEHIRO DAIGINJO 300 ML,Bebidas,4,4
SE-BEB157-9604,GEKKEIKAN NAMA JUNMAI SAKE 300 ML,Otros,2,2
SE-BEB158-0715,MAKGEOLLI FRESA 750 ML,Bebidas,3,3
SE-BEB158-11120,NISHIYOSHIDA SYUZO TSUKUSHI SHIRO 720ML,Bebidas,4,4
SE-BEB158-11121,NISHIYOSHIDA SYUZO TSUKUSHI KURO 720ML,Bebidas,3,3
SE-BEB158-11122,NISHIYOSHIDA SYUZO TSUKUSHI BAISEN MUGI 720ML,Bebidas,3,3
SE-BEB158-13330,SANWA IICHIKO PACK 1.8 L,Bebidas,50,46
SE-BEB158-13495,HAMADA CHILL GREEN BITTER & TROPICAL 720 ML,Bebidas,2,2
SE-BEB158-13969,LOTTE CHUM CHURUM SAERO KIWI 375 ML,Bebidas,1,1
SE-BEB158-13970,LOTTE SOON HARI LYCHEE 365 ML,Bebidas,104,104
SE-BEB158-13971,LOTTE SOON HARI CIRUELA 365 ML,Bebidas,39,39
SE-BEB159-13468,CANTABILE MANGO 230 ML,Bebidas,784,706
SE-BEB159-13959,CANTABILE LIMON 230 ML,Bebidas,454,412
SE-BEB160-10687,UCC KOCHA NO JIKAN STRAIGHT TEA MUTO 900ML,Bebidas,43,40
SE-BEB160-10688,UCC KOCHA NO JIKAN STRAIGHT TEA TEITOU 900 ML,Bebidas,45,42
SE-BEB160-10689,UCC KOCHA NO JIKAN LEMON TEA TEITOU 900 ML,Bebidas,31,29
SE-BEB160-10989,SANGARIA ANATA NO KOUBASHII MUGICHA 600 ML,Bebidas,123,114
SE-BEB160-11341,SANGARIA ANATANO HOUJICHA PET 600 ML,Bebidas,145,135
SE-BEB160-14010,IRIS TÉ VERDE 500 ML,Bebidas,91,86
SE-BEB163-13006,FUJI MW AGUA MINERAL EN BOTELLA DE VIDRIO 700 ML,Bebidas,46,46
SE-BEB199-12252,SUNTORY WHISKY TOKI 750 ML,Bebidas,2,2
SE-BEB199-12253,SUNTORY GIN ROKU 700 ML,Bebidas,1,1
SE-BEB199-12254,SUNTORY WHIKSY HIBIKI 750 ML,Bebidas,3,3
SE-BEB199-13663,YONG HE POLVO PARA BEBIDA DE SOYA 300G,Bebidas,6,6
SE-BEB199-13890,YOUUS FRESHBALL HIGHBALL NARANJA 500 ML,Bebidas,21,20
SE-BEB199-13891,YOUUS FRESHBALL HIGHBALL TORONJA 500 ML,Bebidas,23,22
SE-BEB199-13892,YOUUS FRESHBALL HIGHBALL LIMON 500 ML,Bebidas,23,23
SE-BEB199-14287,C-100 TORONJA 445 ML,Bebidas,78,70
SE-CAR249-13662,MEI LIN FIAMBRE 340G,Carnes,6,6
SE-DCB302-13627,WHITE RABBIT DULCE DE LECHE SABOR YOGURT 180G,Dulces y Botanas,9,9
SE-DCB303-13515,FUJIYA COUNTRY MA'AM GENSEN CHOCOLATE 12P 127.2 G,Dulces y Botanas,19,18
SE-DCB303-13516,FUJIYA COUNTRY MA'AM GENSEN VANILLA 12P 127.2 G,Dulces y Botanas,19,19
SE-DEL250-13720,KITCHEN ONIGIRI SALMÓN,Pan y Deli,9,9
SE-DEL250-13721,KITCHEN ONIGIRI CURRY,Pan y Deli,5,5
SE-DEL250-13722,KITCHEN ONIGIRI EBI CHILI,Pan y Deli,7,7
SE-DEL250-13723,KITCHEN ONIGIRI ATÚN MAYO,Pan y Deli,12,12
SE-DEL250-13724,KITCHEN PLATILLO EBI CHILI,Pan y Deli,27,24
SE-DEL250-13725,KITCHEN PLATILLO MENCHI KATSU,Pan y Deli,19,17
SE-DEL250-13893,KITCHEN ESPECIAL 1,Pan y Deli,5,5
SE-DEL250-13894,KITCHEN ESPECIAL 2,Pan y Deli,6,6
SE-DEL250-13895,KITCHEN ESPECIAL 3,Pan y Deli,4,4
SE-DEL250-13922,KITCHEN ONIGIRI MENTAI QUESO,Pan y Deli,2,2
SE-DEL250-13923,KITCHEN ONIGIRI MENTAIKO -CAVIAR JAPONES-,Pan y Deli,4,4
SE-DEL250-13924,KITCHEN ONIGIRI VEGETARIANO -UME&EDAMAME&KOMBU-,Pan y Deli,8,8
SE-DEL250-13925,KITCHEN ONIGIRI YAKI ONIGIRI -A LA PARRILLA-,Pan y Deli,7,7
SE-DEL250-13926,KITCHEN ONIGIRI HOJUELAS DE BONITO,Pan y Deli,3,3
SE-DEL250-13927,KITCHEN ONIGIRI BUTA KIMCHI -SALTEADO DE CERDO Y KIMCHI-,Pan y Deli,7,7
SE-DEL250-13928,KITCHEN ONIGIRI KARAAGE -POLLO FRITO-,Pan y Deli,8,8
SE-DEL250-13929,KITCHEN PLATILLO KARAAGE,Pan y Deli,8,8
SE-DEL250-13930,KITCHEN PLATILLO GYOZA,Pan y Deli,13,12
SE-DEL250-13931,KITCHEN PLATILLO ROLLITOS PRIMAVERA,Pan y Deli,20,19
SE-DEL250-13932,KITCHEN PLATILLO TONKATSU,Pan y Deli,25,24
SE-DEL250-13933,KITCHEN PLATILLO TEMPURA DE CAMARÓN,Pan y Deli,4,4
SE-DEL250-14080,KITCHEN PLATILLO KARAAGE DE PULPO,Pan y Deli,4,4
SE-DEL250-14191,KITCHEN PLATILLO DE TAKOYAKI 1 PZ,Pan y Deli,20,19
SE-DEL250-14192,KITCHEN PLATILLO DE ARROZ 1 P,Pan y Deli,7,7
SE-DEL250-14426,KITCHEN PLATILLO SUSHI TAMPICO PZ,Pan y Deli,2,2
SE-DEL250-14427,KITCHEN PLATILLO SUSHI TONKATSU PZ,Pan y Deli,2,2
SE-DEL250-14428,KITCHEN PLATILLO GYOZA DE CERDO PZ,Pan y Deli,10,10
SE-DEL250-14429,TOYO ONIGUIRI EXCLUSIVO,Pan y Deli,1,1
SE-DEL250-5613,TOYO PAN ARANDANO,Pan y Deli,48,43
SE-DEL250-5620,TOYO PAN DE CHOCOLATE,Pan y Deli,67,59
SE-DEL251-13747,IRO IRO TÉ VERDE INFUSIÓN [12 OZ],Pan y Deli,2,2
SE-DEL251-13748,IRO IRO TÉ NEGRO INFUSIÓN [12 OZ],Pan y Deli,2,2
SE-DEL251-13749,IRO IRO TÉ OOLONG INFUSIÓN [12 OZ],Pan y Deli,2,2
SE-DEL251-13750,IRO IRO HOJICHA INFUSIÓN [12 OZ],Pan y Deli,4,4
SE-DEL251-13751,IRO IRO JAZMÍN INFUSIÓN [12 OZ],Pan y Deli,5,5
SE-DEL251-13752,IRO IRO TÉ VERDE FRÍO [16 OZ],Pan y Deli,4,4
SE-DEL251-13753,IRO IRO TÉ NEGRO Frío [16 oz],Pan y Deli,2,2
SE-DEL251-13754,IRO IRO TÉ OOLONG Frío [16 oz],Pan y Deli,6,6
SE-DEL251-13756,IRO IRO JAZMÍN FRIO [16 OZ],Pan y Deli,6,6
SE-DEL251-13757,IRO IRO TÉ VERDE COLD BREW [16 OZ],Pan y Deli,8,8
SE-DEL251-13758,IRO IRO TÉ NEGRO COL BREW [16 oz],Pan y Deli,3,3
SE-DEL251-13759,IRO IRO TÉ OOLONG COLD BREW [16 oz],Pan y Deli,5,5
SE-DEL251-13760,IRO IRO HOJICHA COLD BREW [16 oz],Pan y Deli,7,7
SE-DEL251-13761,IRO IRO JAZMÍN COL BREW [16 oz],Pan y Deli,6,6
SE-DEL251-13762,IRO IRO MATCHA LATTE CALIENTE [12 oz],Pan y Deli,3,3
SE-DEL251-13763,IRO IRO TARO LATTE CALIENTE [12 oz],Pan y Deli,2,2
SE-DEL251-13765,IRO IRO MATCHA LATTE FRÍO [16 OZ],Pan y Deli,13,13
SE-DEL251-13766,IRO IRO TARO LATTE FRÍO [16 OZ],Pan y Deli,7,7
SE-DEL251-13768,IRO IRO MATCHA LATTE FRAPPE [16 OZ],Pan y Deli,4,4
SE-DEL251-13769,IRO IRO TARO LATTE FRAPPE [16 oz],Pan y Deli,6,6
SE-DEL251-13771,IRO IRO TÉ VERDE MILK TEA [16 OZ],Pan y Deli,4,4
SE-DEL251-13772,IRO IRO TÉ NEGRO MILK TEA [16 OZ],Pan y Deli,7,7
SE-DEL251-13773,IRO IRO TÉ OOLONG MILK TEA [16 OZ],Pan y Deli,8,8
SE-DEL251-13774,IRO IRO TÉ HOJICHA MILK TEA [16 OZ],Pan y Deli,6,6
SE-DEL251-13775,IRO IRO TÉ JAZMÍN MILK TEA [16 OZ],Pan y Deli,7,7
SE-DEL251-13908,IRO IRO MOCKTAIL OOLONG CITRICOS,Pan y Deli,6,6
SE-DEL251-13909,IRO IRO MOCKTAIL JAZMIN CITRICOS,Pan y Deli,3,3
SE-DEL251-14358,IRO IRO TÉ HOJICHA LATTE CALIENTE 12 OZ,Bebidas,1,1
SE-DEL251-14359,IRO IRO TÉ HOJICHA LATTE FRIO 16 OZ,Bebidas,1,1
SE-DEL251-14360,IRO IRO TÉ HOJICHA LATTE FRAPPE 16 OZ,Pan y Deli,2,2
SE-DEL251-3880,TOYO TE NEGRO SABOR DURAZNO S/L,Pan y Deli,10,10
SE-DEL251-3884,TOYO TE NEGRO SABOR FRESA S/L,Pan y Deli,10,10
SE-DEL251-3885,TOYO TE NEGRO SABOR FRESA SIN TAPIOCA,Pan y Deli,1,1
SE-DEL251-3888,TOYO TE NEGRO SABOR KIWI S/L,Pan y Deli,8,8
SE-DEL251-3892,TOYO TE NEGRO SABOR LYCHEE S/L,Pan y Deli,22,22
SE-DEL251-3893,TOYO TE NEGRO SABOR LYCHEE SIN TAPIOCA,Pan y Deli,1,1
SE-DEL251-3896,TOYO TE NEGRO SABOR MANGO S/L,Pan y Deli,14,14
SE-DEL251-3900,TOYO TE NEGRO SABOR MANZANA VERDE S/L,Pan y Deli,11,11
SE-DEL251-3901,TOYO TE NEGRO SABOR MANZANA VERDE SIN TAPIOCA,Pan y Deli,1,1
SE-DEL251-3904,TOYO TE NEGRO SABOR PIÑA S/L,Pan y Deli,6,6
SE-DEL251-3905,TOYO TE NEGRO SABOR PIÑA SIN TAPIOCA,Pan y Deli,2,2
SE-DEL251-3908,TOYO TE NEGRO SABOR PLATANO S/L,Pan y Deli,2,2
SE-DEL251-3912,TOYO TE NEGRO SABOR TARO S/L,Pan y Deli,32,30
SE-DEL251-3913,TOYO TE NEGRO SABOR TARO SIN TAPIOCA,Pan y Deli,1,1
SE-DEL251-3916,TOYO TE VERDE LATTE S/L,Pan y Deli,12,12
SE-DEL251-3917,TOYO TE VERDE LATTE SIN TAPIOCA,Pan y Deli,1,1
SE-DEL252-10134,TOYO PASTEL DE ROLLO GRANDE DE FLAN DECORADO 24 CM,Pan y Deli,2,2
SE-DEL252-10135,TOYO PASTEL DE ROLLO GRANDE DE MATCHA DECORADO 24 CM,Pan y Deli,1,1
SE-DEL252-10136,TOYO PASTEL DE ROLLO GRANDE DE FRESA DECORADO 24 CM,Pan y Deli,2,2
SE-DEL252-10137,TOYO PASTEL DE ROLLO GRANDE CHOCOLATE DECORADO 24 CM,Pan y Deli,1,1
SE-DEL252-10139,TOYO PASTEL DECORADO CHOCOLATE 15 CM,Pan y Deli,2,2
SE-DEL252-10140,TOYO PASTEL DECORADO CHOCOLATE 18 CM,Bebidas,1,1
SE-DEL252-10141,TOYO PASTEL DECORADO CHOCOLATE 21 CM,Pan y Deli,1,1
SE-DEL252-10142,TOYO PASTEL DE ROLLO GRANDE DE CREMA DECORADO 24 CM,Pan y Deli,1,1
SE-DEL252-11473,TOYO UZUMAKI DENISH PAN,Pan y Deli,152,136
SE-DEL252-11877,TOYO MELON PAN DE TEMPORADA,Pan y Deli,2,2
SE-DEL252-13197,TOYO MOCHI AN PAN,Pan y Deli,118,105
SE-DEL252-6093,TOYO MELON PAN FRESA,Pan y Deli,86,77
SE-DEL252-6194,TOYO MELON PAN CHOCO,Pan y Deli,52,48
SE-DEL252-7065,TOYO PAN DE CURRY,Pan y Deli,79,70
SE-DEL252-8359,TOYO PASTEL DECORADO 12 CM,Pan y Deli,2,2
SE-DEL252-8360,TOYO PASTEL DECORADO 15 CM,Pan y Deli,2,2
SE-DEL252-8361,TOYO PASTEL DECORADO 18 CM,Pan y Deli,1,1
SE-DEL252-8362,TOYO PASTEL DECORADO 21 CM,Pan y Deli,3,3
SE-DEL252-9054,TOYO PAN CON SALCHICHA,Pan y Deli,62,56
SE-DEL252-9057,TOYO PAN CON ELOTE Y MAYONESA,Pan y Deli,35,34
SE-DEL252-9058,TOYO PAN CON JAMON Y HUEVO,Pan y Deli,44,41
SE-DEL252-9633,TOYO PAN DE CREMA CUSTARD,Pan y Deli,42,38
SE-DEL252-9934,TOYO SANDWICH DE ATUN PZA,Pan y Deli,32,31
SE-DEL252-9935,TOYO SANDWICH DE HUEVO,Pan y Deli,30,29
SE-DEL252-9936,TOYO SANDWICH DE JAMON Y LECHUGA PZA,Pan y Deli,23,22
SE-DEL252-9937,TOYO SANDWICH DE JAMON EMPANIZADO PZA,Pan y Deli,32,30
SE-DEL252-9990,TOYO SANDWICH MIX HANA PZA,Pan y Deli,29,28
SE-DEL252-9991,TOYO SANDWICH MIX YUKI PZA,Pan y Deli,46,44
SE-DEL252-9993,TOYO SANDWICH MIX TSUKI PZA,Pan y Deli,33,32
SE-DEL299-14180,TOYO VASO CON HIELO 16 OZ.,Otros,2,2
SE-DEL299-14294,MELON PAN + MATCHA LATTE CALIENTE,Pan y Deli,1,1
SE-DEL299-14295,UZUMAKI DENISH PAN + KARUNA LATTE CALIENTE,Pan y Deli,2,2
SE-DEL299-14298,"ONIGIRI TRADICIONAL 5 PIEZAS SABORES: ATUN MAYO, SALMON, CURRY, VEGETARIANO, YAKI",Otros,1,1
SE-DEL299-14300,ANPAN KOSHI + TSUBUTÉ NEGRO MILK TEA,Pan y Deli,1,1
SE-DEL299-14301,PAN TOSTADO DE MIEL + TÉ OOLONG INFUSIÓN,Bebidas,2,2
SE-DEL299-3987,TOYO TE TAPIOCA ADICIONAL,Pan y Deli,5,5
SE-DEL307-14173,PAN 28 TAIYAKI CUSTARD 1 PZ,Pan y Deli,3,3
SE-DEL307-14174,PAN 28 TAIYAKI CHOCO CUSTARD 1 PZ,Pan y Deli,3,3
SE-DEL307-14175,PAN 28 TAIYAKI TSUBU AN 1 PZ,Pan y Deli,2,2
SE-DEL307-14176,PAN 28 TAIYAKI SHIRO AN 1 PZ,Pan y Deli,2,2
SE-DEL307-14177,PAN 28 TAIYAKI SAKURA AN 1 PZ,Pan y Deli,3,3
SE-DEL307-14179,PAN 28 TAIYAKI YAKIMO 1 PZ,Pan y Deli,3,3
SE-DGB155-11965,LEAMAXX TAPIOCA EXPLOSIVA CON JARABE SABOR FRESA 3.2KG,Dulces y Botanas,139,128
SE-DGB156-11966,LEAMAXX TAPIOCA EXPLOSIVA CON JARABE SABOR MANGO 3.2KG,Dulces y Botanas,120,109
SE-DGB157-11967,LEAMAXX TAPIOCA EXPLOSIVA CON JARABE SABOR LICHI 3.2KG,Dulces y Botanas,147,133
SE-DGB158-11968,LEAMAXX TAPIOCA EXPLOSIVA CON JARABE SABOR ARANDANO 3.2KG,Dulces y Botanas,96,89
SE-DGB159-11969,LEAMAXX TAPIOCA EXPLOSIVA CON JARABE SABOR DURAZNO 3.2KG,Dulces y Botanas,179,164
SE-DGB300-10935,OYATSU COMPANY BABY STAR RAMEN CHICKEN 36G,Dulces y Botanas,57,54
SE-DGB300-10936,OYATSU COMPANY DODEKAI RAMEN YAKISOBA SAUCE 67 G / 74 G,Dulces y Botanas,45,43
SE-DGB300-10938,OYATSU COMPANY SAKUMARO CURRY 52G,Dulces y Botanas,50,47
SE-DGB300-11080,BOURBON PIKKARA AMAKUCHI UMASHIO AJI 51 G,Dulces y Botanas,3,3
SE-DGB300-11632,OYATSU COMPANY BABY STAR RAMEN MARU CHICKEN 63 G,Dulces y Botanas,36,34
SE-DGB300-11633,OYATSU COMPANY RAMEN OTSUMAMI 6 PIEZAS/138 G,Dulces y Botanas,48,45
SE-DGB300-11634,OYATSU COMPANY DODEKAI UMAKARA SPICY CHICKEN 62 G,Dulces y Botanas,44,41
SE-DGB300-11635,OYATSU COMPANY SAKUMARO CHEESE 52 G,Dulces y Botanas,55,51
SE-DGB300-11775,BOURBON POTELKA SHIO AJI 90 G,Dulces y Botanas,50,48
SE-DGB300-12392,BOURBON MINI PAPAS SALADAS USUSHIO AJI 35 G,Dulces y Botanas,213,182
SE-DGB300-12394,BOURBON PETIT POTATO CONSOME 35 G,Dulces y Botanas,202,167
SE-DGB300-12518,BOURBON JAGA CHOCO 37 G,Dulces y Botanas,81,75
SE-DGB300-13075,ORION TURTLE CHIPS SEAWEED 160G,Dulces y Botanas,196,182
SE-DGB300-13076,ORION TURTLE CHIPS TRUFFLE 160G,Dulces y Botanas,183,171
SE-DGB300-13077,ORION TURTLE CHIPS SWEET CORN 80G,Dulces y Botanas,204,187
SE-DGB300-13078,ORION TURTLE CHOCO CHURRO 160G,Dulces y Botanas,194,174
SE-DGB300-13079,ORION TURTLE FLAMIN´LIME 160G,Dulces y Botanas,243,222
SE-DGB300-13080,ORION YEGAM ORIGINAL 64G,Dulces y Botanas,228,207
SE-DGB300-13081,ORION YEGAM CHEESE 64G,Dulces y Botanas,248,230
SE-DGB300-13082,ORION O GAMJA CHEESE 115G,Dulces y Botanas,164,154
SE-DGB300-13083,ORION O GAMJA CHILLI 115G,Dulces y Botanas,116,107
SE-DGB300-13084,ORION WANG KOREBOB 56G,Dulces y Botanas,134,124
SE-DGB300-13085,ORION PEANUT CRUNCH 80 G,Dulces y Botanas,131,119
SE-DGB300-13263,BOURBON PETIT AMAJO POWDER SEN 22 G,Dulces y Botanas,94,91
SE-DGB300-13496,BOURBON PETIT AMAJO SALADA SEN 21 G,Dulces y Botanas,61,56
SE-DGB300-13497,BOURBON PETIT KAMAN ALMOND OKAKI 23 G,Dulces y Botanas,62,60
SE-DGB300-13672,BOURBON MINI GALLETA DE ARROZ OKOGESEN 33 G,Dulces y Botanas,104,96
SE-DGB300-13675,BOURBON MINI PAPAS CON SABOR A CREMA ÁCIDA Y CEBOLLA 35 G,Dulces y Botanas,144,124
SE-DGB300-13676,BOURBON MINI GALLETA DE ARROZ FRITOS CON SOJA SUAVE 26 G,Dulces y Botanas,121,101
SE-DGB300-13903,ORION TURTLE CHIPS POLLO COREANO 160G,Dulces y Botanas,261,238
SE-DGB300-13904,ORION TURTLE CHIPS ELOTE MEXICANO 160G,Dulces y Botanas,210,188
SE-DGB300-13954,ORION TURTLE CHIPS SWEET CORN 160G,Dulces y Botanas,142,135
SE-DGB300-14306,BOURBON PIKKARA AMAKUCHI AMAKARA AJI 49 G,Dulces y Botanas,4,4
SE-DGB300-14344,OKINAWA CACAHUETES CON AZÚCAR MORENO 120 G,Otros,8,7
SE-DGB300-9469,OYATSU COMPANY BABY STAR DODEKAI RAMEN CHICKEN MINI 37 G,Dulces y Botanas,64,58
SE-DGB301-11181,UHA PUCHAO DULCE SABOR RAMUNE 12/10/50GR,Dulces y Botanas,74,67
SE-DGB301-11182,UHA PUCHAO DULCE SABOR UVA 12/10/50GR,Dulces y Botanas,80,75
SE-DGB302-0763,KASUGAI PEACH GUMI 107 G,Dulces y Botanas,107,101
SE-DGB302-10287,KANRO KENKO UME NODO AME 90 G,Dulces y Botanas,68,67
SE-DGB302-11065,KANRO HACHIMITSU LEMON C NODO AME 75 G,Dulces y Botanas,61,57
SE-DGB302-11373,FUJIYA LEMON SQUASH CANDY 72G,Dulces y Botanas,1,1
SE-DGB302-11463,CORIS KAZIRICCHO COLA Y SODA 1 PZA 14.5 G,Dulces y Botanas,59,57
SE-DGB302-11464,CORIS KAZIRICCHO SIDRA Y SODA 1 PZA 14.5 G,Dulces y Botanas,42,40
SE-DGB302-11465,CORIS KAZIRICCHO UVA Y SODA 1 PZA 14.5 G,Dulces y Botanas,41,41
SE-DGB302-12603,KASUGAI TSUBU GUMMY PREMIIUM UVA 75 G,Dulces y Botanas,107,99
SE-DGB302-12832,EITARO DULCE KINAKO Y LECHE 70 G,Dulces y Botanas,37,35
SE-DGB302-13086,ORION MY GUMMY GRAPE 66G,Dulces y Botanas,169,158
SE-DGB302-13088,ORION KING JELLY 67G,Dulces y Botanas,94,89
SE-DGB302-13385,FUJIYA LEMON SQUASH CANDY 51 G,Dulces y Botanas,48,46
SE-DGB302-13500,BOURBON CUBY ROP 100 G,Dulces y Botanas,102,99
SE-DGB302-13525,CORIS KORO CAN SODA 12 G,Dulces y Botanas,30,30
SE-DGB302-13558,AMOS PEELERZ LYCHEE 65 G,Dulces y Botanas,1638,1286
SE-DGB302-13559,AMOS PEELERZ LEMON 65 G,Dulces y Botanas,1650,1303
SE-DGB302-13560,AMOS PEELERZ MANZANA VERDE 65 G,Dulces y Botanas,1532,1230
SE-DGB302-13613,AMOS PEELERZ MARACUYA 65 G,Dulces y Botanas,95,93
SE-DGB302-13614,AMOS PEELERZ KIWI 65 G,Dulces y Botanas,2018,1541
SE-DGB302-13615,AMOS POPPPING CANDY UVA 16 G,Dulces y Botanas,678,610
SE-DGB302-13708,KANRO DULCE DE LECHE MATCHA LATTE 61 G,Dulces y Botanas,90,86
SE-DGB302-13731,MORINAGA CARAMELO DE MATCHA 58.8 G,Dulces y Botanas,72,66
SE-DGB302-13850,PINE PINE AME 110 G,Dulces y Botanas,65,57
SE-DGB302-13851,PINE AWADAMA 120 G,Dulces y Botanas,64,62
SE-DGB302-13955,AMOS PEELERZ PIÑA 65 G,Dulces y Botanas,1376,1148
SE-DGB302-13956,AMOS PEELERZ TULIPAN 65 G,Dulces y Botanas,500,454
SE-DGB302-13957,AMOS MUNDIAL 120 G,Dulces y Botanas,601,553
SE-DGB302-13958,AMOS PEELERZ PASCUA 65 G,Dulces y Botanas,510,455
SE-DGB302-14012,AMOS PEELERZ MARACUYA 65 G,Dulces y Botanas,1594,1281
SE-DGB302-14050,KASUGAI KUROAME 110 G,Dulces y Botanas,55,54
SE-DGB302-14166,AMOS PEELERZ SANDIA 65 G,Dulces y Botanas,1251,1082
SE-DGB302-14167,AMOS PEELERZ FRESA 65 G,Dulces y Botanas,1326,1117
SE-DGB302-14168,AMOS PEELERZ HELADO 65 G,Dulces y Botanas,976,870
SE-DGB302-14169,AMOS PEELERZ CONCHAS 65 G,Dulces y Botanas,867,772
SE-DGB302-14278,SAPPORO GOURMET FOODS CARAMELO DE MELON 72 G,Dulces y Botanas,17,16
SE-DGB302-14279,SAPPORO GOURMET FOODS CARAMELO DE MANTEQUILLA 72 G,Dulces y Botanas,16,16
SE-DGB302-14280,SAPPORO GOURMET FOODS CARAMELO DE LECHE 72 G,Dulces y Botanas,14,13
SE-DGB302-14281,SAPPORO GOURMET FOODS CARAMELO DE MELON PREMIUM 68 G,Dulces y Botanas,11,11
SE-DGB302-14282,SAPPORO GOURMET FOODS CARAMELO DE LECHE PREMIUM 68 G,Dulces y Botanas,10,10
SE-DGB302-14439,TOP. AMOS PEELERZ LYCHEE INCLUIDO,Dulces y Botanas,2,2
SE-DGB302-14441,TOP. AMOS PEELERZ KIWI INCLUIDO,Dulces y Botanas,4,4
SE-DGB302-14442,TOP. AMOS PEELERZ MARACUYA INCLUIDO,Dulces y Botanas,3,3
SE-DGB302-14444,TOP. AMOS PEELERZ PLATANO INCLUIDO,Dulces y Botanas,2,2
SE-DGB302-14445,TOP. AMOS PEELERZ MANGO INCLUIDO,Dulces y Botanas,3,3
SE-DGB302-14446,TOP. AMOS PEELERZ DURAZNO INCLUIDO,Dulces y Botanas,2,2
SE-DGB302-14447,TOP. AMOS PEELERZ NARANJA INCLUIDO,Dulces y Botanas,3,3
SE-DGB302-14449,TOP. GLICO POCKY ALMOND CRUSH INCLUIDO,Dulces y Botanas,3,3
SE-DGB302-14450,TOP. GLICO POCKY KOI FUKAMI MATCHA INCLUIDO,Dulces y Botanas,2,2
SE-DGB302-14451,TOP. GLICO POCKY CHOCOLATE JAPÓN INCLUIDO,Dulces y Botanas,2,2
SE-DGB302-14452,TOP. GLICO POCKY FRESA INCLUIDO,Dulces y Botanas,3,3
SE-DGB302-14453,TOP. GLICO POCKY COOKIES & CREAM INCLUIDO,Dulces y Botanas,4,4
SE-DGB302-14454,TOP. GLICO POCKY CHOCOLATE BANANA INCLUIDO,Dulces y Botanas,2,2
SE-DGB302-14455,TOP. EVERY BURGUER INCLUIDO,Dulces y Botanas,1,1
SE-DGB302-14456,TOP. HAITAI BUTTER RING CHOCOLATE INCLUIDO,Dulces y Botanas,1,1
SE-DGB302-14457,TOP. HAITAI FRENCH PIE FRESA INCLUIDO,Dulces y Botanas,1,1
SE-DGB302-14458,TOP. BOURBON LANGRACE INCLUIDO,Dulces y Botanas,2,2
SE-DGB302-14459,TOP. BOURBON ELISE LECHE DE HOKKAIDO INCLUIDO,Dulces y Botanas,3,3
SE-DGB302-14462,TOP. GLICO POCKY TSUBU TSUBU ICHIGO INCLUIDO,Dulces y Botanas,3,3
SE-DGB302-14464,TOP. KITKAT OTONA NO AMASA KOI MATCHA INCLUIDO,Dulces y Botanas,1,1
SE-DGB302-14465,TOP. KITKAT OTONA NO AMASA INCLUIDO,Dulces y Botanas,1,1
SE-DGB302-14469,TOP. KITKAT CHOCOLATE NARANJA INCLUIDO,Dulces y Botanas,1,1
SE-DGB302-14472,TOP. TIVOLI AKAI BOHSHI KUKKIA CHOCOLATE CON LECHE INCLUIDO,Dulces y Botanas,1,1
SE-DGB302-14474,TOP. TIVOLI AKAI BOHSHI KUKKIA GREEN TEA INCLUIDO,Dulces y Botanas,1,1
SE-DGB302-14475,TOP. TIVOLI AKAI BOHSHI KUKKIA FRESA INCLUIDO,Dulces y Botanas,1,1
SE-DGB302-14477,TOP. ORION FISH CAKE INCLUIDO,Dulces y Botanas,1,1
SE-DGB302-14478,TOP. TIVOLI AKAI BOHSHI PINK GALLETA VAINILLA ALMOND INCLUIDO,Dulces y Botanas,2,2
SE-DGB302-14481,TOP. TIVOLI AKAI BOHSHI PINK GALLETA CHOCO CRUNCH INCLUIDO,Dulces y Botanas,2,2
SE-DGB302-14485,TOP. TIVOLI AKAI BOHSHI PINK GALLETA CHOCO COOKIE INCLUIDO,Dulces y Botanas,1,1
SE-DGB302-14488,TOP. ORION BICHOBI CHOCOLATE INCLUIDO,Dulces y Botanas,2,2
SE-DGB302-14498,TOP. GLICO POCKY ALMOND CRUSH EXTRA,Dulces y Botanas,1,1
SE-DGB302-14499,TOP. GLICO POCKY KOI FUKAMI MATCHA EXTRA,Dulces y Botanas,1,1
SE-DGB302-14501,TOP. GLICO POCKY FRESA EXTRA,Dulces y Botanas,1,1
SE-DGB302-14502,TOP. GLICO POCKY COOKIES & CREAM EXTRA,Dulces y Botanas,1,1
SE-DGB302-14504,TOP. EVERY BURGUER EXTRA,Dulces y Botanas,1,1
SE-DGB302-14505,TOP. HAITAI BUTTER RING CHOCOLATE EXTRA,Dulces y Botanas,1,1
SE-DGB302-14506,TOP. HAITAI FRENCH PIE FRESA EXTRA,Dulces y Botanas,1,1
SE-DGB302-14511,TOP. GLICO POCKY TSUBU TSUBU ICHIGO EXTRA,Dulces y Botanas,2,2
SE-DGB302-14513,TOP. KITKAT OTONA NO AMASA KOI MATCHA EXTRA,Dulces y Botanas,2,2
SE-DGB302-14518,TOP. KITKAT CHOCOLATE NARANJA EXTRA,Dulces y Botanas,2,2
SE-DGB302-14521,TOP. TIVOLI AKAI BOHSHI KUKKIA CHOCOLATE CON LECHE EXTRA,Dulces y Botanas,1,1
SE-DGB302-14522,TOP. TIVOLI AKAI BOHSHI KUKKIA DARK CHOCOLATE EXTRA,Dulces y Botanas,1,1
SE-DGB302-14523,TOP. TIVOLI AKAI BOHSHI KUKKIA GREEN TEA EXTRA,Dulces y Botanas,2,2
SE-DGB302-14524,TOP. TIVOLI AKAI BOHSHI KUKKIA FRESA EXTRA,Dulces y Botanas,2,2
SE-DGB302-14526,TOP. ORION FISH CAKE EXTRA,Dulces y Botanas,2,2
SE-DGB302-14527,TOP. TIVOLI AKAI BOHSHI PINK GALLETA VAINILLA ALMOND EXTRA,Dulces y Botanas,1,1
SE-DGB302-14534,TOP. TIVOLI AKAI BOHSHI PINK GALLETA CHOCO COOKIE EXTRA,Dulces y Botanas,1,1
SE-DGB302-14535,TOP. TIVOLI AKAI BOHSHI PINK GALLETA LANGUE DE CHAT ROLL EXTRA,Dulces y Botanas,2,2
SE-DGB302-14537,TOP. ORION BICHOBI CHOCOLATE EXTRA,Dulces y Botanas,2,2
SE-DGB302-1977,TWIN RABBIT PLUM CANDY KEO XI MUOI 7OZ,Dulces y Botanas,2,2
SE-DGB302-8030,SINA DULCE DE JENGIBRE 125 G,Dulces y Botanas,34,33
SE-DGB303-0505,YUURAKUSEIKA BLACK THUNDER MINI BAR 139 G,Dulces y Botanas,73,70
SE-DGB303-11142,BOURBON MILLEFAS AVELLANA 106.2 G / 104.4 G,Dulces y Botanas,1,1
SE-DGB303-12389,BOURBON MINI CHOCOLATE BLANCO LANGUE DE CHAT 40 G,Dulces y Botanas,200,168
SE-DGB303-12390,BOURBON MINI CHOCOLATE LANGUE DE CHAT 40 G,Dulces y Botanas,116,105
SE-DGB303-12391,BOURBON MINI GALLETA SUAVE DULCE CHOCOLATE 47 G,Dulces y Botanas,1,1
SE-DGB303-12395,BOURBON PUCHI CHOCO CHIP 47 G,Dulces y Botanas,265,225
SE-DGB303-12846,GLICO POCKY PEPPERMINT 67G,Dulces y Botanas,150,140
SE-DGB303-13298,GLICO POCKY PACK COOKIES&CREAM 153G,Dulces y Botanas,318,279
SE-DGB303-13353,KITKAT MINI 11 P 127.6 G,Dulces y Botanas,121,116
SE-DGB303-13383,BOURBON MILLEFAS AVELLANA 87 G,Dulces y Botanas,38,36
SE-DGB303-13499,BOURBON CHOCO CHIP COOKIE 95 G,Dulces y Botanas,79,76
SE-DGB303-13501,BOURBON LANGRACE 81 G / 81.4 G,Dulces y Botanas,80,76
SE-DGB303-13664,KITKAT DOBLE FRUTOS ROJOS & NUECES 9 P 101.7 G,Dulces y Botanas,283,256
SE-DGB303-13665,KITKAT FRESA Y CHOCOLATE 9 P 104.4 G,Dulces y Botanas,257,238
SE-DGB303-13666,KITKAT CHOCOLATE NARANJA 9 P 104.4 G,Dulces y Botanas,191,180
SE-DGB303-13677,GLICO POCKY MATCHA CHOCOLATE DOBLE 52.2 G,Dulces y Botanas,347,315
SE-DGB303-13707,GLICO POCKY CHOCOLATE 88 G,Dulces y Botanas,294,266
SE-DGB303-13710,YURAKU BLACK THUNDER MATCHA 22 G,Dulces y Botanas,75,67
SE-DGB303-13858,GLICO POCKY CHOCOLATE JAPÓN 58 G,Dulces y Botanas,483,431
SE-DGB303-13859,GLICO POCKY GOKUBOSO 60 G,Dulces y Botanas,218,203
SE-DGB303-14062,BOURBON GALLETA INTEGRAL CHOCOLATE 16 P 92 G,Dulces y Botanas,92,84
SE-DGB303-14063,BOURBON ALFORT CHOCOLATE CON FRESA 136 G,Dulces y Botanas,63,59
SE-DGB303-14065,BOURBON MINI MILHOJAS CHOCOLATE CON FRESA 84 G,Dulces y Botanas,78,73
SE-DGB303-14066,BOURBON ALFORT MINI MATCHA 60 G,Dulces y Botanas,129,122
SE-DGB303-14141,GLICO POCKY LUNAR NEW YEAR 280G,Dulces y Botanas,18,17
SE-DGB303-14183,KITKAT MATCHA LATTE 9 P 114 G,Dulces y Botanas,183,168
SE-DGB303-3455,GLICO PÉJOY CHOCOLATE 56 G,Dulces y Botanas,15,15
SE-DGB304-11336,BOURBON PETIT SALTY BUTTER COOKIE 45 G,Dulces y Botanas,2,2
SE-DGB304-12105,TOHATO CARAMEL CORN 70 G,Dulces y Botanas,72,67
SE-DGB304-12813,BOURBON PETIT SALTY BUTTER COOKIE 42 G,Dulces y Botanas,136,121
SE-DGB304-13264,BOURBON PETIT CHEESE 38 G,Dulces y Botanas,143,129
SE-DGB304-13498,BOURBON BUTTER COOKIE 90 G,Dulces y Botanas,76,74
SE-DGB304-13670,BOURBON MINI SABLÉ DE CARAMELO 46 G,Dulces y Botanas,152,131
SE-DGB304-13671,BOURBON MINI GALLETAS DE CHOCOLATE Y HARINA INTEGRAL 46 G,Dulces y Botanas,161,144
SE-DGB304-13673,BOURBON MINI GALLETAS BLANDAS 47 G,Dulces y Botanas,177,156
SE-DGB304-13674,BOURBON MINI CRACKERS DE VAINILLA 38 G,Dulces y Botanas,191,165
SE-DGB304-13844,TIVOLI AKAI BOHSHI PINK 31 PCS,Dulces y Botanas,8,7
SE-DGB304-13845,TIVOLI AKAI BOHSHI BLUE 20 PCS,Dulces y Botanas,15,13
SE-DGB304-13846,TIVOLI AKAI BOHSHI PURPLE 17 PCS,Dulces y Botanas,13,13
SE-DGB304-13847,TIVOLI AKAI BOHSHI KUKKIA MATCHA 8 PCS,Dulces y Botanas,51,48
SE-DGB304-13848,TIVOLI AKAI BOHSHI KUKKIA 20 PCS,Dulces y Botanas,23,22
SE-DGB304-14067,BOURBON ROANNE FRESA 113.6 G,Dulces y Botanas,66,65
SE-DGB304-14068,BOURBON ELISE FRESA 115.2 G,Dulces y Botanas,67,65
SE-DGB304-14069,BOURBON PETIT MATCHA LANGUE DE CHAT 40 G,Dulces y Botanas,127,115
SE-DGB304-14152,BOURBON PETIT LANGUE DE CHAT DE FRESA 40 G,Dulces y Botanas,130,125
SE-DGB304-14307,BOURBON ROANNE MATCHA 113 G,Dulces y Botanas,21,21
SE-DGB304-9945,HAITAI FRENCH PIE FRESA 192G,Dulces y Botanas,132,122
SE-DGB304-9946,HAITAI FRENCH PIE MANZANA 192G,Dulces y Botanas,109,102
SE-DGB304-9947,HAITAI BUTTER RING CHOCOLATE 103G,Dulces y Botanas,111,100
SE-DGB305-10021,KAMEDA NORI PEA PACK 85 G,Dulces y Botanas,40,38
SE-DGB305-11334,BOURBON PETIT EBI 33 G,Dulces y Botanas,130,117
SE-DGB305-11376,KAMEDA KAKINOTANE 6P 180G,Dulces y Botanas,95,88
SE-DGB305-11377,KAMEDA KAKINOTANE WASABI 6P 164G,Dulces y Botanas,59,56
SE-DGB305-11379,KAMEDA TESHIOYA 8P,Dulces y Botanas,46,45
SE-DGB305-11383,SANKO ECHIGO TARUYAKI GOMA 86G,Dulces y Botanas,6,6
SE-DGB305-11384,SANKO ECHIGO TARUYAKI SHOYU 86G,Dulces y Botanas,6,6
SE-DGB305-11385,SANKO SANKO NO EBISEN 16P,Dulces y Botanas,8,8
SE-DGB305-11386,SANKO SANKO NO SALADASEN 16P,Dulces y Botanas,8,8
SE-DGB305-11387,SANKO TSUBUYORI KOMOCHI 80G,Dulces y Botanas,57,53
SE-DGB305-11388,SANKO YUKI NO YADO SALAD 10P,Dulces y Botanas,3,3
SE-DGB305-11553,SANKO ECHIGO TARUYAKIUMAMI SHIO 86 G,Dulces y Botanas,6,6
SE-DGB305-12000,SANKO MARUDAIZU SENBEI GALLETA SALADA 10 P 123.4 G,Dulces y Botanas,53,51
SE-DGB305-12197,MORIHAKU PAPA CON MANTEQUILLA ARARE 32 G,Dulces y Botanas,58,56
SE-DGB305-12198,MORIHAKU QUESO CURRY ARARE 32 G,Dulces y Botanas,48,47
SE-DGB305-12199,MORIHAKU ALGA CON WASABI ARARE 32 G,Dulces y Botanas,53,51
SE-DGB305-12800,TAIMATSU KAGAMI MOCHI 160 G,Dulces y Botanas,18,18
SE-DGB305-13384,MORIHAKU SOJA NEGRA ARARE 32 G,Dulces y Botanas,41,39
SE-DGB305-13650,GLICO COMECCO VENERA 26 G,Dulces y Botanas,35,31
SE-DGB305-13651,GLICO COMECCO WASABI Y ALGA 26 G,Dulces y Botanas,45,42
SE-DGB305-13678,GLICO PRETZ ENSALADA SABORSA 64 G,Dulces y Botanas,104,94
SE-DGB305-13679,GLICO PRETZ JITOMATE 53 G,Dulces y Botanas,126,113
SE-DGB305-13680,GLICO KARUJAGA PALITOS LIGEROS DE PAPA 41 G,Dulces y Botanas,87,81
SE-DGB305-13727,KAMEDA KOTSUBUKKO 100 G,Dulces y Botanas,75,67
SE-DGB305-13728,KAMEDA KAKINOTANE SABOR CIRUELA UME CON SHISO 6 BOLSAS 164 G,Dulces y Botanas,35,32
SE-DGB305-13729,KAMEDA KAKINOTANE SABOR A SAL 150 G,Dulces y Botanas,19,17
SE-DGB305-13730,KAMEDA ALGA MUGEN 58 G,Dulces y Botanas,47,45
SE-DGB305-13974,SANKO ECHIGO TARUYAKI GOMA 76 G,Dulces y Botanas,37,34
SE-DGB305-13975,SANKO ECHIGO TARUYAKI SHOYU 81 G,Dulces y Botanas,35,32
SE-DGB305-13976,SANKO ECHIGO TARUYAKIUMAMI SHIO 81 G,Dulces y Botanas,31,29
SE-DGB305-13977,SANKO GALLETA CAMARÓN 50 G,Dulces y Botanas,51,48
SE-DGB305-13978,SANKO GALLETA SALADA 55 G,Dulces y Botanas,47,42
SE-DGB305-13979,SANKO YUKI NO YADO RICH MILK 42 G,Dulces y Botanas,41,38
SE-DGB305-13980,YAMAEI NORI TEMPURA SNACK CIRUELA 70 G,Dulces y Botanas,64,59
SE-DGB305-13981,YAMAEI NORI TEMPURA SNACK MARISCOS 70 G,Dulces y Botanas,62,61
SE-DGB305-13982,YAMAEI NORI TEMPURA SNACK MENTAAIKO 63 G,Dulces y Botanas,67,65
SE-DGB305-13983,YAMAEI KAKIPI MINI PACKS 290 G,Dulces y Botanas,45,44
SE-DGB305-1575,KAMEDA KATABUTSU 160 G,Dulces y Botanas,27,26
SE-DGB305-1576,KAMEDA KATABUTSU UMASHIO 55 G,Dulces y Botanas,25,22
SE-DGB306-10634,AJI-JELLY POLVO PARA GELATINA DE PIÑA 350 G,Dulces y Botanas,20,18
SE-DGB306-10635,AJI-JELLY POLVO PARA GELATINA DE FRESA 350 G,Dulces y Botanas,22,19
SE-DGB306-10636,AJI-JELLY POLVO PARA GELATINA DE UVA 350 G,Dulces y Botanas,17,15
SE-DGB306-10637,AJI-JELLY POLVO PARA GELATINA DE LIMON 350 G,Dulces y Botanas,20,18
SE-DGB306-10638,AJI-JELLY POLVO PARA GELATINA DE NARANJA 350 G,Dulces y Botanas,21,19
SE-DGB306-11206,INASHOKUHIN INA AGAR 1 PZA 250 G,Dulces y Botanas,18,18
SE-DGB306-11207,INASHOKUHIN INA AGAR 1 PZA 500 G,Dulces y Botanas,42,40
SE-DGB306-13860,EITARO ANMITSU KUROMITSU 255 G,Dulces y Botanas,19,17
SE-DGB306-13861,EITARO ANMITSU MATCHA MITSU 255 G,Dulces y Botanas,13,11
SE-DGB306-13862,EITARO MITSUMAME KUROMITSU 225 G,Dulces y Botanas,20,20
SE-DGB306-13973,ORIHIRO GELATINA DE KONNYAKU UVA BLANCA Y NARANJA 12P 240 G,Dulces y Botanas,155,140
SE-DGB306-14081,AJI-JELLY POLVO PARA GELATINA SABOR PIÑA SIN AZUCAR 350 G,Dulces y Botanas,2,2
SE-DGB306-14082,AJI-JELLY POLVO PARA GELATINA SABOR FRESA SIN AZUCAR 350 G,Dulces y Botanas,1,1
SE-DGB306-14083,AJI-JELLY POLVO PARA GELATINA SABOR UVA SIN AZUCAR 350 G,Dulces y Botanas,1,1
SE-DGB306-14084,AJI-JELLY POLVO PARA GELATINA SABOR LIMON SIN AZUCAR 350 G,Dulces y Botanas,2,2
SE-DGB306-14085,AJI-JELLY POLVO PARA GELATINA SABOR NARANJA SIN AZUCAR 350 G,Dulces y Botanas,3,3
SE-DGB306-1559,SK FRUITS JELLY LYCHEE FLAVOUR 2PZ 400 G,Dulces y Botanas,1,1
SE-DGB306-1561,SK FRUITS JELLY ORANGE FLAVOUR 2 PZ 400G,Dulces y Botanas,12,12
SE-DGB307-14342,OKINAWA PAN UTILIZADO EN LA COCINA 3X1,Otros,1,1
SE-DGB308-12447,HONMA PASTEL RELLENO DE FRIJOL DULCE KOSHIAN 65 G,Dulces y Botanas,78,73
SE-DGB308-12448,HONMA PASTEL RELLENO DE FRIJOL DULCE CON CALABAZA 65 G,Dulces y Botanas,83,76
SE-DGB308-12449,HONMA PASTEL RELLENO DE FRIJOL DULCE CON AZÚCAR MORENA 65 G,Dulces y Botanas,83,78
SE-DGB308-12450,HONMA PASTEL RELLENO DE FRIJOL DULCE CON SÉSAMO NEGRO 65 G,Dulces y Botanas,78,74
SE-DGB308-12451,HONMA PASTEL RELLENO DE FRIJOL DULCE CON MATCHA 65 G,Dulces y Botanas,82,79
SE-DGB308-12452,HAITAI OHYES COOKIES AND CREAM 360G,Dulces y Botanas,398,349
SE-DGB309-13089,ORION FISH CAKE 232G,Dulces y Botanas,405,360
SE-DGB309-13905,ORION CHOCO PIE BANANA 444G,Dulces y Botanas,337,294
SE-DGB309-13906,ORION FISH CAKE CUSTAR MOCHI 360G,Dulces y Botanas,306,276
SE-DGB309-13907,ORION BICHOBI CHOCOLATE 125G,Dulces y Botanas,115,105
SE-DGB313-12718,KUZE FUKU MERMELADA DE FRESA 312 G,Dulces y Botanas,11,10
SE-DGB313-12719,KUZE FUKU MERMELADA DE ARÁNDANO 312 G,Dulces y Botanas,2,2
SE-DGB313-12720,KUZE FUKU MERMELADA DE CEREZA 312 G,Dulces y Botanas,11,10
SE-DGB313-12721,KUZE FUKU MERMELADA DE MANZANA 283 G,Dulces y Botanas,7,7
SE-DGB313-14335,OKINAWA CREMA DE AZÚCAR MORENO Y AJONJOLÍ NEGRO 190 G,Otros,3,3
SE-DGB349-11604,HSU FU CHI BLUEBERRY CAKE 184 G,Dulces y Botanas,1,1
SE-DGB349-12969,EITARO YOKAN 3 PIEZAS 99 G,Otros,4,4
SE-DGB349-7086,AZUMA MASAGO ARARE 300 G,Dulces y Botanas,49,46
SE-FVL357-13547,KOUSYO BENISHOUGA JENGIBRE 1 KG,Frescos,101,89
SE-FVL357-13548,KOUSYO BENISHOUGA JENGIBRE 120 G,Frescos,88,81
SE-FVL358-0805,KIKURAGE HONGO NEGRO EN TIRAS 5 LBS.,Frescos,2,2
SE-FVL358-10122,JIERMU SHITAKE ENTERO 5 LBS,Frescos,62,59
SE-FVL358-12070,CATHAY KITCHEN SHITAKE MUSHROOM WHOLE (S) 3OZ,Frescos,282,259
SE-FVL358-14293,MUTUAL KIKURAGE REBANADO 1 KG,Frescos,2,2
SE-FVL358-14345,CATHAY KIKURAGE ENTERO 71 G,Frescos,5,5
SE-FVL358-1548,SHITAKE REBANADO 5 LBS,Frescos,50,47
SE-FVL359-0102,JACK POT CASTAÑA DE AGUA CUADROS 3 KG,Frescos,1,1
SE-FVL359-0647,JACK POT WATER CHESTNUTS SLICE 6LB,Frescos,51,44
SE-FVL359-9759,CATHAY KITCHEN BAMBU REBANADO 2.95 KG,Frescos,1,1
SE-FVL398-12609,KOUSYO SHISO UME 250 G,Frescos,48,47
SE-FVL398-12610,KOUSYO HACHIMITSU UME 250 G,Frescos,31,30
SE-FVL398-12611,KOUSYO KATSUO UME 250 G,Frescos,38,36
SE-FVL398-12612,KOUSYO SHISO UME 1 KG,Frescos,18,17
SE-FVL398-12613,KOUSYO HACHIMITSU UME 1 KG,Frescos,16,15
SE-FVL398-12614,KOUSYO KATSUO UME 1 KG,Frescos,17,16
SE-FVL399-0151,YANG JIANG FRIJOL NEGRO SALADO C/JENGIBRE 454 G,Frescos,21,19
SE-HYE400-12086,HINOKUNI JYOSHINKO 150 G,Harinas,12,12
SE-HYE400-12088,HINOKUNI SHIRATAMAKO 130 G,Harinas,24,22
SE-HYE401-14302,NIPPN KR FRIED CHICKEN MIX 10 KG,Harinas,5,5
SE-HYE401-14303,NIPPN JAPANESE STYLE FRIED CHICKEN MIX 10 KG,Harinas,5,5
SE-HYE401-5377,NCI HARINA DE TRIGO PARA FIDEO 22.6 KG,Harinas,6,5
SE-HYE402-1731,SM TEMPURA BATTER MIX CRISPY STYLE 25LBS,Harinas,36,31
SE-HYE403-0058,BIMBO PAN MOLIDO 5 KGR.,Harinas,1,1
SE-HYE403-11835,SM EMPANIZADOR MOLINO FINO 10 KG,Harinas,1,1
SE-HYE403-14157,KERRY PANKO 15.876 KG,Harinas,181,148
SE-HYE403-2286,TOYO PANKO-BREAD CRUMB MOLIDO FINO 11.3 KG,Harinas,36,35
SE-HYE449-10600,YAMAHIDE TENKASU 60 G,Harinas,65,61
SE-HYE449-10601,YAMAHIDE IKA TENKASU 60 G,Harinas,50,46
SE-HYE449-10602,YAMAHIDE EBIIRI TENKASU 60 G,Harinas,44,39
SE-HYE449-10990,HINOKUNI KATAKURIKO 1 KG,Harinas,250,224
SE-HYE449-12001,HIGASHIMARU SOBAKO 1 KG,Harinas,1,1
SE-HYE449-12087,HINOKUNI YOSHINO KUZU 100 G,Harinas,16,15
SE-HYE449-12098,HINOKUNI KINAKO 100 G,Harinas,59,56
SE-HYE449-12110,ODANI HARINA DE SOYA CON GRANOS 200 G,Harinas,23,23
SE-HYE449-12519,SHIMEICHI KATAKURIKO 200 G,Harinas,106,97
SE-HYE449-13123,YAMACHAN KANSUI POWDER 9.97 KG,Harinas,1,1
SE-HYE449-13174,TOYO HARINA DE TAPIOCA 800G,Harinas,33,33
SE-HYE449-13972,RED LANTERN FÉCULA DE TRIGO 454 GR,Harinas,1,1
SE-HYE449-14336,OKINAWA MEZCLA PARA BUÑUELOS DE OKINAWA 500 G,Otros,3,3
SE-HYE449-14337,OKINAWA HARINA PARA CREPAS DE AZÚCAR MORENO ESTILO 350 G,Harinas,4,4
SE-HYE449-14420,OTAFUKU HARINA OKONOMIYAKI 450 G,Harinas,2,2
SE-HYE449-4762,NAGATANIEN GYOMUYO TSUBU ARARE 300 G,Harinas,151,129
SE-HYE449-5497,NISSIN SEIFUN TAKOYAKI KO 1 KG,Harinas,50,43
SE-HYE449-7736,SING KUNG BOT BAUNH BAO STEAMED BUNS FLOUR 454G,Harinas,13,13
SE-HYE449-8515,ERAWAN HARINA DE TAPIOCA 22.68 KG,Harinas,3,3
SE-PAN902-13511,TOYO PAN DE TARO,Pan,168,153
SE-PDM450-10467,KURAKON ENSALADA ALGA 40 G,Pescados y Mariscos,26,24
SE-PDM450-12102,TAKAOKAYA MIYABI TOKKYU NORI 50 HJS,Pescados y Mariscos,12,12
SE-PDM450-12140,HAMAOTOME INGREDIENTES DE SOPA DE MISO 50 G,Pescados y Mariscos,32,30
SE-PDM450-12509,KURAKON OSHABURI KONBU UME 9 G,Pescados y Mariscos,28,26
SE-PDM450-12560,KURAKON SHIO KONBU DAI 47 G,Pescados y Mariscos,60,56
SE-PDM450-12561,KURAKON TORORO KOMBU 23 G,Pescados y Mariscos,35,35
SE-PDM450-12602,OMORIYA OKAZU NORI 6 PAQUETES,Pescados y Mariscos,30,29
SE-PDM450-13035,TOYO NORI HANE ESPECIAL 100 HJS,Pescados y Mariscos,191,173
SE-PDM450-13259,TAKAOKAYA NORI CORTADA EN 6 (600),Pescados y Mariscos,4,4
SE-PDM450-13331,TAKAOKAYA NORI MIYABI CORTE-MITAD 100 HOJAS,Pescados y Mariscos,3,3
SE-PDM450-13357,KURAKON SHIO KOMBU SAKE 14 G,Pescados y Mariscos,20,20
SE-PDM450-13358,KURAKON SHIO KOMBU UME 16 G,Pescados y Mariscos,16,16
SE-PDM450-13668,TETSUJIN DASHI KOMBU DRIED 1KG,Pescados y Mariscos,293,260
SE-PDM450-14560,TAKAOKAYA MIYABI TOKUSEN HALF 100 HOJAS,Pescados y Mariscos,4,4
SE-PDM450-1916,TOYO NORI HANE CORTE MITAD 200 HJS,Pescados y Mariscos,103,92
SE-PDM450-2035,WP DASHI KOMBU 998 G,Pescados y Mariscos,22,21
SE-PDM450-2811,TAKAOKAYA NORI FILM FOR ONIGIRI 100PC,Pescados y Mariscos,7,6
SE-PDM450-2812,TAKAOKAYA NORI TEMAKI FILM 100 PC,Pescados y Mariscos,1,1
SE-PDM450-2902,TOYO NORI HANE ESPECIAL 100 HJS C/40 PQ,Pescados y Mariscos,64,53
SE-PDM450-5350,TETSUJIN DASHI KOMBU DRIED 2.26 KG,Pescados y Mariscos,87,81
SE-PDM450-8631,TAKAOKAYA KOYABURE NORI 100 HJS C/40 PQ,Pescados y Mariscos,2,2
SE-PDM450-8648,TAKAOKAYA AOSA KO 100G (AONORI),Pescados y Mariscos,217,185
SE-PDM453-10345,TAKAOKAYA MIYABI NORI 20 HJS,Pescados y Mariscos,42,40
SE-PDM455-14070,MARUHA NICHIRO LATA DE SABA EN AGUA 150 G,Pescados y Mariscos,33,32
SE-PDM455-14071,MARUHA NICHIRO LATA DE SABA MISONI 150 G,Pescados y Mariscos,40,37
SE-PDM455-14072,MARUHA NICHIRO LATA DE SABA SHIOYAKI 75 G,Pescados y Mariscos,42,37
SE-PDM455-14073,MARUHA NICHIRO LATA DE IWASHI EN AGUA 150 G,Pescados y Mariscos,24,22
SE-PDM455-14074,MARUHA NICHIRO LATA DE IWASHI MISONI 100 G,Pescados y Mariscos,48,43
SE-PDM455-14075,MARUHA NICHIRO LATA DE AJI NANBANZUKE 100 G,Pescados y Mariscos,44,39
SE-PDM455-14076,MARUHA NICHIRO LATA DE SANMA KABAYAKI 100 G,Pescados y Mariscos,34,32
SE-PDM455-14077,MARUHA NICHIRO LATA DE SANMA EN AGUA 150 G,Pescados y Mariscos,16,15
SE-PDM457-11393,YAMAKI HANA KATSUO 80 G,Pescados y Mariscos,253,230
SE-PDM457-13010,YAMAKI HOJUELAS DE PESCADO BONITO SECO 20 PAQ 40 G,Pescados y Mariscos,111,101
SE-PDM457-13011,YAMAKI HOJUELAS DE PESCADO BONITO SECO 4 PAQ 8 G,Pescados y Mariscos,181,163
SE-PDM499-14078,MARUYA SUISAN KANI MISO 65 G,Pescados y Mariscos,18,18
SE-PDM499-6040,HACHIYO SUISAN HOJUELAS DE SALMÓN 110 G,Pescados y Mariscos,39,35
SE-PPA920-13595,INABA CHURU ALIMENTO DE ATÚN PARA GATO 56 G,Mascotas,45,41
SE-PPA920-13596,INABA CHURU ALIMENTO DE ATÚN CON VIERA PARA GATO 56 G,Mascotas,42,39
SE-PPA920-13597,INABA CHURU ALIMENTO DE ATÚN CON SALMÓN PARA GATO 56 G,Mascotas,63,58
SE-PPA920-13598,INABA CHURU ALIMENTO DE ATÚN CON CAMARÓN PARA GATO 56 G,Mascotas,52,51
SE-PPA920-13599,INABA CHURU ALIMENTO DE ATÚN CON SABOR A ALMEJA PARA GATO 56 G,Mascotas,52,48
SE-PPA920-13600,INABA CHURU ALIMENTO CON SABOR A CANGREJO PARA GATO 56 G,Mascotas,47,45
SE-SAL500-0074,BULL HEAD BBQ SAUCE 26OZ,Salsas,7,7
SE-SAL500-0842,KOON CHUN GROUND BEAN SAUCE 5LB,Salsas,61,50
SE-SAL500-0858,TOYO SALSA DE OSTION 1 L,Salsas,13,13
SE-SAL500-0899,LKK PANDA LETTUCE WRAP 227 G,Salsas,4,4
SE-SAL500-13618,LAO GAN MA SALSA PICANTE CON FRIJOL 280G,Salsas,3,3
SE-SAL500-13624,CHUAN NAN SALSA DE RES CON SETAS 210G,Salsas,1,1
SE-SAL501-0218,JB KOREAN BARBECUE SAUCE 432 G,Salsas,14,14
SE-SAL501-12985,ASSI KOCHIJAN PARA BIMBAP 350 G N,Salsas,11,11
SE-SAL501-14416,OTAFUKU SALSA BBQ KOREANA 2.43 KG,Salsas,1,1
SE-SAL502-12821,KAMADA DASHI SALSA DE SOYA 200 ML,Salsas,34,34
SE-SAL502-12823,KAMADA PICANTE DASHI SALSA DE SOYA 200 ML,Salsas,15,15
SE-SAL502-13053,FUNDOKIN SALSA DE SOYA GOLDEN MURASAKI 720 ML,Salsas,37,36
SE-SAL502-13054,FUNDOKIN SALSA DE SOYA DULCE 200 ML,Salsas,31,29
SE-SAL502-13452,SHIBANUMA SALSA DE SOYA SHIHOU NO SHUZUKU 300 ML,Salsas,38,36
SE-SAL502-13628,SM SALSA DE SOYA 20 LTS,Salsas,6,6
SE-SAL502-14283,YAMAKAWA SALSA DE SOYA DENSHO TAMARI MINO 500 G,Salsas,3,3
SE-SAL502-14284,YAMAKAWA SALSA DE SOYA DENSHO TAMARI MINO 300 G,Salsas,4,4
SE-SAL502-14285,YAMAKAWA SALSA DE SOYA CON SANSHO EN POLVO 20 G,Salsas,5,5
SE-SAL502-1940,TOYO SALSA DE SOYA IMPORTADO 1 L,Salsas,4,2
SE-SAL502-2083,YAMASA SOY SAUCE TAMBO ETIQ. AMARILLA 208 LTRS.,Salsas,2,2
SE-SAL502-2307,SOYA CERV SALSA DE SOYA 20 LTS.,Salsas,4,2
SE-SAL502-6347,YAMASHIN SHIRO SHOYU 1.8 L,Salsas,3,3
SE-SAL502-7159,YAMASA SALSA DE SOYA MENOS SAL 459 ML,Salsas,1,1
SE-SAL502-7243,SEKIGAHARA SALSA DE SOYA TAMARI 1.8 L,Salsas,10,10
SE-SAL502-9834,JOKYU SALSA DE SOYA 18 L,Salsas,1,1
SE-SAL502-9865,YAMASA SALSA DE SOYA REGULAR 3.79 L,Salsas,9,9
SE-SAL503-0711,KAGOME TONKATSU SAUCE 1.8 L,Salsas,2,2
SE-SAL503-10131,MIZKAN GOMA DARE 250 ML,Salsas,34,33
SE-SAL503-10132,MIZKAN GOMA DARE MENOS CALORIAS 250 ML,Salsas,29,28
SE-SAL503-12085,MOMOYA YASAI NI OISHII NINNIKU MISO 100 G,Salsas,7,7
SE-SAL503-12112,IKARI WORCESTER SAUCE 300 ML,Salsas,63,50
SE-SAL503-12113,IKARI CHUNO SAUCE 300 ML,Salsas,67,60
SE-SAL503-12114,IKARI TONKATSU SAUCE 300 ML,Salsas,151,134
SE-SAL503-12115,IKARI WORCESTER SAUCE 1.8 L,Salsas,7,7
SE-SAL503-12117,IKARI TONKATSU SAUCE 1.8 L,Salsas,349,281
SE-SAL503-12142,IKARI TAKOYAKI SAUCE 2.1 KG,Salsas,82,65
SE-SAL503-12143,IKARI OKONOMI SAUCE 300 G,Salsas,121,105
SE-SAL503-12144,IKARI YAKISOBA SAUCE 300 G,Salsas,105,94
SE-SAL503-12520,IKARI TAKOYAKI SAUCE 300 G,Salsas,120,113
SE-SAL503-13188,SOMI MOMIJI OROSHI PONZU 550 G,Salsas,29,28
SE-SAL503-13415,SHIBANUMA PONZU YUZU KATSUO 1.8 L,Salsas,2,2
SE-SAL503-13451,SHIBANUMA PONZU YUZU KATSUO 300 ML,Salsas,34,31
SE-SAL503-13586,OTAFUKU TONKATSU SAUCE 2.2 L,Salsas,43,40
SE-SAL503-14422,OTAFUKU SALSA OKONOMI 500 G,Salsas,8,8
SE-SAL503-2270,OTAJOY OKONOMI SAUCE 2.23 KG,Salsas,58,49
SE-SAL503-2271,OTAJOY YAKISOBA SAUCE 2.31KG.,Salsas,213,166
SE-SAL503-2908,KIKKOMAN TERIYAKI SALSA PARA MARINAR 3.8 L,Salsas,3,3
SE-SAL503-3657,KIKKOMAN SALSA DE ANGUILA 2.4 KG,Salsas,70,64
SE-SAL504-10415,TCC CONCENTRADO DE COCO TETRAPACK 1 L,Salsas,77,67
SE-SAL504-11628,FLYING GOOSE SALSA DE CHILE Y AJO 3.450 L,Salsas,10,10
SE-SAL504-11630,FLYING GOOSE SALSA DE CHILE Y AJO 510 G,Salsas,2,2
SE-SAL504-11899,MISHIMA SALSA DE CHILE Y AJO 115 G,Salsas,64,58
SE-SAL504-11901,MISHIMA SALSA DE CHILE Y AJO EXTRA PICANTE 115G,Salsas,25,24
SE-SAL504-13301,AROY CONCENTRADO DE COCO 400 ML,Salsas,106,100
SE-SAL504-4640,HEALTHY BOY SALSA DE SOYA THIN THAILANDESA 700 ML,Salsas,8,8
SE-SAL505-2008,HFF SALSA VIETNAMITA 3.855 KG,Salsas,124,109
SE-SAL549-0560,NIPPN OHMY KOI AERU GARLIC TOMATO 80 G,Salsas,35,32
SE-SAL549-0860,LA DUEÑA SALSA DE CHABACANO 2.750 KG.,Salsas,3,1
SE-SAL549-0861,LA DUEÑA SALSA MONGOLIAN 2.750 KG,Salsas,2,1
SE-SAL549-10292,MARUMIYA MABO HAKUSAI NO MOTO 130 G,Salsas,33,31
SE-SAL549-10988,NISSIN FOODS AERUDAKE SALSA PARA PASTA KARASHI MENTAIKO NAMA FUMI 48.8 G,Salsas,26,24
SE-SAL549-11091,NISSIN FOODS AERUDAKE SALSA PARA PASTA UMAKARA PEPERONCINO 47.2 G,Salsas,22,21
SE-SAL549-11131,NISSIN FOODS AERUDAKE KINOKO NOZAWANA NINNIKU 60.8 G,Salsas,20,17
SE-SAL549-11611,FLYING GOOSE SALSA SRIRACHA 455 ML,Salsas,151,146
SE-SAL549-11778,NIPPN OHMY KOI CARBONARA 260 G,Salsas,27,26
SE-SAL549-13485,GYUKAKU SALSA DE AJO 1 KG,Salsas,2,2
SE-SAL549-13494,GYUKAKU SALSA DE SOYA DULCE 2 KG,Salsas,1,1
SE-SAL549-13735,ABECHO SHOUTEN SALSA DE PASTA CABALLA Y POMODORO 120 G,Salsas,25,24
SE-SAL549-13736,ABECHO SHOUTEN SALSA DE PASTA SARDINA Y PEPERONCINO 110 G,Salsas,25,24
SE-SAL549-13737,ABECHO SHOUTEN SALSA DE PASTA CABALLA Y AJO CON MANTEQUILLA 110 G,Salsas,26,25
SE-SAL549-13738,ABECHO SHOUTEN SALSA DE PASTA SARDINA Y LIMÓN CON SAL 120 G,Salsas,20,20
SE-SAL549-14045,DAISHO SALSA YUZU PONZU 240 G,Salsas,18,17
SE-SAL549-14096,MR. YOSHIDA'S SALSA ORIGINAL 23OZ,Salsas,29,28
SE-SAL549-14097,MR. YOSHIDA'S SALSA ORIGINAL 86OZ,Salsas,5,5
SE-SAL549-14246,SOMI HACONESE CARBONARA 105 G,Salsas,7,7
SE-SAL549-14277,SOMI HACONESE GARLIC TOMATO 110 G,Salsas,7,7
SE-SAL549-7251,DACHENG BARBECUE SAUCE 2.8 KG,Otros,1,1
SE-SAL549-8063,OTAFUKU SUSHI SAUCE 2.34 KG,Salsas,3,3
SE-SAL549-9762,ZAFRAN SALSA ORIGINAL 3.75 L,Salsas,2,1
SE-SAL549-9763,ZAFRAN SALSA MANGO HABANERO 2.3 KG,Salsas,2,2
SE-SAL549-9765,ZAFRAN SALSA BBQ 4.2 KG,Salsas,2,2
SE-SFP600-1358,Q-Y FIDEO CHINO GRUESO (WIDE) 2.27 KG,Fideos y Pastas,3,1
SE-SFP600-1360,Q-Y FIDEO CHINO REGULAR 2.27 KG,Fideos y Pastas,6,6
SE-SFP600-8272,CATHAY KITCHEN CHUKA SOBA 170 G,Fideos y Pastas,54,53
SE-SFP601-10126,CATHAY TALLARIN DE ARROZ 5 MM 400 G,Fideos y Pastas,12,12
SE-SFP601-10127,CATHAY TALLARIN DE ARROZ 3 MM 400 G,Fideos y Pastas,134,124
SE-SFP601-13623,SM TALLARINES 400G,Fideos y Pastas,2,2
SE-SFP601-1807,DOUBLE HORSES TALLARIN DE ARROZ 3 MM 400 G,Fideos y Pastas,3,3
SE-SFP602-11212,ISHIMARU SEIMEN KANZUKURI SOMEN 400G,Fideos y Pastas,78,74
SE-SFP602-13399,NARAYA NIHACHINO TACHISOBA 200 G,Fideos y Pastas,37,36
SE-SFP602-13400,NARAYA TACHISOBA 200 G,Fideos y Pastas,46,45
SE-SFP602-13401,NARAYA HIKITATE NIHACHI 200 G,Fideos y Pastas,38,36
SE-SFP602-13402,NARAYA OKUAIZU YAMAIMO SOBA 200 G,Fideos y Pastas,38,37
SE-SFP602-13403,NARAYA SAKURA SOMEN 200 G,Fideos y Pastas,43,41
SE-SFP602-13732,NISSIN SEIFUN TAKIZAWA SARASHINA SOBA 200 G,Fideos y Pastas,3,2
SE-SFP603-10657,MIYAKO UDON 25 LB,Fideos y Pastas,25,22
SE-SFP603-11064,PEKING DRY NOODLE 11.34 KG,Fideos y Pastas,10,9
SE-SFP603-11209,ISHIMARU SEIMEN SANUKI UDON 500 G,Fideos y Pastas,85,81
SE-SFP603-11210,ISHIMARU SEIMEN HOUJUN SANUKI UDON 400 G,Fideos y Pastas,62,60
SE-SFP603-11211,ISHIMARU SEIMEN SANUKI UDON BARA 500 G,Fideos y Pastas,64,61
SE-SFP603-11213,ISHIMARU SEIMEN HYAKUNEN NO WAZA SANUKI UDON 300 G,Fideos y Pastas,41,39
SE-SFP603-11214,ISHIMARU SEIMEN SANUKI CHA UDON 200 G,Fideos y Pastas,8,8
SE-SFP603-13397,MIYAKOICHI KK YUDE UDON 5 P 1 KG,Fideos y Pastas,199,176
SE-SFP603-13544,PALDO LOBSTER RAMEN 120G,Fideos y Pastas,243,216
SE-SFP603-9594,ITSUKI INAKA UDON-NOODLE 200 GRS,Fideos y Pastas,42,40
SE-SFP606-10072,DAISHO SOPA MOYASHI TANTAN NABE 750 G,Fideos y Pastas,8,8
SE-SFP606-10073,DAISHO SOPA TORI DASHI SALSA DE SOYA 750 G,Fideos y Pastas,22,20
SE-SFP606-10315,MARUCHAN MAME COLORFUL PACK 4 PZAS 172 G N,Fideos y Pastas,40,36
SE-SFP606-10773,SANYO SAPPORO ICHIBAN JAPÓN SHOYU 100G,Fideos y Pastas,81,76
SE-SFP606-10774,SANYO SAPPORO ICHIBAN JAPÓN MISO 100G,Fideos y Pastas,71,66
SE-SFP606-10775,SANYO SAPPORO ICHIBAN JAPÓN SAL 100G,Fideos y Pastas,73,69
SE-SFP606-10782,SANYO SAPPORO ICHIBAN CUP SHIO 75 G,Fideos y Pastas,30,28
SE-SFP606-10987,MARUCHAN MENDUKURI SHOYU TONKOTSU 91 G,Fideos y Pastas,49,45
SE-SFP606-11067,NAGATANIEN ASAGE 8 P 67.2 G / 84 G,Fideos y Pastas,54,53
SE-SFP606-11068,NAGATANIEN YUUGE 8 P 66.4G / 83 G,Fideos y Pastas,32,32
SE-SFP606-11088,SAMYANG RAMEN HOT CHICKEN 5 CARBO Y 5 CHICKEN CHEESE PAQUETE 10 PZAS,Fideos y Pastas,1,1
SE-SFP606-11351,DAISHO XIANG LA NABE SOUP 750 G,Fideos y Pastas,35,32
SE-SFP606-11352,DAISHO VARIETY SOUP HARUSAME 164.8 G,Fideos y Pastas,24,23
SE-SFP606-11353,DAISHO KAIDASHI NABE SOUP 750 G,Fideos y Pastas,35,32
SE-SFP606-11354,DAISHO MISO CHANKONABE SOUP 750 G,Fideos y Pastas,25,25
SE-SFP606-11355,DAISHO IPPUDO VEGGIE TONKOTSUNABE SOUP 750 G,Fideos y Pastas,16,15
SE-SFP606-11356,DAISHO KANIDASHI MISONABE SOUP 750 G,Fideos y Pastas,32,30
SE-SFP606-11357,MARUCHAN ORENO SHIO 109 G,Fideos y Pastas,60,55
SE-SFP606-11730,SANYO SAPPORO ICHIBAN CUP STAR MISO 78G,Fideos y Pastas,41,39
SE-SFP606-11731,SANYO SAPPORO ICHIBAN CUP STAR UMASHIO 75G,Fideos y Pastas,40,39
SE-SFP606-11733,SANYO SAPPORO ICHIBAN CUP STAR SHOYU 71 G,Fideos y Pastas,32,31
SE-SFP606-11734,SANYO SAPPORO ICHIBAN CUP STAR TONKOTSU 75 G,Fideos y Pastas,41,39
SE-SFP606-11847,MARUCHAN MENDUKURI TANTAN MEN 110 G / 116 G,Fideos y Pastas,67,63
SE-SFP606-11852,SAMYANG HOT CHICKEN RAMEN BIG BOWL STEW 120 G,Fideos y Pastas,1,1
SE-SFP606-11853,SAMYANG HOT CHICKEN RAMEN BIG BOWL MULTI-BLACK BEAN 105 G,Fideos y Pastas,1,1
SE-SFP606-12120,NISSIN CUP NOODLE ORIGINAL 68G,Fideos y Pastas,43,40
SE-SFP606-12446,MARUCHAN SEIMEN CUP YAKISOBA 126 G,Fideos y Pastas,76,72
SE-SFP606-12565,SANYO SAPPORO ICHIBAN CUP MISO 75 G,Fideos y Pastas,20,19
SE-SFP606-12566,SANYO SAPPORO ICHIBAN CUP SHOYU 71 G,Fideos y Pastas,45,36
SE-SFP606-12644,TABETE SOPA RAMEN YUZU SHIO 102 G,Fideos y Pastas,15,15
SE-SFP606-12645,TABETE SOPA RAMEN AGODASHI SHOYU 108 G,Fideos y Pastas,12,12
SE-SFP606-12646,TABETE SOPA RAMEN TONKOTSU 100 G,Fideos y Pastas,16,16
SE-SFP606-12648,TABETE SOPA RAMEN WATARIGANI SHIO 104 G,Fideos y Pastas,20,14
SE-SFP606-12649,TABETE SOPA RAMEN POLLO PAITAN 107 G,Fideos y Pastas,13,13
SE-SFP606-12650,TABETE SOPA RAMEN CAMARÓN MISO 104 G,Fideos y Pastas,6,6
SE-SFP606-12814,MARUCHAN QTTA SEAFOOD RAMEN 77 G,Fideos y Pastas,4,4
SE-SFP606-13014,MARUCHAN SEIMEN CUP MISO 133 G,Fideos y Pastas,13,7
SE-SFP606-13276,MIYAKOICHI UDON SABOR ORIENTAL 200 G,Fideos y Pastas,276,248
SE-SFP606-13502,MIYAKOICHI SPICY RAMEN 1 P 103 G,Fideos y Pastas,39,37
SE-SFP606-13503,MIYAKOICHI MISO RAMEN 1 P 136 G,Fideos y Pastas,47,40
SE-SFP606-13504,MIYAKOICHI TONKOTSU STYLE RAMEN 1 P 136 G,Fideos y Pastas,45,44
SE-SFP606-13524,SAMYANG HOT CHICKEN RAMEN BOWL KIMCHI 86 G,Fideos y Pastas,162,147
SE-SFP606-13528,IGARASHI SEIMEN PLANT BASED SAPPORO MISO RAMEN 108 G,Fideos y Pastas,59,57
SE-SFP606-13529,IGARASHI SEIMEN PLANT BASED TOKYO SHOYU RAMEN 95 G,Fideos y Pastas,50,48
SE-SFP606-13530,IGARASHI SEIMEN PLANT BASED HAKATA TONKOTSU FU RAMEN 110 G,Fideos y Pastas,46,41
SE-SFP606-13531,IGARASHI SEIMEN PLANT BASED OKINAWA WAFU DASHI RAMEN 109 G,Fideos y Pastas,68,65
SE-SFP606-13643,SAMYANG MEP FIDEO INSTANTANEO SABOR CARNE 120 G,Fideos y Pastas,556,488
SE-SFP606-13644,SAMYANG MEP FIDEO INSTANTANEO SABOR AJO Y ALMEJA 120 G,Fideos y Pastas,450,398
SE-SFP606-13645,"SAMYANG MEP FIDEO INSTANTANEO SABOR PIMIENTO Y POLLO CON CILANTRO 120 G""",Fideos y Pastas,496,438
SE-SFP606-13646,SAMYANG MEP FIDEO INSTANTANEO SABOR CARNE BOWL 110 G,Fideos y Pastas,407,358
SE-SFP606-13647,SAMYANG MEP FIDEO INSTANTANEO SABOR AJO Y ALMEJA BOWL 110 G,Fideos y Pastas,384,335
SE-SFP606-13648,SAMYANG MEP FIDEO INSTANTANEO SABOR PIMIENTO Y POLLO CON CILANTRO BOWL 110 G,Fideos y Pastas,419,362
SE-SFP606-13667,ABECHO SHOUTEN SOPA DE HUKAHIRE CANTONÉS 200 G,Fideos y Pastas,32,31
SE-SFP606-13669,ABECHO SHOUTEN SOPA DE HUKAHIRE SICHUANÉS 200 G,Fideos y Pastas,37,30
SE-SFP606-13828,MARUCHAN ZUBAAAN POLLO CON TOQUE DE ACEITE DE POLLO 120 G,Fideos y Pastas,145,119
SE-SFP606-13841,MARUCHAN QTTA SHOYU RAMEN 74 G,Fideos y Pastas,93,88
SE-SFP606-13842,MARUCHAN SEIMEN CUP MISO 131 G,Fideos y Pastas,94,89
SE-SFP606-13843,MARUCHAN SEIMEN CUP SALSA DE SOYA 120 G,Fideos y Pastas,75,71
SE-SFP606-13863,MARUCHAN GEKIMEN WANTAN MEN 92 G,Fideos y Pastas,49,47
SE-SFP606-13946,SAMYANG TANGLE FIDEO INSTANTANEO CHUNKY TOMATO 105G,Fideos y Pastas,452,412
SE-SFP606-13947,SAMYANG TANGLE FIDEO INSTANTANEO BIG BOWL CHUNKY TOMATO 105G,Fideos y Pastas,156,148
SE-SFP606-13948,SAMYANG TANGLE FIDEO INSTANTANEO GARLIC OIL 105G,Fideos y Pastas,461,431
SE-SFP606-13949,SAMYANG TANGLE FIDEO INSTANTANEO BIG BOWL GARLIC OIL 100G,Fideos y Pastas,191,176
SE-SFP606-13950,SAMYANG TANGLE FIDEO INSTANTANEO BULGOGI ALFREDO 105G,Fideos y Pastas,504,451
SE-SFP606-13951,SAMYANG TANGLE FIDEO INSTANTANEO BIG BOWL BULGOGI ALFREDO 105G,Fideos y Pastas,209,197
SE-SFP606-13952,SAMYANG TANGLE FIDEO INSTANTANEO CREAMY MUSHROOM 105G,Fideos y Pastas,546,488
SE-SFP606-13953,SAMYANG TANGLE FIDEO INSTANTANEO BIG BOWL CREAMY MUSHROOM 105G,Fideos y Pastas,235,216
SE-SFP606-13986,IGARASHI SEIMEN OTARU RAMEN 112 G,Fideos y Pastas,38,31
SE-SFP606-13987,IGARASHI SEIMEN SAPPORO RAMEN 117 G,Fideos y Pastas,49,42
SE-SFP606-13988,IGARASHI SEIMEN TOKYO RAMEN 113G,Fideos y Pastas,48,37
SE-SFP606-13989,IGARASHI SEIMEN HAKATA RAMEN 112G,Fideos y Pastas,43,32
SE-SFP606-13990,IGARASHISEIMEN KITAKATA RAMEN SALSA DE SOYA 121.5 G,Fideos y Pastas,52,37
SE-SFP606-14051,MARUCHAN QTTA MILKY SEAFOOD RAMEN 77 G,Fideos y Pastas,94,88
SE-SFP606-14052,TAPATIO RAMEN BIRRIA BIG BOWL 110G,Fideos y Pastas,345,302
SE-SFP606-14053,TAPATIO RAMEN CHILI LIME SHRIMP BIG BOWL 110G,Fideos y Pastas,285,253
SE-SFP606-14054,TAPATIO RAMEN CARNE ASADA CON LIMON BIG BOWL 110G,Fideos y Pastas,319,272
SE-SFP606-14055,TAPATIO RAMEN ORIGINAL 120G,Fideos y Pastas,368,336
SE-SFP606-14056,TAPATIO RAMEN CARNE ASADA CON LIMON 120G,Fideos y Pastas,498,448
SE-SFP606-14057,TAPATIO RAMEN BIRRIA 120G,Fideos y Pastas,564,503
SE-SFP606-14220,PALDO RABOKKI BOLSA 135 G,Fideos y Pastas,16,16
SE-SFP606-14305,SAMYANG HOT CHICKEN TACO 135 G,Fideos y Pastas,817,761
SE-SFP606-14338,OKINAWA SOPA PREPARADA DE ALGAS 35 G,Otros,1,1
SE-SFP606-14423,OTAFUKU YAKISOBA ORIGINAL KIT DE 2 PORCIONES 150 G,Fideos y Pastas,9,9
SE-SFP606-14720,PAQUETE RAMEN INTERNACIONAL,Fideos y Pastas,1,1
SE-SFP606-9576,NISSIN CUP NOODLE CURRY 80 G,Fideos y Pastas,30,28
SE-SFP606-9577,NISSIN CUP NOODLE SEAFOOD 76 G,Fideos y Pastas,56,47
SE-SFP649-11848,MARUCHAN TORIGARA SHOYU 97 G / 103 G,Fideos y Pastas,71,65
SE-SFP649-5375,EBARA E-BASIC SOPA PARA RAMEN SABOR SAL 1.8 L,Fideos y Pastas,5,5
SE-SYE550-0939,MAEPLOY CURRY PASTA VERDE 1 KG,Abarrotes,108,96
SE-SYE550-0944,MAESRI CURRY PASTA VERDE 114 GRS.,Abarrotes,22,22
SE-SYE550-10416,MAEPLOY CURRY PASTA ROJA 50 G,Abarrotes,59,57
SE-SYE550-10417,MAEPLOY CURRY PASTA VERDE 50 G,Abarrotes,58,55
SE-SYE550-10418,MAEPLOY CURRY PASTA AMARILLA 50 G,Abarrotes,71,67
SE-SYE550-10420,MAEPLOY CURRY PASTA MASSAMAM 50 G,Abarrotes,46,45
SE-SYE550-10422,MAEPLOY CURRY PASTA MASSAMAN 1 KG,Abarrotes,17,14
SE-SYE550-14332,HOUSE KOKUMARO CURRY MEDIO PICANTE 145 G,Bebidas,19,19
SE-SYE550-14333,HOUSE KOKUMARO CURRY PICANTE 145 G,Bebidas,17,16
SE-SYE551-11267,MARUKOME MISO & EASY ORIGINAL 430 G,Abarrotes,66,63
SE-SYE552-1788,TAHINI CREMA DE AJONJOLI 19 L,Abarrotes,32,26
SE-SYE554-1124,GP ADEREZO SRIRACHA MAYO PZA,Abarrotes,1,1
SE-SYE554-11689,CULINAIRE ADEREZO RANCH 3.78 L,Abarrotes,39,35
SE-SYE554-14326,SSK ADEREZO DE AJONJOLÍ 150 ML,Abarrotes,4,4
SE-SYE554-14327,SSK ADEREZO DE TOCINO Y PIMIENTA NEGRA 160 ML,Abarrotes,2,2
SE-SYE554-14328,SSK ADEREZO DE CEBOLLÍN Y AJONJOLÍ 160 ML,Otros,1,1
SE-SYE554-14329,SSK ADEREZO CÉSAR LIBRE DE HUEVO Y LÁCTEOS 300 ML,Abarrotes,4,4
SE-SYE554-14334,OKINAWA ADEREZO DE SHIKUWASA 300 ML,Otros,3,3
SE-SYE554-4828,GP ADEREZO ROCA PZA,Abarrotes,1,1
SE-SYE554-9764,ZAFRAN ADEREZO RANCH 3.4 KG,Abarrotes,2,2
SE-SYE555-10405,KING HINODE SHOUKOU RYORI SAKE 300ML,Abarrotes,20,19
SE-SYE555-13619,SM BASE PARA SOPA HOTPOT,Abarrotes,3,3
SE-SYE555-13620,WANG SHOU YI CONDIMENTO DE 13 ESPECIES 45G,Abarrotes,7,7
SE-SYE555-13621,QIAO TOU CONDIMENTO DE PESCADO PICANTE 160G,Abarrotes,7,7
SE-SYE555-13622,SM MOSTAZA ENCURTIDA 80G,Abarrotes,4,4
SE-SYE555-13625,SM PIMIENTA ROJA 100G,Abarrotes,10,10
SE-SYE555-5249,YOUKI TENMENJAN 1 KG,Abarrotes,26,25
SE-SYE555-8343,MAPLEWOOD SHAOXING VINO PARA COCINAR 3 L,Abarrotes,12,11
SE-SYE555-8513,KOON CHUN BLACK VINEGAR 500 ML,Abarrotes,58,53
SE-SYE556-13297,ASSI RED PEPPER POWDER-COARSE ASSI 3LB,Abarrotes,5,5
SE-SYE558-0589,AJINOMOTO CALDO DE POLLO PREMIUM 14 KG,Abarrotes,6,6
SE-SYE558-0659,JFC FURIKAKE GOMA SHIO 80 G,Abarrotes,19,19
SE-SYE558-0846,KOSHO RED YUZU 80 GRS.,Abarrotes,11,11
SE-SYE558-1010,TOYO CONCENTRADO PARA RAMEN VEGANO (SPICY MISO) 454 ML,Abarrotes,2,2
SE-SYE558-10390,HOUSE DAIKON OROSHI 40G,Abarrotes,16,16
SE-SYE558-10441,MARUTOMO AGODASHI TSUYU 500 ML,Abarrotes,15,14
SE-SYE558-10450,SOMI BASE PARA SOPA DE MISO RAMEN 1 KG,Abarrotes,22,20
SE-SYE558-10604,OMORIYA KARIKARI UME AKA SHISO 40G,Abarrotes,21,20
SE-SYE558-10605,OMORIYA RYOKUOU YASAI FURIKAKE 23G,Abarrotes,23,21
SE-SYE558-10606,OMORIYA KANEFUKU MENTAI CHADUKE 37.2G,Abarrotes,35,34
SE-SYE558-10607,OMORIYA AOSA FURIKAKE 30G,Abarrotes,44,42
SE-SYE558-10608,OMORIYA KOZAKANA FURIKAKE 45G,Abarrotes,43,42
SE-SYE558-11114,TOYO FURIKAKE SAKE GOMA 500 G,Abarrotes,127,121
SE-SYE558-11208,SB SANSHO PIMIENTA 8 G,Abarrotes,107,99
SE-SYE558-11242,MARUMIYA MAZEKOMI WAKAME SALMÓN 29 G,Abarrotes,89,80
SE-SYE558-11260,SHIMAYA MUTENKA KATSUO DASHI 500G,Abarrotes,13,11
SE-SYE558-11381,MARUMIYA SHOKUHIN KK MAZEKOMI WAKAME TAKANA 29G,Abarrotes,77,71
SE-SYE558-11637,ATARI GOMA PASTA DE AJONJOLÍ BLANCO 300 G,Abarrotes,26,24
SE-SYE558-11638,ATARI GOMA PASTA DE AJONJOLÍ NEGRO 300 G,Abarrotes,10,8
SE-SYE558-11776,KOSE FOODS SHIO KOJI POWDER 96 G,Abarrotes,11,11
SE-SYE558-11782,HORAIYA SHOYU KOJI 340 ML,Abarrotes,12,12
SE-SYE558-12101,YAMAJIRUSHI SAZONADOR DE YUZU 946 ML,Abarrotes,5,5
SE-SYE558-12141,HAMAOTOME SALSA PREPARADA PARA HACER CHAWANMUSHI 8.4 G,Abarrotes,13,13
SE-SYE558-12163,AMARI SANSHO PIMIENTA 15 G,Abarrotes,36,34
SE-SYE558-12196,MARUMIYA AJIDORAKU FURIKAKE 25 G,Abarrotes,64,59
SE-SYE558-12562,MARUMIYA FURIKAKE TARAKO 25 G,Abarrotes,55,53
SE-SYE558-12563,MARUMIYA NORITAMA FURIKAKE 25 G,Abarrotes,69,64
SE-SYE558-12564,MARUMIYA TANTANMEN NO MOTO SIN SOPA 270 G,Abarrotes,27,25
SE-SYE558-12574,SM BASE DE SOPA YOKOHAMA IEKEI 1 KG,Abarrotes,4,4
SE-SYE558-12577,SM RAMEN TARE SHOYU 18 L,Fideos y Pastas,1,1
SE-SYE558-12578,SM RAMEN TARE TONKOSU 1 KG,Abarrotes,1,1
SE-SYE558-12579,SM RAMEN TARE MISO PICANTE 1 KG,Abarrotes,2,2
SE-SYE558-12580,SM RAMEN TARE MARISCOS 1 KG,Abarrotes,3,3
SE-SYE558-12581,SM BASE DE SOPA TONKOTSU VEGANO PERSONALIZADO TENTOTEN 45 G X 50 PZAS,Abarrotes,2,1
SE-SYE558-12653,ODAWARAYA TABERU OLIVE OIL 110 G,Abarrotes,25,21
SE-SYE558-12654,ODAWARAYA TABERU RAYU EXTRA PICANTE 110 G,Abarrotes,36,32
SE-SYE558-12656,ODAWARAYA KIMUCHI NO MOTO 310 G,Abarrotes,20,19
SE-SYE558-12798,SM RAMEN TARE SHOYU 1 L,Abarrotes,4,4
SE-SYE558-13045,SM BASE DE SOPA TONKOTSU 35 G X 80 PZAS,Otros,1,1
SE-SYE558-13187,DAISHO SAL Y PIMIENTA RECARGABLES 135 G,Abarrotes,21,20
SE-SYE558-13189,KOSE FOODS NUKAZUKENOMOTO KIWAMI 800 G,Abarrotes,18,15
SE-SYE558-13251,NAGATANIEN CHAHAN NO MOTO KANI 20.4 G,Abarrotes,35,34
SE-SYE558-13252,NAGATANIEN OTONA NO FURIKAKE HONKATSUO 12.5 G,Abarrotes,36,34
SE-SYE558-13398,S&B UMAMI OKAZU RAYU 400 G,Abarrotes,50,41
SE-SYE558-13532,MARUMIYA TAKENOKO GOMOKUMESHI NO MOTO 190 G,Abarrotes,36,32
SE-SYE558-13533,MARUMIYA MATSUTAKE KAMAMESHI NO MOTO 140 G,Abarrotes,31,28
SE-SYE558-13534,MARUMIYA KINOKO KAMAMESHI NO MOTO 137 G,Abarrotes,40,37
SE-SYE558-13535,MARUMIYA MAITAKE SANSAI KAMAMESHI NO MOTO 185 G,Abarrotes,43,41
SE-SYE558-13703,KAWAGUCHI DRY NATTO HIKIWARI 65 G,Abarrotes,10,10
SE-SYE558-13704,KAWAGUCHI FUNMATSU NATTO 75 G,Abarrotes,18,18
SE-SYE558-13705,KAWAGUCHI NATTO FURIKAKE 35 G,Abarrotes,31,28
SE-SYE558-13706,KAWAGUCHI NATTO FURIKAKE UME 35 G,Abarrotes,35,32
SE-SYE558-14046,DAISHO SALSA GOYA CHANPURU 60 G,Abarrotes,13,13
SE-SYE558-14047,DAISHO SALSA CARROT SHIRI 46 G,Abarrotes,15,14
SE-SYE558-14048,DAISHO YUZU SHIO 80 G,Abarrotes,13,13
SE-SYE558-14184,NAGATANIEN OTONA NO FURIKAKE BENISHAKE 8.4 G,Abarrotes,26,24
SE-SYE558-14185,NAGATANIEN OTONA NO FURIKAKE HONKATSUO 9.2 G,Abarrotes,31,29
SE-SYE558-14186,NAGATANIEN OTONA NO FURIKAKE WASABI 8.4 G,Abarrotes,21,21
SE-SYE558-14323,YASUMARU DASHI ROJO ESTANDAR JAPONÉS 88 G (8.8 G X 10 PZAS),Abarrotes,7,7
SE-SYE558-14324,YASUMARU DASHI VERDE TOSTADO 80 G (8 G X 10 PZAS),Abarrotes,4,4
SE-SYE558-14325,YASUMARU DASHI AZUL MARISCOS 80 G (8 G X 10 PZAS),Abarrotes,5,5
SE-SYE558-14340,OKINAWA MEZCLA DE INGREDIENTES PARA ARROZ COCINADO 180 G,Arroces,5,5
SE-SYE558-14341,OKINAWA MEZCLA DE INGREDIENTES PARA ARROZ COCINADO 60 G,Arroces,3,3
SE-SYE558-1991,URASHIMA BULK SAKE TARAKO FURIKAKE 1LB,Abarrotes,144,136
SE-SYE558-2012,KINJIRUSHI WANER WASABI 1KG,Abarrotes,237,224
SE-SYE558-2061,YAMAJIRUSHI YUZU IT 5 FL OZ,Abarrotes,1,1
SE-SYE558-2198,KOSHO BLUE YUZU 80 GRS.,Abarrotes,81,78
SE-SYE558-3340,SUN NOODLE BASE SOPA TONKOTSU 1.81 KG,Abarrotes,1,1
SE-SYE558-3351,SUN NOODLE BASE SOPA MISO 2 KG,Abarrotes,1,1
SE-SYE558-3440,KINJIRUSHI WASABITS WASABI EN POLVO 1 KG,Abarrotes,14,14
SE-SYE558-3446,AJINOMOTO AJI-SAZÓN ECONOMICO 2.7 KG,Abarrotes,11,11
SE-SYE558-3520,AJINOMOTO AJI-SAZÓN ECONOMICO 10 KG,Abarrotes,19,17
SE-SYE558-4201,MARUKOME SHIO KOJI 2.3 KG,Otros,1,1
SE-SYE558-5373,SHIMAYA MUTENKA DASHI KONBU 7 PZAS 42 G,Abarrotes,12,12
SE-SYE558-5374,SHIMAYA MUTENKA DASHI YAKI AGO 7 PZAS 42 G,Abarrotes,10,10
SE-SYE558-6802,TAKAOKAYA POKE SPICY ROLL FURIKAKE CHILI 33008 453 G,Abarrotes,3,3
SE-SYE558-7662,MOMOYA KIMUCHI NO MOTO 1.2 KG,Abarrotes,77,70
SE-SYE558-7676,NISSIN FOODS NISSIN KARAAGEKO KARAAGEOU 400 G,Abarrotes,6,6
SE-SYE558-9895,DAISHO TATAKI KYURI NO TARE 150 G,Abarrotes,10,9
SE-SYE558-9956,AMARI SHICHIMI TOGARASHI 300 G,Abarrotes,244,230
SE-SYE559-10640,SHOWA ONIKU WO YAWARAKAKU SURU KARAAGEKO 100 G,Abarrotes,14,14
SE-SYE559-11243,MARUMIYA MAZEKOMI WAKAME SHIRASU 29 G,Abarrotes,86,80
SE-SYE560-10423,MAEPLOY PASTA PARA SOPA TOM YUM 50 G,Abarrotes,47,43
SE-SYE560-10424,MAEPLOY PASTA PARA SOPA TOM YUM 400 G,Abarrotes,51,49
SE-SYE560-10425,MAEPLOY PASTA PARA SOPA TOM YUM 1 KG,Abarrotes,26,25
SE-SYE560-11898,MISHIMA ACEITE DE AJONJOLI Y AJO 55 G,Abarrotes,21,19
SE-SYE560-11900,MISHIMA ACEITE DE AJO Y JENGIBRE 110 G,Abarrotes,24,24
SE-SYE560-1317,PANTAI SHRIMP PASTE 13OZ,Abarrotes,3,3
SE-SYE560-6001,AROY-D AZUCAR DE PALMA 8PZAS 454 G,Abarrotes,64,57
SE-SYE560-7754,DOUBLE HORSE INSTANT TOM YUM SOUP PASTE 500 G,Abarrotes,104,95
SE-SYE599-0014,AJINOMOTO AJI-SAZÓN BOLSA 2.7KG,Abarrotes,5,5
SE-SYE599-10384,YOKOI VINAGRE SHUGYOKU 20 L,Abarrotes,8,8
SE-SYE599-1106,GP VINAGRE DE ARROZ PZA,Abarrotes,1,1
SE-SYE599-11116,TOYO GLUTAMATO MONOSÓDICO 1KG,Abarrotes,55,52
SE-SYE599-11369,YAMASA SALSA POKE 454 ML,Abarrotes,1,1
SE-SYE599-11410,DACHENG VEGAN FLOSS 600 G,Otros,1,1
SE-SYE599-11469,AMAZONAS AJI AMARILLO PASTA 227 G,Abarrotes,48,46
SE-SYE599-11471,AMAZONAS AJI ROCOTO PASTA 227 G,Abarrotes,31,30
SE-SYE599-11879,SUN NOODLE KANSUI GREEN 12 KG,Abarrotes,2,2
SE-SYE599-12119,HAMAOTOME CEBOLLIN SECO 5.5 G,Abarrotes,79,73
SE-SYE599-13046,KEWPIE MAYONESA 450 G,Abarrotes,597,526
SE-SYE599-13295,MIZKAN KAMOSHIBI 1.8 L,Abarrotes,7,7
SE-SYE599-13296,MISKAN MSH-44 SHIRAGIKU 20 L,Abarrotes,5,5
SE-SYE599-13626,SM AZUCAR 200G,Abarrotes,7,7
SE-SYE599-14288,MIZKAN VINAGRE NATURAL 15 LTRS,Abarrotes,448,413
SE-SYE599-14289,MIZKAN VINAGRE NATURAL SHIRAGIKU 15 L,Abarrotes,33,33
SE-SYE599-14290,MIZKAN SU AWASE KD39 15 L (ETIQ. AMAR.),Abarrotes,39,38
SE-SYE599-14291,MIZKAN SU AWASE MD-43 15 L. (ETIQ. ROJA),Abarrotes,77,72
SE-SYE599-14313,DAISHO SALSA PARA KAKUNI 125 G,Salsas,1,1
SE-SYE599-14690,AJINOMOTO SAZONADOR EN POLVO PARA SOPA SABOR TONKOTSU 450 g,Otros,1,1
SE-SYE599-2942,AJINOMOTO SALSA OSCURA DEMIGLACE 4KG,Abarrotes,14,14
SE-SYE599-8632,AJINOMOTO CALDO DE RES 1KG,Abarrotes,12,12
SE-SYE599-9725,WILSEY MAYONESA PORCIONADA (100/ 15G) PZA,Abarrotes,11,8
SE-SYE599-9952,WILSEY MAYONESA C/CHIPOTLE PORCIONADA (100/ 15G) PZA,Abarrotes,13,10
SE-TE150-13277,UCC CAFE DRIP BAG SPECIAL 126 G,Otros,8,8
SE-TE150-13278,UCC CAFE DRIP BAG RICH 126 G,Otros,8,8
SE-TE150-14187,UCC CAFE DRIP BAG RICH 112 G,Otros,5,5
SE-TE150-14188,UCC CAFE DRIP BAG SPECIAL 112 G,Otros,7,7
SE-TE160-11926,DUO YUE SCENTED DURAZNO OOLONG 45G,Otros,18,16
SE-TE645-14100,TAKAOKAYA MATCHA MATSU 1KG,Otros,6,6
SE-TE645-14101,TAKAOKAYA TOKUSEN ARACHA TE VERDE 200G,Bebidas,2,2
SE-TE650-0003,ABC TE DE JAZMIN 2.27 KG,Bebidas,6,6
SE-TE650-12108,ODANI TÉ DE JASMÍN 16 P 57.6 G,Bebidas,42,41
SE-TE650-14091,JACK POT TE DE JAZMIN 22.68 KG,Bebidas,1,1
SE-TE651-12405,YAMASHIRO UJIMATCHA LATTE 120 G,Bebidas,1,1
SE-TE651-12409,YAMASHIRO UJI MATCHA 1 KG,Otros,3,3
SE-TE651-12410,YAMASHIRO UJIMATCHA LATTE 1 KG,Bebidas,35,33
SE-TE651-14090,YAMASHIRO UJIMATCHA LATTE 100 G,Bebidas,65,61
SE-TE651-14109,YAMASHIRO MATCHA KAN 20 G,Otros,27,26
SE-TE651-14368,TAKAOKAYA ORGANIC MATCHA GOLD 30G,Otros,1,1
SE-TE651-2830,SUGIMOTO MATCHA CULINARY PREMIUM (MP227) 227 G,Otros,43,41
SE-TE652-0110,CHA-BON-BON BLACK TEA FILTER 20 PZAS.,Otros,5,5
SE-TE652-6195,ABC TE NEGRO 2.27 KG,Bebidas,21,20
SE-TE652-8465,JACK POT TE NEGRO 2.268 KG,Bebidas,210,190
SE-TE653-0004,ABC TE DE OOLONG 2.27 KG,Bebidas,15,15
SE-TE653-0202,DEER TE DE OOLONG 2.27 KG,Bebidas,6,6
SE-TE653-11250,ODANI KURO OOLONG CHA 150 G,Otros,50,49
SE-TE653-12559,KUNITARO TÉ DE OOLON NEGRO 40 P 200 G,Bebidas,45,42
SE-TE654-11082,MATCHA KAORI JAPANESE MATCHA CON CHASHAKU 35 G,Otros,4,4
SE-TE654-11137,CATHAY KITCHEN TE VERDE 2.27 KG,Bebidas,4,4
SE-TE654-11649,UJINOTSUYU SENCHA MIDORI 100 G,Otros,29,29
SE-TE654-11650,UJINOTSUYU IEMON SENCHA 100 G,Otros,37,35
SE-TE654-11651,UJINOTSUYU IEMON GENMAICHA 100 G,Otros,24,24
SE-TE654-11652,UJINOTSUYU IEMON HOUJICHA 100 G,Otros,30,27
SE-TE654-11653,UJINOTSUYU IEMON GREEN TEA 120 G,Otros,29,28
SE-TE654-11654,UJINOTSUYU HOUJICHA #200 1 KG,Otros,1,1
SE-TE654-12106,ODANI TÉ VERDE CON MATCHA 52 P 260 G,Bebidas,49,45
SE-TE654-12109,ODANI TÉ VERDE DULCE CON MATCHA 100 G,Dulces y Botanas,35,33
SE-TE654-12397,YAMASHIRO TÉ VERDE FUKAMUSHI CHA 100 G,Bebidas,22,22
SE-TE654-12398,YAMASHIRO TÉ VERDE UJINO RYOKUCHA 100 G,Bebidas,13,13
SE-TE654-12401,YAMASHIRO TÉ VERDE KAKEGAWA RYOKUCHA 100 G,Bebidas,20,20
SE-TE654-12402,YAMASHIRO TÉ VERDE KAKEGAWA FUKAMUSHICHA 150 G,Bebidas,21,20
SE-TE654-12403,YAMASHIRO TÉ VERDE YAMENO RYOKUCHA 100 G,Bebidas,18,18
SE-TE654-12406,YAMASHIRO HOJICHA LATTE 120G,Bebidas,46,45
SE-TE654-12408,YAMASHIRO SURTIDO DE TÉ VERDE 60 G X 3 P,Bebidas,10,10
SE-TE654-12411,YAMASHIRO HOJICHA LATTE 1 KG,Bebidas,8,6
SE-TE654-12412,YAMASHIRO TÉ VERDE SENCHA 1 KG,Bebidas,21,21
SE-TE654-12699,YAMASHIRO TÉ VERDE EN SOBRE YASURAGI 250 G,Bebidas,15,15
SE-TE654-12700,YAMASHIRO TÉ VERDE KAKEGAWA ICHIBANCHA 80 G,Bebidas,16,16
SE-TE654-13113,YAMASHIRO TE VERDE HOJICHA UJICHA 100G,Bebidas,18,17
SE-TE654-13114,YAMASHIRO TE VERDE OKUYAME ICHIBANCHA 80 G,Bebidas,14,13
SE-TE654-13115,YAMASHIRO TE VERDE ASAMIYACHA 100 G,Bebidas,24,22
SE-TE654-13116,YAMASHIRO TE VERDE GENMAI EN POLVO CON MATCHA 70 G,Bebidas,4,4
SE-TE654-13117,YAMASHIRO TE VERDE CON MATCH EN SOBRE 50 G,Bebidas,23,21
SE-TE654-13118,YAMASHIRO TE VERDE HOJICHA EN SOBRE 62.5 G,Bebidas,2,2
SE-TE654-13120,YAMASHIRO TE VERDE CON GYOKURO EN SOBRE 120 G,Bebidas,9,9
SE-TE654-13121,YAMASHIRO TE VERDE EN POLVO GENMAI FUMI 1 KG,Bebidas,2,2
SE-TE654-13145,YAMASHIRO YUZU MATCHA 60 G,Otros,39,38
SE-TE654-13274,YAMASHIRO TE VERDE HOJICHA EN SOBRE 100 P 1 KG,Bebidas,4,4
SE-TE654-13526,ODANI TE VERDE CON MATCHA 100 BAG 200 G,Bebidas,48,46
SE-TE654-13527,ODANI TE VERDE HOJICHA 100 BAG 200 G,Bebidas,13,13
SE-TE654-14182,YAMASHIRO HOJICHA LATTE 100 G,Bebidas,23,23
SE-TE654-14314,YAMASHIRO TÉ VERDE MATCHA NO. 50 1 KG,Bebidas,2,2
SE-TE654-14369,TAKAOKAYA GREEN BREEZE HOJICHA 300G,Otros,5,5
SE-TE654-1797,TAKA GREEN BREEZE 300 GRS.,Otros,6,6
SE-TE654-2052,YAMA MOTO YAMA SENCHA-UME 1KG,Otros,5,5
SE-TE654-6745,UJINOTSUYU SENCHA #160 1 KG,Otros,8,8
SE-TE654-9360,YAMAMOTO YAMA GENMAI CHA LOOSE GREEN TEA 150 G,Otros,4,4
SE-TE699-11244,ODANI ECO PACK MUGICHA 120 G,Otros,48,46
SE-TE699-11245,ODANI KODOMO GOKUGOKU MUGICHA 84 G,Otros,2,2
SE-TE699-11246,ODANI TWIN PACK MUGICHA 160 G,Otros,65,63
SE-TE699-11247,ODANI ROOIBOS TEA ECO PACK 36 G,Otros,33,33
SE-TE699-11251,ODANI MUGICHA 416 G,Otros,75,70
SE-TE699-12111,ODANI TÉ DE CÚRCUMA 16 P 64 G,Bebidas,4,4
SE-TE699-13146,YAMASHIRO TE DE SOYA 100 G,Salsas,15,15
SE-TE699-14110,ODANI TÉ DE MELÓN AMARGO 144 G,Bebidas,3,3
SE-TQO702-13896,MORI-NU TOFU ASIAN DESSERT 315G,Tofu,90,85
SE-TQO702-13897,MORI-NU TOFU SUPER SOFT 307G,Tofu,53,51
SE-TQO702-14347,OKINAWA TOFU AHUMADO 80 G,Tofu,4,4
SE-TYE750-7232,TWIN RABBIT HOJA DE PAPEL DE ARROZ INTEGRAL 283 G,Masas y Pieles,1,1
SE-TYE754-13602,AJINOMOTO MAMENORI SAN HOJAS DE SOYA COLOR GOMA 65 G,Masas y Pieles,17,16
SE-TYE754-13603,AJINOMOTO MAMENORI SAN HOJAS DE SOYA COLOR AMARILLO 52 G,Masas y Pieles,17,15
SE-TYE754-13604,AJINOMOTO MAMENORI SAN HOJAS DE SOYA COLOR VERDE 52 G,Masas y Pieles,16,16
SE-TYE754-13605,AJINOMOTO MAMENORI SAN HOJAS DE SOYA COLOR ROSA 52 G,Masas y Pieles,20,18
SE-TYE754-6866,TAKAOKAYA CREPA DE SOYA DE AJONJOLI 20 HJS 78 G,Masas y Pieles,22,21
SE-UTE899-13717,SAFETY APP GUANTE DE VINIL MEDIANO (50 PARES),Utensilios,20,19
SE-UTE899-13718,SAFETY APP GUANTE DE VINIL GRANDE (50 PARES),Utensilios,16,15
SE-UTE899-2369,SAFETY ZONE GUANTE DE VINIL GRANDE (50 PARES) PZA,Utensilios,20,19
SE-UTE899-2370,SAFETY ZONE GUANTE DE VINIL MEDIANO (50 PARES) PZA,Utensilios,22,21
VT-ANT102-0147,ANTICIPO DEL BIEN O SERVICIO,Otros,6,6
VT-DSO0131-0131,DESCUENTO POR VENTA,Otros,1,1
VT-HON130-0130,CARGOS ADMINISTRATIVOS,Otros,2,2
VT-MKT094-0152,CARGOS POR EVENTO PROMOCION DE PESCADO,Pescados y Mariscos,1,1
VT-SCL0134-0134,SERVICIO DE CANASTA,Otros,9,1
